url,title,address,rent,management_fee,deposit,key_money,floor,floor_plan,area,building_age,building_size,nearest_station,distance_to_nearest_station,avg_distance_to_stations,avg_rent_by_station,avg_rent_by_floor_plan,count_listings_per_station,count_listings_per_floor_plan,anomaly_label,anomaly_score
https://suumo.jp/chintai/jnc_000106979351/?bc=100507043781,若木グランドコーポ,東京都板橋区若木２,51000.0,2000.0,,,1,1DK,27.97,48,2,上板橋駅,15,17.33,51000.00,130743.78,1,402,1,0.01831496792347409
https://suumo.jp/chintai/jnc_000106429192/?bc=100499582012,西武新宿線 上石神井駅 2階建 築5年,東京都練馬区上石神井１,74000.0,3000.0,,,2,1R,17.21,5,2,上石神井駅,6,13.67,74000.00,82826.39,2,879,1,0.0907294932953912
https://suumo.jp/chintai/jnc_000106274604/?bc=100499564384,ＶＩＬＬＥＳＴ 上石神井,東京都練馬区上石神井１,74000.0,3000.0,,,2,1R,17.21,5,2,上石神井駅,6,13.67,74000.00,82826.39,2,879,1,0.0907294932953912
https://suumo.jp/chintai/jnc_000106783621/?bc=100496424548,西武新宿線 下落合駅 3階建 築18年,東京都新宿区下落合１,123000.0,5500.0,,123000.0,3,1K,19.87,18,3,下落合駅,7,10.33,147844.38,98445.68,507,1447,1,0.15032532178935826
https://suumo.jp/chintai/jnc_000106971778/?bc=100411172241,マンションニューライフ落合,東京都新宿区中落合１,115000.0,,115000.0,115000.0,1,1LDK,42.35,47,4,下落合駅,2,8.33,147844.38,170377.07,507,811,1,0.06905412009654316
https://suumo.jp/chintai/jnc_000082255502/?bc=100506276450,西武新宿線 下落合駅 3階建 築30年,東京都新宿区下落合４,84000.0,4000.0,84000.0,84000.0,2,1K,28.0,30,3,下落合駅,7,12.33,147844.38,98445.68,507,1447,1,0.13806456134513911
https://suumo.jp/chintai/jnc_000105746716/?bc=100503554213,ルフォンプログレ高田馬場ノース,東京都新宿区高田馬場３,305000.0,20000.0,305000.0,,1,2LDK,49.4,0,5,下落合駅,5,9.67,147844.38,243512.76,507,392,1,0.0593267903937057
https://suumo.jp/chintai/jnc_000106978436/?bc=100505332730,西武新宿線 下落合駅 3階建 築31年,東京都新宿区上落合２,67000.0,3000.0,,67000.0,1,1K,16.01,31,3,下落合駅,5,8.33,147844.38,98445.68,507,1447,1,0.10916172506141553
https://suumo.jp/chintai/jnc_000106145864/?bc=100503568216,西武新宿線 下落合駅 7階建 築19年,東京都新宿区中落合１,126000.0,15000.0,,,4,1K,26.86,19,7,下落合駅,5,10.33,147844.38,98445.68,507,1447,1,0.1278512552942968
https://suumo.jp/chintai/jnc_000106910347/?bc=100504982277,西武新宿線 下落合駅 7階建 築19年,東京都新宿区中落合１,123000.0,15000.0,,,4,1K,26.86,19,7,下落合駅,5,10.33,147844.38,98445.68,507,1447,1,0.12969527947003995
https://suumo.jp/chintai/jnc_000106145863/?bc=100503539319,西武新宿線 下落合駅 7階建 築19年,東京都新宿区中落合１,114000.0,15000.0,,,4,1K,25.76,19,7,下落合駅,5,10.33,147844.38,98445.68,507,1447,1,0.13225342577286864
https://suumo.jp/chintai/jnc_000107082259/?bc=100506710304,下落合戸建,東京都新宿区下落合４,270000.0,,540000.0,270000.0,1,2LDK,77.83,8,2,下落合駅,9,13.00,147844.38,243512.76,507,392,1,0.03164901901416323
https://suumo.jp/chintai/jnc_000105746764/?bc=100496424711,東京メトロ東西線 高田馬場駅 5階建 新築,東京都新宿区高田馬場３,341000.0,20000.0,341000.0,,3,2LDK,55.29,0,5,下落合駅,5,8.33,147844.38,243512.76,507,392,1,0.045295375912599134
https://suumo.jp/chintai/jnc_000106971765/?bc=100505399199,西武新宿線 下落合駅 3階建 築31年,東京都新宿区上落合２,70000.0,3000.0,,70000.0,2,1K,19.2,31,3,下落合駅,5,8.33,147844.38,98445.68,507,1447,1,0.12442492679749628
https://suumo.jp/chintai/jnc_000106145868/?bc=100506034483,西武新宿線 下落合駅 3階建 築41年,東京都新宿区中落合２,72000.0,8000.0,72000.0,,3,1K,17.55,41,3,下落合駅,8,11.00,147844.38,98445.68,507,1447,1,0.1286704325416052
https://suumo.jp/chintai/jnc_000106053166/?bc=100498833497,西武新宿線 下落合駅 3階建 築49年,東京都新宿区下落合４,60000.0,1000.0,60000.0,60000.0,1,1K,20.6,49,3,下落合駅,6,11.33,147844.38,98445.68,507,1447,1,0.07574640760049778
https://suumo.jp/chintai/jnc_000093203065/?bc=100505174934,西武新宿線 下落合駅 6階建 築47年,東京都新宿区下落合１,165000.0,5000.0,165000.0,165000.0,5,2LDK,68.0,47,6,下落合駅,4,10.00,147844.38,243512.76,507,392,1,0.03863686535219074
https://suumo.jp/chintai/jnc_000105999450/?bc=100497934170,西武新宿線 下落合駅 7階建 築19年,東京都新宿区中落合１,127000.0,20000.0,,,3,1K,30.47,19,7,下落合駅,5,10.67,147844.38,98445.68,507,1447,1,0.09245167322333764
https://suumo.jp/chintai/jnc_000107169542/?bc=100503539318,西武新宿線 下落合駅 7階建 築19年,東京都新宿区中落合１,124000.0,20000.0,,,3,1K,30.47,19,7,下落合駅,5,10.67,147844.38,98445.68,507,1447,1,0.09187191031527764
https://suumo.jp/chintai/jnc_000107177100/?bc=100506840219,西武新宿線 下落合駅 7階建 築19年,東京都新宿区中落合１,123000.0,15000.0,,,2,1K,26.34,19,7,下落合駅,5,10.33,147844.38,98445.68,507,1447,1,0.12905696665279776
https://suumo.jp/chintai/jnc_000105730280/?bc=100496424541,東京メトロ東西線 高田馬場駅 5階建 新築,東京都新宿区高田馬場３,313000.0,20000.0,313000.0,,3,2LDK,50.35,0,5,下落合駅,5,8.33,147844.38,243512.76,507,392,1,0.0610444774334552
https://suumo.jp/chintai/jnc_000107122986/?bc=100506865456,西武新宿線 下落合駅 7階建 築17年,東京都新宿区上落合１,97000.0,5000.0,,97000.0,5,1K,22.4,17,7,下落合駅,2,6.67,147844.38,98445.68,507,1447,1,0.09466799225445438
https://suumo.jp/chintai/jnc_000107122985/?bc=100506424267,西武新宿線 下落合駅 7階建 築17年,東京都新宿区上落合１,93000.0,5000.0,93000.0,93000.0,1,1K,24.51,17,7,下落合駅,2,6.67,147844.38,98445.68,507,1447,1,0.10830698385426624
https://suumo.jp/chintai/jnc_000107003803/?bc=100505854796,西武新宿線 下落合駅 7階建 築12年,東京都新宿区下落合４,104000.0,10000.0,,104000.0,4,1K,26.18,12,7,下落合駅,5,9.67,147844.38,98445.68,507,1447,1,0.14196951130824792
https://suumo.jp/chintai/jnc_000106112898/?bc=100499181949,西武新宿線 下落合駅 4階建 築15年,東京都新宿区上落合１,107000.0,3500.0,,214000.0,2,1K,27.09,15,4,下落合駅,4,10.00,147844.38,98445.68,507,1447,1,0.13731406404454677
https://suumo.jp/chintai/jnc_000106876602/?bc=100504861238,西武新宿線 下落合駅 4階建 築18年,東京都新宿区中落合１,94000.0,4000.0,94000.0,94000.0,2,1K,20.73,18,4,下落合駅,2,9.33,147844.38,98445.68,507,1447,1,0.1265348013835842
https://suumo.jp/chintai/jnc_000095116353/?bc=100499458552,西武新宿線 下落合駅 6階建 築23年,東京都新宿区下落合４,92000.0,5000.0,92000.0,92000.0,3,1K,24.03,23,6,下落合駅,7,12.00,147844.38,98445.68,507,1447,1,0.14001324232348888
https://suumo.jp/chintai/jnc_000106072705/?bc=100498866822,西武新宿線 下落合駅 4階建 築36年,東京都新宿区下落合１,68000.0,5000.0,68000.0,,3,1K,16.56,36,4,下落合駅,4,9.33,147844.38,98445.68,507,1447,1,0.12413340172306259
https://suumo.jp/chintai/jnc_000105746770/?bc=100505152036,東京メトロ東西線 高田馬場駅 5階建 新築,東京都新宿区高田馬場３,309000.0,20000.0,309000.0,,3,2LDK,49.4,0,5,下落合駅,5,8.33,147844.38,243512.76,507,392,1,0.06130921082373447
https://suumo.jp/chintai/jnc_000105746730/?bc=100503554409,ルフォンプログレ高田馬場ノース,東京都新宿区高田馬場３,247000.0,15000.0,247000.0,,2,1LDK,39.9,0,5,下落合駅,5,9.67,147844.38,170377.07,507,811,1,0.09526324637014111
https://suumo.jp/chintai/jnc_000106696089/?bc=100472204676,西武新宿線 下落合駅 5階建 築22年,東京都新宿区中落合２,154000.0,15000.0,154000.0,,1,1LDK,44.93,22,5,下落合駅,3,11.00,147844.38,170377.07,507,811,1,0.07768205513018656
https://suumo.jp/chintai/jnc_000105746718/?bc=100496082732,ルフォンプログレ高田馬場ノース,東京都新宿区高田馬場３,265000.0,20000.0,265000.0,,2,2LDK,43.65,0,5,下落合駅,5,9.67,147844.38,243512.76,507,392,1,0.07211116991442373
https://suumo.jp/chintai/jnc_000096117887/?bc=100494158762,西武新宿線 下落合駅 5階建 築22年,東京都新宿区中落合２,176000.0,10000.0,176000.0,,2,1LDK,44.93,22,5,下落合駅,3,11.00,147844.38,170377.07,507,811,1,0.09855692892912937
https://suumo.jp/chintai/jnc_000107045034/?bc=100506161689,ルーブル高田馬場弐番館,東京都新宿区下落合１,88000.0,12000.0,88000.0,88000.0,2,1K,20.25,21,8,下落合駅,1,8.67,147844.38,98445.68,507,1447,1,0.0881968563857714
https://suumo.jp/chintai/jnc_000106145813/?bc=100503944231,西武新宿線 下落合駅 5階建 築14年,東京都新宿区上落合２,110000.0,10000.0,110000.0,,2,1K,25.52,14,5,下落合駅,4,7.33,147844.38,98445.68,507,1447,1,0.1290474816066316
https://suumo.jp/chintai/jnc_000107203601/?bc=100502718767,西武新宿線 下落合駅 4階建 築41年,東京都新宿区上落合１,66000.0,2000.0,66000.0,66000.0,1,1K,16.5,41,4,下落合駅,4,7.67,147844.38,98445.68,507,1447,1,0.07183779901813991
https://suumo.jp/chintai/jnc_000103658016/?bc=100502298215,ＪＲ山手線 高田馬場駅 地下1地上4階建 新築,東京都新宿区高田馬場３,240000.0,15000.0,,,1,2LDK,50.79,0,5,下落合駅,6,8.00,147844.38,243512.76,507,392,1,0.07502325074943916
https://suumo.jp/chintai/jnc_000103658015/?bc=100506287943,ＪＲ山手線 高田馬場駅 地下1地上4階建 新築,東京都新宿区高田馬場３,235000.0,15000.0,,,1,2LDK,49.64,0,5,下落合駅,6,8.00,147844.38,243512.76,507,392,1,0.07634271207693039
https://suumo.jp/chintai/jnc_000105730278/?bc=100496424701,東京メトロ東西線 高田馬場駅 5階建 新築,東京都新宿区高田馬場３,266000.0,20000.0,266000.0,,3,2LDK,43.65,0,5,下落合駅,5,8.33,147844.38,243512.76,507,392,1,0.0677584485712418
https://suumo.jp/chintai/jnc_000106783607/?bc=100503953365,リバーサイドレジデンス中井,東京都新宿区上落合２,83000.0,4000.0,83000.0,83000.0,1,1K,20.48,21,4,下落合駅,5,9.00,147844.38,98445.68,507,1447,1,0.14431341751142074
https://suumo.jp/chintai/jnc_000105746714/?bc=100496176901,ルフォンプログレ高田馬場ノース,東京都新宿区高田馬場３,337000.0,20000.0,337000.0,,1,2LDK,55.29,0,5,下落合駅,5,9.67,147844.38,243512.76,507,392,1,0.04786401311668337
https://suumo.jp/chintai/jnc_000105746749/?bc=100496424708,東京メトロ東西線 高田馬場駅 5階建 新築,東京都新宿区高田馬場３,305000.0,20000.0,305000.0,,1,2LDK,49.4,0,5,下落合駅,5,8.33,147844.38,243512.76,507,392,1,0.05465538757768501
https://suumo.jp/chintai/jnc_000104759813/?bc=100501961897,西武新宿線 下落合駅 3階建 築37年,東京都新宿区中落合２,210000.0,15000.0,210000.0,,2,3LDK,63.0,37,3,下落合駅,6,10.67,147844.38,281205.13,507,156,1,0.023411708236722728
https://suumo.jp/chintai/jnc_000106771780/?bc=100501641488,西武新宿線 下落合駅 6階建 築4年,東京都新宿区高田馬場３,155000.0,10000.0,,,2,1DK,29.1,4,6,下落合駅,7,10.00,147844.38,130743.78,507,402,1,0.15519956285848896
https://suumo.jp/chintai/jnc_000105746747/?bc=100496424544,東京メトロ東西線 高田馬場駅 5階建 新築,東京都新宿区高田馬場３,337000.0,20000.0,337000.0,,1,2LDK,55.29,0,5,下落合駅,5,8.33,147844.38,243512.76,507,392,1,0.04168017951544589
https://suumo.jp/chintai/jnc_000105746755/?bc=100497426495,東京メトロ東西線 高田馬場駅 5階建 新築,東京都新宿区高田馬場３,363000.0,20000.0,363000.0,,2,2LDK,61.74,0,5,下落合駅,5,8.33,147844.38,243512.76,507,392,1,0.03333088019421049
https://suumo.jp/chintai/jnc_000105746754/?bc=100497426494,東京メトロ東西線 高田馬場駅 5階建 新築,東京都新宿区高田馬場３,359000.0,20000.0,359000.0,,2,2LDK,60.59,0,5,下落合駅,5,8.33,147844.38,243512.76,507,392,1,0.03390157065518712
https://suumo.jp/chintai/jnc_000105746750/?bc=100496424733,東京メトロ東西線 高田馬場駅 5階建 新築,東京都新宿区高田馬場３,340000.0,20000.0,340000.0,,2,2LDK,55.29,0,5,下落合駅,5,8.33,147844.38,243512.76,507,392,1,0.04561685781907421
https://suumo.jp/chintai/jnc_000105746756/?bc=100496424714,東京メトロ東西線 高田馬場駅 5階建 新築,東京都新宿区高田馬場３,312000.0,20000.0,312000.0,,2,2LDK,50.35,0,5,下落合駅,5,8.33,147844.38,243512.76,507,392,1,0.060779591454879656
https://suumo.jp/chintai/jnc_000105746759/?bc=100496424689,東京メトロ東西線 高田馬場駅 5階建 新築,東京都新宿区高田馬場３,308000.0,20000.0,308000.0,,2,2LDK,49.4,0,5,下落合駅,5,8.33,147844.38,243512.76,507,392,1,0.0610444774334552
https://suumo.jp/chintai/jnc_000105746751/?bc=100497426393,東京メトロ東西線 高田馬場駅 5階建 新築,東京都新宿区高田馬場３,265000.0,20000.0,265000.0,,2,2LDK,43.65,0,5,下落合駅,5,8.33,147844.38,243512.76,507,392,1,0.06719075962355153
https://suumo.jp/chintai/jnc_000107082256/?bc=100506410737,Ｎ’ｓ　ＰＡＲＫ　Ｒｅｓｉｄｅｎｃｅ　高田馬場,東京都新宿区下落合１,125000.0,15000.0,125000.0,125000.0,5,1K,30.09,7,9,下落合駅,5,9.67,147844.38,98445.68,507,1447,1,0.11378611407059408
https://suumo.jp/chintai/jnc_000107108175/?bc=100506367457,Ｎ’ｓ　ＰＡＲＫ　Ｒｅｓｉｄｅｎｃｅ　高田馬場,東京都新宿区下落合１,125000.0,15000.0,125000.0,125000.0,4,1K,30.09,7,9,下落合駅,5,9.67,147844.38,98445.68,507,1447,1,0.11848531898029002
https://suumo.jp/chintai/jnc_000105554349/?bc=100494142619,Ａｔｔｉｒａｎｔ下落合,東京都新宿区中落合１,121500.0,15000.0,,,2,1DK,30.45,4,4,下落合駅,6,8.00,147844.38,130743.78,507,402,1,0.14057631728893638
https://suumo.jp/chintai/jnc_000105746728/?bc=100496296142,ルフォンプログレ高田馬場ノース,東京都新宿区高田馬場３,190000.0,15000.0,190000.0,,2,1LDK,30.4,0,5,下落合駅,5,9.67,147844.38,170377.07,507,811,1,0.10955899493404486
https://suumo.jp/chintai/jnc_000105976572/?bc=100497732999,ディウェルII,東京都新宿区高田馬場３,126000.0,3000.0,126000.0,126000.0,2,1LDK,36.4,8,3,下落合駅,10,14.00,147844.38,170377.07,507,811,1,0.0680134371065404
https://suumo.jp/chintai/jnc_000106712568/?bc=100503476807,デュオステージ下落合,東京都新宿区中落合１,153000.0,15000.0,153000.0,153000.0,6,1LDK,33.6,4,6,下落合駅,5,8.67,147844.38,170377.07,507,811,1,0.0763685840901086
https://suumo.jp/chintai/jnc_000104675515/?bc=100497155979,エミリブ下落合,東京都新宿区下落合１,229000.0,10000.0,,,6,1LDK,40.34,14,8,下落合駅,1,8.00,147844.38,170377.07,507,811,1,0.04356753461332369
https://suumo.jp/chintai/jnc_000106488561/?bc=100502867988,エミリブ下落合,東京都新宿区下落合１,219000.0,10000.0,,,6,1LDK,40.34,14,8,下落合駅,1,8.00,147844.38,170377.07,507,811,1,0.0450842323166295
https://suumo.jp/chintai/jnc_000106018896/?bc=100498157407,グレース目白,東京都新宿区下落合４,240000.0,10000.0,,240000.0,1,2SLK,94.18,35,3,下落合駅,9,13.33,147844.38,240000.00,507,1,1,0.000757010389720314
https://suumo.jp/chintai/jnc_000106807527/?bc=100494332886,エミリブ下落合,東京都新宿区下落合１,214000.0,10000.0,,,6,1LDK,40.34,14,8,下落合駅,1,8.00,147844.38,170377.07,507,811,1,0.047099820822315286
https://suumo.jp/chintai/jnc_000106284727/?bc=100506315974,ＣＲＥＡＬ高田馬場II,東京都新宿区高田馬場３,100000.0,8000.0,,100000.0,1,1R,23.57,7,4,下落合駅,4,10.33,147844.38,82826.39,507,879,1,0.11263072662745588
https://suumo.jp/chintai/jnc_000107209761/?bc=100506938405,KTサトウ,東京都新宿区高田馬場３,83000.0,,83000.0,,1,1K,20.86,31,5,下落合駅,4,9.67,147844.38,98445.68,507,1447,1,0.13011808405074804
https://suumo.jp/chintai/jnc_000105746744/?bc=100496299021,ルフォンプログレ高田馬場ノース,東京都新宿区高田馬場３,248000.0,15000.0,248000.0,,3,1LDK,39.9,0,5,下落合駅,5,9.67,147844.38,170377.07,507,811,1,0.0926279059004631
https://suumo.jp/chintai/jnc_000106807516/?bc=100505709247,都営大江戸線 中井駅 4階建 築21年,東京都新宿区上落合２,83000.0,4000.0,83000.0,83000.0,1,1K,20.48,21,4,下落合駅,5,9.00,147844.38,98445.68,507,1447,1,0.14431341751142074
https://suumo.jp/chintai/jnc_000105446751/?bc=100491463868,プラウド新宿中落合,東京都新宿区中落合２,358000.0,22000.0,716000.0,358000.0,1,2SLDK,82.95,9,4,下落合駅,6,9.00,147844.38,276060.00,507,25,-1,-0.023263823947898832
https://suumo.jp/chintai/jnc_000105517801/?bc=100496733440,ＣＲＥＡＬ高田馬場II,東京都新宿区高田馬場３,107000.0,8000.0,,107000.0,4,1R,23.15,7,4,下落合駅,4,10.33,147844.38,82826.39,507,879,1,0.10846240814246311
https://suumo.jp/chintai/jnc_000106986207/?bc=100505560251,西武新宿線 下落合駅 地上2階建 築66年,東京都新宿区下落合４,170000.0,,170000.0,170000.0,1,1LDK,52.89,66,2,下落合駅,10,12.00,147844.38,170377.07,507,811,1,0.0348447677321197
https://suumo.jp/chintai/jnc_000106986207/?bc=100505560251,西武新宿線 下落合駅 地上2階建 築66年,東京都新宿区下落合４,170000.0,,170000.0,170000.0,2,1LDK,52.89,66,2,下落合駅,10,12.00,147844.38,170377.07,507,811,1,0.03760193786898508
https://suumo.jp/chintai/jnc_000105517814/?bc=100481233810,MYグリーン,東京都新宿区中落合２,230000.0,,230000.0,230000.0,2,1LDK,86.0,20,2,下落合駅,8,9.00,147844.38,170377.07,507,811,1,0.03451695844036462
https://suumo.jp/chintai/jnc_000106428550/?bc=100501632453,ライオンズマンション下落合,東京都新宿区中落合１,150000.0,,150000.0,150000.0,3,3DK,44.06,43,5,下落合駅,2,7.00,147844.38,180500.00,507,16,1,0.043444414510190044
https://suumo.jp/chintai/jnc_000105746761/?bc=100496424726,東京メトロ東西線 高田馬場駅 5階建 新築,東京都新宿区高田馬場３,190000.0,15000.0,190000.0,,2,1LDK,30.4,0,5,下落合駅,5,8.33,147844.38,170377.07,507,811,1,0.10367023732299313
https://suumo.jp/chintai/jnc_000104759770/?bc=100459109878,グラナーデ目白御留山,東京都新宿区下落合４,237000.0,10000.0,,,2,3DK,54.65,2,3,下落合駅,8,12.67,147844.38,180500.00,507,16,1,0.054891602845414555
https://suumo.jp/chintai/jnc_000105746763/?bc=100496424539,東京メトロ東西線 高田馬場駅 5階建 新築,東京都新宿区高田馬場３,247000.0,15000.0,247000.0,,2,1LDK,39.9,0,5,下落合駅,5,8.33,147844.38,170377.07,507,811,1,0.09007856545552151
https://suumo.jp/chintai/jnc_000105746772/?bc=100505150762,東京メトロ東西線 高田馬場駅 5階建 新築,東京都新宿区高田馬場３,191000.0,15000.0,191000.0,,3,1LDK,30.4,0,5,下落合駅,5,8.33,147844.38,170377.07,507,811,1,0.10395223695518307
https://suumo.jp/chintai/jnc_000106562125/?bc=100506554323,中井レジデンス,東京都新宿区上落合１,142000.0,12000.0,142000.0,142000.0,6,1LDK,27.6,3,7,下落合駅,5,7.33,147844.38,170377.07,507,811,1,0.06813182270492862
https://suumo.jp/chintai/jnc_000106627965/?bc=100486883642,グラナーデ目白御留山,東京都新宿区下落合４,232000.0,10000.0,,,2,3DK,54.65,2,3,下落合駅,8,12.67,147844.38,180500.00,507,16,1,0.055689860458218554
https://suumo.jp/chintai/jnc_000106640668/?bc=100446703442,西武新宿線 下落合駅 3階建 築2年,東京都新宿区下落合４,232000.0,10000.0,,,2,3DK,54.65,2,3,下落合駅,7,12.67,147844.38,180500.00,507,16,1,0.061284072482577334
https://suumo.jp/chintai/jnc_000105746769/?bc=100496424720,東京メトロ東西線 高田馬場駅 5階建 新築,東京都新宿区高田馬場３,193000.0,15000.0,193000.0,,3,1LDK,30.4,0,5,下落合駅,5,8.33,147844.38,170377.07,507,811,1,0.10296775441454376
https://suumo.jp/chintai/jnc_000107182815/?bc=100506718544,西武新宿線 下落合駅 8階建 築28年,東京都新宿区上落合２,73000.0,12000.0,73000.0,73000.0,3,1K,20.07,28,8,下落合駅,5,6.00,147844.38,98445.68,507,1447,1,0.09355713034327112
https://suumo.jp/chintai/jnc_000082285390/?bc=100503711918,メゾンドバロン目白,東京都新宿区下落合４,84000.0,4000.0,84000.0,84000.0,2,1K,28.0,30,3,下落合駅,6,11.67,147844.38,98445.68,507,1447,1,0.14256669661101307
https://suumo.jp/chintai/jnc_000106794403/?bc=100504032411,西武新宿線 下落合駅 8階建 築28年,東京都新宿区高田馬場３,87000.0,10000.0,87000.0,,3,1K,20.16,28,8,下落合駅,10,12.00,147844.38,98445.68,507,1447,1,0.12223728974075287
https://suumo.jp/chintai/jnc_000105678611/?bc=100497755935,西武新宿線 下落合駅 9階建 築7年,東京都新宿区中落合２,95500.0,12000.0,95500.0,95500.0,3,1K,25.35,7,9,下落合駅,9,9.67,147844.38,98445.68,507,1447,1,0.13289062064597995
https://suumo.jp/chintai/jnc_000105746732/?bc=100496236222,ルフォンプログレ高田馬場ノース,東京都新宿区高田馬場３,266000.0,20000.0,266000.0,,3,2LDK,43.65,0,5,下落合駅,5,9.67,147844.38,243512.76,507,392,1,0.07379465342396802
https://suumo.jp/chintai/jnc_000104411711/?bc=100493627834,西武新宿線 下落合駅 9階建 築7年,東京都新宿区中落合２,95500.0,12000.0,95500.0,95500.0,4,1K,25.61,7,9,下落合駅,9,9.67,147844.38,98445.68,507,1447,1,0.130597278249385
https://suumo.jp/chintai/jnc_000107147307/?bc=100506626439,西武新宿線 下落合駅 9階建 築7年,東京都新宿区下落合１,125000.0,15000.0,125000.0,125000.0,4,1K,30.09,7,9,下落合駅,5,12.00,147844.38,98445.68,507,1447,1,0.1179368082069045
https://suumo.jp/chintai/jnc_000107122994/?bc=100506321043,西武新宿線 下落合駅 9階建 築7年,東京都新宿区下落合１,125000.0,15000.0,125000.0,125000.0,5,1K,30.09,7,9,下落合駅,5,12.00,147844.38,98445.68,507,1447,1,0.11350672642479964
https://suumo.jp/chintai/jnc_000106801487/?bc=100504359177,西武新宿線 下落合駅 地下1地上2階建 築6年,東京都新宿区下落合４,100000.0,10000.0,,,-1,1K,19.82,6,3,下落合駅,4,10.33,147844.38,98445.68,507,1447,1,0.11653751992317724
https://suumo.jp/chintai/jnc_000106562132/?bc=100502487183,メゾンエスポワール下落合,東京都新宿区下落合４,82000.0,3000.0,82000.0,82000.0,1,1K,22.93,19,2,下落合駅,6,11.00,147844.38,98445.68,507,1447,1,0.13220455466705955
https://suumo.jp/chintai/jnc_000106182826/?bc=100499498010,Ｇｒｏｗｃｅｌ下落合,東京都新宿区下落合４,71000.0,4000.0,71000.0,,1,1R,12.59,6,3,下落合駅,3,9.00,147844.38,82826.39,507,879,1,0.09315893223335048
https://suumo.jp/chintai/jnc_000106943644/?bc=100505191782,Ｇｒｏｗｃｅｌ下落合,東京都新宿区下落合４,67000.0,4000.0,67000.0,,-1,1R,11.09,6,3,下落合駅,3,9.00,147844.38,82826.39,507,879,1,0.07692605373173445
https://suumo.jp/chintai/jnc_000105241950/?bc=100493632628,Ｈｘ中落合,東京都新宿区中落合２,74000.0,3000.0,74000.0,74000.0,1,1R,22.0,57,3,下落合駅,8,10.33,147844.38,82826.39,507,879,1,0.05588817574917615
https://suumo.jp/chintai/jnc_000106771781/?bc=100500535786,シーズンフラッツ高田馬場リバーサイド,東京都新宿区高田馬場３,155000.0,10000.0,,,2,1DK,29.1,4,6,下落合駅,7,10.33,147844.38,130743.78,507,402,1,0.15406315713712548
https://suumo.jp/chintai/jnc_000107108177/?bc=100506233648,ＪＲ山手線 高田馬場駅 2階建 築11年,東京都新宿区下落合４,64000.0,5000.0,,,1,1R,9.82,11,2,下落合駅,5,12.33,147844.38,82826.39,507,879,1,0.10224801737649042
https://suumo.jp/chintai/jnc_000107096503/?bc=100506164960,コンフォリア下落合,東京都新宿区中落合２,149000.0,15000.0,149000.0,,1,1LDK,44.93,22,5,下落合駅,3,10.67,147844.38,170377.07,507,811,1,0.07846418257494603
https://suumo.jp/chintai/jnc_000085376963/?bc=100500630322,ＪＲ山手線 高田馬場駅 2階建 築13年,東京都新宿区下落合４,70000.0,,70000.0,70000.0,2,1R,18.0,13,2,下落合駅,3,10.67,147844.38,82826.39,507,879,1,0.10211190765892703
https://suumo.jp/chintai/jnc_000104759809/?bc=100489279178,西武新宿線 下落合駅 3階建 築37年,東京都新宿区中落合２,219000.0,15000.0,219000.0,,1,3LDK,66.65,37,3,下落合駅,6,10.67,147844.38,281205.13,507,156,1,0.009827160935949153
https://suumo.jp/chintai/jnc_000106684038/?bc=100471715667,コンフォリア下落合,東京都新宿区中落合２,154000.0,15000.0,154000.0,,1,1LDK,44.93,22,5,下落合駅,3,10.67,147844.38,170377.07,507,811,1,0.07816493223882753
https://suumo.jp/chintai/jnc_000106038862/?bc=100501716344,コンフォリア下落合,東京都新宿区中落合２,162000.0,15000.0,162000.0,,1,1LDK,44.93,22,5,下落合駅,3,10.67,147844.38,170377.07,507,811,1,0.07816493223882753
https://suumo.jp/chintai/jnc_000103129761/?bc=100498196330,コンフォリア下落合,東京都新宿区中落合２,163000.0,15000.0,163000.0,,1,1LDK,44.93,22,5,下落合駅,3,10.67,147844.38,170377.07,507,811,1,0.07928574350526324
https://suumo.jp/chintai/jnc_000107096504/?bc=100494347917,コンフォリア下落合,東京都新宿区中落合２,176000.0,10000.0,176000.0,,2,1LDK,44.93,22,5,下落合駅,3,10.67,147844.38,170377.07,507,811,1,0.09947696631678282
https://suumo.jp/chintai/jnc_000105527458/?bc=100502024968,コンフォリア下落合,東京都新宿区中落合２,186000.0,10000.0,186000.0,,2,1LDK,44.93,22,5,下落合駅,3,10.67,147844.38,170377.07,507,811,1,0.09494450791730852
https://suumo.jp/chintai/jnc_000106684039/?bc=100505118256,コンフォリア下落合,東京都新宿区中落合２,180000.0,10000.0,180000.0,,2,1LDK,44.93,22,5,下落合駅,3,10.67,147844.38,170377.07,507,811,1,0.09746405669204672
https://suumo.jp/chintai/jnc_000106538825/?bc=100507010856,カーサ中村,東京都新宿区下落合１,170000.0,,170000.0,170000.0,4,1LDK,35.0,38,5,下落合駅,5,12.00,147844.38,170377.07,507,811,1,0.1042630326685442
https://suumo.jp/chintai/jnc_000105917311/?bc=100497480877,ＪＲ山手線 高田馬場駅 2階建 築17年,東京都新宿区高田馬場３,63000.0,5000.0,63000.0,,1,1R,9.29,17,2,下落合駅,5,8.33,147844.38,82826.39,507,879,1,0.09318091597203676
https://suumo.jp/chintai/jnc_000106576476/?bc=100502626478,西武新宿線 下落合駅 7階建 築3年,東京都新宿区上落合１,142000.0,12000.0,142000.0,142000.0,6,1LDK,27.6,3,7,下落合駅,5,6.00,147844.38,170377.07,507,811,1,0.056632321979948885
https://suumo.jp/chintai/jnc_000105917312/?bc=100497910011,ＪＲ山手線 高田馬場駅 2階建 築17年,東京都新宿区高田馬場３,65000.0,5000.0,,,1,1R,9.29,17,2,下落合駅,5,8.33,147844.38,82826.39,507,879,1,0.09375890876737342
https://suumo.jp/chintai/jnc_000076277176/?bc=100494869784,ＪＲ山手線 高田馬場駅 2階建 築17年,東京都新宿区高田馬場３,65000.0,3000.0,,,2,1R,9.29,17,2,下落合駅,5,8.33,147844.38,82826.39,507,879,1,0.09101269634462156
https://suumo.jp/chintai/jnc_000106696090/?bc=100499861507,西武新宿線 下落合駅 5階建 築22年,東京都新宿区中落合２,180000.0,10000.0,180000.0,,2,1LDK,44.93,22,5,下落合駅,3,11.00,147844.38,170377.07,507,811,1,0.09613976433291294
https://suumo.jp/chintai/jnc_000107096489/?bc=100505950303,ＪＲ山手線 高田馬場駅 2階建 築39年,東京都新宿区下落合４,64000.0,3000.0,,,2,1R,17.0,39,2,下落合駅,7,7.67,147844.38,82826.39,507,879,1,0.09143145896791227
https://suumo.jp/chintai/jnc_000105989227/?bc=100503378659,コンフォール高田馬場,東京都新宿区高田馬場４,240000.0,17000.0,240000.0,240000.0,3,2SLDK,65.06,26,5,下落合駅,10,12.00,147844.38,276060.00,507,25,1,0.014593339904555136
https://suumo.jp/chintai/jnc_000105232865/?bc=100491831114,ユーコート下落合,東京都新宿区中落合２,132000.0,5000.0,132000.0,,2,1LDK,38.79,41,3,下落合駅,7,13.67,147844.38,170377.07,507,811,1,0.08246987487525215
https://suumo.jp/chintai/jnc_000106931055/?bc=100505122554,ＪＲ山手線 高田馬場駅 2階建 築8年,東京都新宿区高田馬場３,75000.0,4000.0,,75000.0,1,1R,10.3,8,2,下落合駅,8,11.67,147844.38,82826.39,507,879,1,0.09394116364417204
https://suumo.jp/chintai/jnc_000107154889/?bc=100506490379,ＪＲ山手線 高田馬場駅 4階建 築31年,東京都新宿区高田馬場３,70900.0,6100.0,70900.0,70900.0,1,1R,16.16,31,4,下落合駅,4,9.00,147844.38,82826.39,507,879,1,0.10378291854140936
https://suumo.jp/chintai/jnc_000107116279/?bc=100506279284,ＪＲ山手線 高田馬場駅 4階建 築7年,東京都新宿区高田馬場３,100000.0,8000.0,,100000.0,1,1R,23.57,7,4,下落合駅,4,9.33,147844.38,82826.39,507,879,1,0.11089072828065238
https://suumo.jp/chintai/jnc_000107209762/?bc=100506939776,KTサトウ,東京都新宿区高田馬場３,84000.0,,84000.0,,1,1R,20.86,31,5,下落合駅,4,9.67,147844.38,82826.39,507,879,1,0.10195083862527576
https://suumo.jp/chintai/jnc_000106677587/?bc=100476051205,西武新宿線 下落合駅 地下2地上2階建 築2年,東京都新宿区中落合２,202000.0,15000.0,,,-2,1LDK,43.35,2,4,下落合駅,4,10.00,147844.38,170377.07,507,811,1,0.08635674492201267
https://suumo.jp/chintai/jnc_000094620192/?bc=100410047551,Kシャトー,東京都新宿区上落合１,60000.0,3000.0,60000.0,,1,1R,13.21,38,2,下落合駅,5,7.33,147844.38,82826.39,507,879,1,0.074931181709051
https://suumo.jp/chintai/jnc_000105872845/?bc=100504815507,Kシャトー,東京都新宿区上落合１,160000.0,,160000.0,160000.0,2,1R,33.0,38,2,下落合駅,5,7.33,147844.38,82826.39,507,879,1,0.07207365871637594
https://suumo.jp/chintai/jnc_000107096495/?bc=100490898616,プロシード高田馬場,東京都新宿区高田馬場３,60000.0,6000.0,60000.0,,1,1K,16.4,35,4,下落合駅,4,8.00,147844.38,98445.68,507,1447,1,0.11208027128482245
https://suumo.jp/chintai/jnc_000107137657/?bc=100506449582,ＬＩＥＢＥ高田馬場,東京都新宿区高田馬場３,88000.0,10000.0,,,4,1R,20.03,10,4,下落合駅,4,9.00,147844.38,82826.39,507,879,1,0.08888029239137119
https://suumo.jp/chintai/jnc_000106924760/?bc=100505369695,MiLaVita 高田馬場,東京都新宿区高田馬場３,75000.0,4000.0,,75000.0,1,1R,10.3,8,2,下落合駅,8,11.00,147844.38,82826.39,507,879,1,0.093714964075223
https://suumo.jp/chintai/jnc_000107194338/?bc=100506946813,プレール新宿落合,東京都新宿区上落合１,80000.0,10000.0,,80000.0,4,1K,20.89,24,7,下落合駅,4,10.33,147844.38,98445.68,507,1447,1,0.12169999079331206
https://suumo.jp/chintai/jnc_000105458773/?bc=100493528518,中井レジデンス,東京都新宿区上落合１,155000.0,12000.0,155000.0,155000.0,5,1LDK,30.02,3,7,下落合駅,5,7.33,147844.38,170377.07,507,811,1,0.08339208488386646
https://suumo.jp/chintai/jnc_000105505564/?bc=100503473545,西武新宿線 下落合駅 7階建 築3年,東京都新宿区上落合１,155000.0,12000.0,155000.0,155000.0,5,1LDK,30.02,3,7,下落合駅,5,6.00,147844.38,170377.07,507,811,1,0.06928965298429729
https://suumo.jp/chintai/jnc_000071695158/?bc=100501932808,ＪＲ山手線 高田馬場駅 10階建 築5年,東京都新宿区下落合１,137000.0,8000.0,137000.0,137000.0,2,1LDK,30.51,5,10,下落合駅,5,7.67,147844.38,170377.07,507,811,1,0.09317312493161084
https://suumo.jp/chintai/jnc_000107059363/?bc=100506129745,プレール・ドゥーク新宿中落合,東京都新宿区中落合２,107000.0,8000.0,,107000.0,4,1K,25.52,14,5,下落合駅,3,9.00,147844.38,98445.68,507,1447,1,0.1376284199289804
https://suumo.jp/chintai/jnc_000105746740/?bc=100496787959,ルフォンプログレ高田馬場ノース,東京都新宿区高田馬場３,309000.0,20000.0,309000.0,,3,2LDK,49.4,0,5,下落合駅,5,9.67,147844.38,243512.76,507,392,1,0.06766611459739852
https://suumo.jp/chintai/jnc_000106750297/?bc=100504469839,プレール・ドゥーク新宿下落合,東京都新宿区下落合１,111000.0,8000.0,,111000.0,8,1K,25.5,11,10,下落合駅,3,7.67,147844.38,98445.68,507,1447,1,0.07970519147406635
https://suumo.jp/chintai/jnc_000105746725/?bc=100496236654,ルフォンプログレ高田馬場ノース,東京都新宿区高田馬場３,192000.0,15000.0,192000.0,,2,1LDK,30.4,0,5,下落合駅,5,9.67,147844.38,170377.07,507,811,1,0.10858776012202126
https://suumo.jp/chintai/jnc_000090804512/?bc=100482348892,西武新宿線 下落合駅 6階建 築3年,東京都新宿区下落合１,144000.0,10000.0,144000.0,,2,1LDK,32.04,3,6,下落合駅,1,9.00,147844.38,170377.07,507,811,1,0.08385198883497152
https://suumo.jp/chintai/jnc_000106822004/?bc=100504465106,フラワーハウス,東京都新宿区上落合２,70000.0,3000.0,,70000.0,2,1K,19.2,31,3,下落合駅,5,11.33,147844.38,98445.68,507,1447,1,0.1291882388667458
https://suumo.jp/chintai/jnc_000106943638/?bc=100505627299,フラワーハウス,東京都新宿区上落合２,67000.0,3000.0,,67000.0,1,1K,16.01,31,3,下落合駅,5,11.33,147844.38,98445.68,507,1447,1,0.11421346823544293
https://suumo.jp/chintai/jnc_000105730281/?bc=100505151542,東京メトロ東西線 高田馬場駅 5階建 新築,東京都新宿区高田馬場３,248000.0,15000.0,248000.0,,3,1LDK,39.9,0,5,下落合駅,5,8.33,147844.38,170377.07,507,811,1,0.0872998225152149
https://suumo.jp/chintai/jnc_000106613480/?bc=100505924250,フラッツ・ヒロ,東京都新宿区下落合４,80000.0,2000.0,80000.0,80000.0,2,1K,21.16,28,2,下落合駅,5,12.00,147844.38,98445.68,507,1447,1,0.11351791949451534
https://suumo.jp/chintai/jnc_000106669368/?bc=100503193144,GRANADE（グラナーデ）目白御留山,東京都新宿区下落合４,185000.0,10000.0,,,2,1LDK,39.12,2,3,下落合駅,7,12.33,147844.38,170377.07,507,811,1,0.11174015238632723
https://suumo.jp/chintai/jnc_000106308548/?bc=100501165809,グラナーデ目白御留山,東京都新宿区下落合４,185000.0,10000.0,,,2,1LDK,39.12,2,3,下落合駅,8,12.67,147844.38,170377.07,507,811,1,0.10506884574876585
https://suumo.jp/chintai/jnc_000106862502/?bc=100504697904,ブライズ高田馬場,東京都新宿区下落合４,91000.0,5000.0,,91000.0,5,1K,21.28,17,10,下落合駅,5,10.00,147844.38,98445.68,507,1447,1,0.11705357236200498
https://suumo.jp/chintai/jnc_000106466808/?bc=100501807339,アーバンプレイス高田馬場12,東京都新宿区中落合１,74000.0,5000.0,,,2,1R,12.0,7,2,下落合駅,5,13.33,147844.38,82826.39,507,879,1,0.09406292872475408
https://suumo.jp/chintai/jnc_000106876601/?bc=100499358179,コンフォール高田馬場,東京都新宿区高田馬場４,230000.0,17000.0,230000.0,230000.0,3,3LDK,65.06,26,5,下落合駅,10,12.00,147844.38,281205.13,507,156,-1,-0.005196635828763951
https://suumo.jp/chintai/jnc_000102172251/?bc=100506704457,ヴィレッジ中落合,東京都新宿区中落合２,78000.0,,78000.0,,1,1LDK,30.0,65,2,下落合駅,9,10.67,147844.38,170377.07,507,811,1,0.05196670656180097
https://suumo.jp/chintai/jnc_000105627584/?bc=100493110049,フェニックス高田馬場,東京都新宿区高田馬場３,81000.0,6000.0,81000.0,,7,1K,17.64,28,8,下落合駅,10,12.00,147844.38,98445.68,507,1447,1,0.07461231356264142
https://suumo.jp/chintai/jnc_000106794401/?bc=100504041110,フェニックス高田馬場,東京都新宿区高田馬場３,87000.0,,87000.0,,3,1K,20.16,28,8,下落合駅,10,12.00,147844.38,98445.68,507,1447,1,0.12981480757182823
https://suumo.jp/chintai/jnc_000105137603/?bc=100490896070,ヒルサイドテラス・ウエスタ　手割引　ペット可　常時ゴミ出可　駐輪有,東京都新宿区下落合４,85000.0,3000.0,85000.0,85000.0,3,1K,26.74,27,5,下落合駅,3,9.67,147844.38,98445.68,507,1447,1,0.11955410664363597
https://suumo.jp/chintai/jnc_000104759753/?bc=100494005174,西武新宿線 下落合駅 7階建 築3年,東京都新宿区上落合１,149000.0,12000.0,149000.0,149000.0,3,1LDK,30.02,3,7,下落合駅,5,6.00,147844.38,170377.07,507,811,1,0.08119067531003071
https://suumo.jp/chintai/jnc_000106949868/?bc=100342513510,パルテメゾン中落合,東京都新宿区中落合１,121000.0,9000.0,121000.0,121000.0,3,1K,30.89,3,9,下落合駅,2,8.67,147844.38,98445.68,507,1447,1,0.10387361575624454
https://suumo.jp/chintai/jnc_000106788736/?bc=100497728307,グレースベガ,東京都新宿区高田馬場３,63000.0,5000.0,63000.0,,1,1R,9.29,17,2,下落合駅,7,9.67,147844.38,82826.39,507,879,1,0.09361642386912794
https://suumo.jp/chintai/jnc_000105912721/?bc=100500359997,グレースベガ,東京都新宿区高田馬場３,65000.0,5000.0,,,1,1R,9.29,17,2,下落合駅,7,9.67,147844.38,82826.39,507,879,1,0.09469127363499147
https://suumo.jp/chintai/jnc_000106903627/?bc=100497214385,グレースベガ,東京都新宿区高田馬場３,69300.0,5500.0,69300.0,,1,1R,9.29,17,2,下落合駅,7,9.67,147844.38,82826.39,507,879,1,0.08845521429306574
https://suumo.jp/chintai/jnc_000105730282/?bc=100496424705,東京メトロ東西線 高田馬場駅 5階建 新築,東京都新宿区高田馬場３,197000.0,15000.0,197000.0,,5,1LDK,30.4,0,5,下落合駅,5,8.33,147844.38,170377.07,507,811,1,0.08333864860920825
https://suumo.jp/chintai/jnc_000106870284/?bc=100504545115,パークサイド高田馬場,東京都新宿区高田馬場３,86000.0,2000.0,86000.0,86000.0,2,1K,22.0,20,3,下落合駅,8,12.67,147844.38,98445.68,507,1447,1,0.11357439977824857
https://suumo.jp/chintai/jnc_000106176482/?bc=100501629495,シーズンフラッツ高田馬場リバーサイドノース,東京都新宿区高田馬場３,155000.0,10000.0,,,2,1DK,29.1,4,6,下落合駅,7,10.00,147844.38,130743.78,507,402,1,0.15519956285848896
https://suumo.jp/chintai/jnc_000107009494/?bc=100506028935,グレースミーナ,東京都新宿区上落合１,52000.0,3000.0,,,1,1R,8.95,16,2,下落合駅,4,7.67,147844.38,82826.39,507,879,1,0.07243306502610697
https://suumo.jp/chintai/jnc_000107137655/?bc=100506502694,イニシアイオ高田馬場,東京都新宿区高田馬場３,154000.0,10000.0,,154000.0,6,1LDK,35.21,15,6,下落合駅,6,10.33,147844.38,170377.07,507,811,1,0.09123371579882494
https://suumo.jp/chintai/jnc_000085390153/?bc=100500553283,コーポ池田,東京都新宿区下落合４,70000.0,,70000.0,70000.0,2,1R,18.0,13,2,下落合駅,3,9.00,147844.38,82826.39,507,879,1,0.1014508364805709
https://suumo.jp/chintai/jnc_000105746737/?bc=100496236579,ルフォンプログレ高田馬場ノース,東京都新宿区高田馬場３,313000.0,20000.0,313000.0,,3,2LDK,50.35,0,5,下落合駅,5,9.67,147844.38,243512.76,507,392,1,0.06740504522968849
https://suumo.jp/chintai/jnc_000106978476/?bc=100505709695,サザンパレス中落合,東京都新宿区中落合２,65000.0,,65000.0,65000.0,2,1R,14.84,39,5,下落合駅,6,11.67,147844.38,82826.39,507,879,1,0.09503614398642185
https://suumo.jp/chintai/jnc_000106807515/?bc=100504108870,サテライト,東京都新宿区上落合１,76000.0,3000.0,38000.0,114000.0,2,1R,21.11,57,2,下落合駅,5,7.33,147844.38,82826.39,507,879,1,0.04720947314322743
https://suumo.jp/chintai/jnc_000096710612/?bc=100495901967,D‘sVARIE高田馬場レジデンス,東京都新宿区下落合４,178000.0,20000.0,,,2,1LDK,30.31,5,3,下落合駅,7,11.67,147844.38,170377.07,507,811,1,0.09309550077629108
https://suumo.jp/chintai/jnc_000099965080/?bc=100500825864,D‘sVARIE高田馬場レジデンス,東京都新宿区下落合４,180000.0,20000.0,,,2,1LDK,30.31,5,3,下落合駅,7,11.67,147844.38,170377.07,507,811,1,0.09157881477376789
https://suumo.jp/chintai/jnc_000078782272/?bc=100503846190,サングローブ,東京都新宿区高田馬場３,60000.0,2000.0,60000.0,60000.0,2,1R,16.14,36,2,下落合駅,6,11.33,147844.38,82826.39,507,879,1,0.08873741655500572
https://suumo.jp/chintai/jnc_000107169499/?bc=100503035960,SIMODA新宿上落合,東京都新宿区上落合１,190000.0,10000.0,190000.0,190000.0,4,1LDK,50.0,6,5,下落合駅,4,7.67,147844.38,170377.07,507,811,1,0.09259171888164386
https://suumo.jp/chintai/jnc_000106508053/?bc=100502688720,SIMODA新宿上落合,東京都新宿区上落合１,220000.0,10000.0,220000.0,220000.0,4,1LDK,50.0,6,5,下落合駅,4,7.67,147844.38,170377.07,507,811,1,0.08501992459529917
https://suumo.jp/chintai/jnc_000106689145/?bc=100503553632,シエスタアプリコ,東京都新宿区下落合４,63000.0,3000.0,63000.0,63000.0,1,1R,10.01,17,2,下落合駅,4,11.67,147844.38,82826.39,507,879,1,0.08909904526290041
https://suumo.jp/chintai/jnc_000106996087/?bc=100505475856,スカイコート落合,東京都新宿区中落合２,59000.0,4000.0,59000.0,59000.0,2,1R,15.04,41,4,下落合駅,10,11.00,147844.38,82826.39,507,879,1,0.08360385122866432
https://suumo.jp/chintai/jnc_000097193189/?bc=100499058809,D‘sVARIE高田馬場レジデンス,東京都新宿区下落合４,180000.0,20000.0,,,2,1LDK,30.41,5,3,下落合駅,7,11.67,147844.38,170377.07,507,811,1,0.09157881477376789
https://suumo.jp/chintai/jnc_000106228144/?bc=100500445872,スカイコート高田馬場,東京都新宿区高田馬場３,70900.0,6100.0,70900.0,70900.0,1,1R,16.16,31,4,下落合駅,4,8.67,147844.38,82826.39,507,879,1,0.10378291854140936
https://suumo.jp/chintai/jnc_000102932238/?bc=100486863447,ＪＲ山手線 高田馬場駅 3階建 築10年,東京都新宿区高田馬場３,205000.0,5000.0,205000.0,307500.0,1,1LDK,82.2,10,3,下落合駅,4,8.33,147844.38,170377.07,507,811,1,0.034686319354137296
https://suumo.jp/chintai/jnc_000102932238/?bc=100486863447,ＪＲ山手線 高田馬場駅 3階建 築10年,東京都新宿区高田馬場３,205000.0,5000.0,205000.0,307500.0,2,1LDK,82.2,10,3,下落合駅,4,8.33,147844.38,170377.07,507,811,1,0.03725135870554647
https://suumo.jp/chintai/jnc_000102932238/?bc=100486863447,ＪＲ山手線 高田馬場駅 3階建 築10年,東京都新宿区高田馬場３,205000.0,5000.0,205000.0,307500.0,3,1LDK,82.2,10,3,下落合駅,4,8.33,147844.38,170377.07,507,811,1,0.03479842744442607
https://suumo.jp/chintai/jnc_000106669376/?bc=100505494347,スカイビル,東京都新宿区高田馬場３,83000.0,4000.0,83000.0,83000.0,2,1R,15.04,20,4,下落合駅,8,9.33,147844.38,82826.39,507,879,1,0.09851311565844112
https://suumo.jp/chintai/jnc_000106966260/?bc=100505387705,タートルハウス,東京都新宿区中落合２,54000.0,,,,2,1K,20.27,45,2,下落合駅,9,10.67,147844.38,98445.68,507,1447,1,0.11418487982317965
https://suumo.jp/chintai/jnc_000106291462/?bc=100500528885,ダイホープラザ高田馬場,東京都新宿区下落合１,70000.0,7000.0,70000.0,77000.0,2,1R,17.86,33,7,下落合駅,3,8.00,147844.38,82826.39,507,879,1,0.08021218228051596
https://suumo.jp/chintai/jnc_000101558134/?bc=100460743988,ハーモニーテラス高田馬場II,東京都新宿区高田馬場３,69000.0,4000.0,,69000.0,1,1R,10.23,8,2,下落合駅,7,8.33,147844.38,82826.39,507,879,1,0.09078597036581448
https://suumo.jp/chintai/jnc_000107215527/?bc=100507036859,スペースインカーサ,東京都新宿区高田馬場３,92000.0,,92000.0,92000.0,1,1K,28.8,33,2,下落合駅,8,10.67,147844.38,98445.68,507,1447,1,0.13833839561819788
https://suumo.jp/chintai/jnc_000107116244/?bc=100506483872,ステージグランデ上落合,東京都新宿区上落合１,97000.0,5000.0,,97000.0,5,1K,22.4,17,7,下落合駅,2,6.67,147844.38,98445.68,507,1447,1,0.09466799225445438
https://suumo.jp/chintai/jnc_000107122984/?bc=100506316311,ステージグランデ上落合,東京都新宿区上落合１,93000.0,5000.0,93000.0,93000.0,1,1K,24.51,17,7,下落合駅,2,6.67,147844.38,98445.68,507,1447,1,0.10830698385426624
https://suumo.jp/chintai/jnc_000013357318/?bc=100505494349,スカイビル,東京都新宿区高田馬場３,84000.0,4000.0,84000.0,84000.0,2,1K,21.67,20,4,下落合駅,8,9.33,147844.38,98445.68,507,1447,1,0.14335344537781536
https://suumo.jp/chintai/jnc_000106005351/?bc=100497987815,スカイコート高田馬場第6,東京都新宿区下落合４,83000.0,3000.0,,83000.0,8,1K,19.96,25,10,下落合駅,4,9.00,147844.38,98445.68,507,1447,1,0.06415621100763053
https://suumo.jp/chintai/jnc_000106966215/?bc=100505370193,スカイコート高田馬場第6,東京都新宿区下落合４,85000.0,8000.0,,,3,1K,20.06,25,10,下落合駅,4,9.00,147844.38,98445.68,507,1447,1,0.1302463013934791
https://suumo.jp/chintai/jnc_000102869257/?bc=100473183389,AXIS高田馬場,東京都新宿区高田馬場３,205000.0,5000.0,205000.0,205000.0,1,1LDK,82.2,10,3,下落合駅,4,7.50,147844.38,170377.07,507,811,1,0.030035293556575304
https://suumo.jp/chintai/jnc_000102869257/?bc=100473183389,AXIS高田馬場,東京都新宿区高田馬場３,205000.0,5000.0,205000.0,205000.0,2,1LDK,82.2,10,3,下落合駅,4,7.50,147844.38,170377.07,507,811,1,0.033023358204456565
https://suumo.jp/chintai/jnc_000102869257/?bc=100473183389,AXIS高田馬場,東京都新宿区高田馬場３,205000.0,5000.0,205000.0,205000.0,3,1LDK,82.2,10,3,下落合駅,4,7.50,147844.38,170377.07,507,811,1,0.03145464854453722
https://suumo.jp/chintai/jnc_000106696070/?bc=100503537844,スカイコート高田馬場第6,東京都新宿区下落合４,73000.0,16000.0,73000.0,,10,1K,19.96,25,10,下落合駅,4,9.00,147844.38,98445.68,507,1447,1,0.04247688493509033
https://suumo.jp/chintai/jnc_000106466785/?bc=100490899147,ヒルサイドテラス・ウエスタ　手割引　ペット可　常時ゴミ出可　駐輪有,東京都新宿区下落合４,80000.0,5000.0,80000.0,80000.0,2,1R,23.22,27,5,下落合駅,3,9.67,147844.38,82826.39,507,879,1,0.10594945950905166
https://suumo.jp/chintai/jnc_000107108176/?bc=100506268491,フィリップ下落合,東京都新宿区下落合４,64000.0,5000.0,,,1,1R,9.82,11,2,下落合駅,5,11.33,147844.38,82826.39,507,879,1,0.10423875482002509
https://suumo.jp/chintai/jnc_000106096855/?bc=100499131370,プチハイツYT,東京都新宿区下落合４,64000.0,3000.0,,,2,1R,17.0,39,2,下落合駅,7,11.00,147844.38,82826.39,507,879,1,0.10012036621392861
https://suumo.jp/chintai/jnc_000100786321/?bc=100472199115,ＡＺ　Ｓｍａｒｔ　目白御留山,東京都新宿区中落合２,214000.0,15000.0,,,1,1LDK,43.35,2,4,下落合駅,5,10.67,147844.38,170377.07,507,811,1,0.09568518091382744
https://suumo.jp/chintai/jnc_000107020261/?bc=100406705793,プラザＵＳＡ,東京都新宿区上落合１,62000.0,1000.0,62000.0,62000.0,6,1R,22.36,36,6,下落合駅,4,7.00,147844.38,82826.39,507,879,1,0.024437370345147646
https://suumo.jp/chintai/jnc_000106168112/?bc=100504251234,ＡＺ　Ｓｍａｒｔ　目白御留山,東京都新宿区中落合２,227000.0,15000.0,,,1,1LDK,43.35,2,4,下落合駅,5,10.67,147844.38,170377.07,507,811,1,0.09379549689682287
https://suumo.jp/chintai/jnc_000105390157/?bc=100504096527,ジェノヴィア高田馬場,東京都新宿区高田馬場３,90000.0,10000.0,90000.0,90000.0,4,1K,23.49,18,12,下落合駅,8,11.33,147844.38,98445.68,507,1447,1,0.12118568400059465
https://suumo.jp/chintai/jnc_000104995894/?bc=100494583323,ジェノヴィア新宿中落合スカイガーデン,東京都新宿区中落合２,144000.0,11000.0,,144000.0,9,1K,25.85,8,10,下落合駅,9,10.33,147844.38,98445.68,507,1447,1,0.09025423890662426
https://suumo.jp/chintai/jnc_000105222855/?bc=100503575631,ジェノヴィア新宿中落合スカイガーデン,東京都新宿区中落合２,115000.0,15000.0,,115000.0,9,1K,25.84,8,10,下落合駅,9,10.33,147844.38,98445.68,507,1447,1,0.08328661622327244
https://suumo.jp/chintai/jnc_000104995893/?bc=100481786697,ジェノヴィア新宿中落合スカイガーデン,東京都新宿区中落合２,143000.0,11000.0,,143000.0,7,1K,25.85,8,10,下落合駅,9,10.33,147844.38,98445.68,507,1447,1,0.10133469350203145
https://suumo.jp/chintai/jnc_000104995892/?bc=100462721793,ジェノヴィア新宿中落合スカイガーデン,東京都新宿区中落合２,142000.0,11000.0,,142000.0,6,1K,25.84,8,10,下落合駅,9,10.33,147844.38,98445.68,507,1447,1,0.10477948578123669
https://suumo.jp/chintai/jnc_000106848295/?bc=100506593034,ルネサンスコート目白御留山,東京都新宿区下落合４,165000.0,12000.0,165000.0,165000.0,4,1LDK,29.69,0,4,下落合駅,7,10.00,147844.38,170377.07,507,811,1,0.11086162465784727
https://suumo.jp/chintai/jnc_000107087699/?bc=100506137227,西武新宿線 下落合駅 8階建 築14年,東京都新宿区下落合１,214000.0,10000.0,,,6,1LDK,40.34,14,8,下落合駅,1,7.00,147844.38,170377.07,507,811,1,0.04066862134325733
https://suumo.jp/chintai/jnc_000104010134/?bc=100482681138,ジェノヴィア新宿中落合スカイガーデン,東京都新宿区中落合２,116000.0,15000.0,,232000.0,4,1K,25.85,8,10,下落合駅,9,10.33,147844.38,98445.68,507,1447,1,0.11792936568225221
https://suumo.jp/chintai/jnc_000105881258/?bc=100496881324,ジェノヴィア新宿中落合スカイガーデン,東京都新宿区中落合２,141000.0,11000.0,,141000.0,3,1K,25.85,8,10,下落合駅,9,10.33,147844.38,98445.68,507,1447,1,0.1279015706158675
https://suumo.jp/chintai/jnc_000106640677/?bc=100503556075,ジェノヴィア新宿中落合スカイガーデン,東京都新宿区中落合２,142000.0,11000.0,,142000.0,3,1K,25.84,8,10,下落合駅,9,10.33,147844.38,98445.68,507,1447,1,0.12670176376476305
https://suumo.jp/chintai/jnc_000106996082/?bc=100505677200,ジーベック高田馬場,東京都新宿区下落合４,104000.0,10000.0,,104000.0,4,1K,26.18,12,7,下落合駅,6,10.00,147844.38,98445.68,507,1447,1,0.1417565476144333
https://suumo.jp/chintai/jnc_000106848290/?bc=100506966911,ルネサンスコート目白御留山,東京都新宿区下落合４,167000.0,12000.0,167000.0,167000.0,3,1LDK,29.69,0,4,下落合駅,7,10.00,147844.38,170377.07,507,811,1,0.11429570019779672
https://suumo.jp/chintai/jnc_000105291075/?bc=100504508088,シーズンフラッツ高田馬場リバーサイドノース,東京都新宿区高田馬場３,139000.0,10000.0,,,5,1K,25.47,4,6,下落合駅,7,10.00,147844.38,98445.68,507,1447,1,0.1272087479321209
https://suumo.jp/chintai/jnc_000072647429/?bc=100506995722,ZOOM高田馬場WEST,東京都新宿区高田馬場３,116000.0,6000.0,116000.0,116000.0,1,1K,25.74,5,6,下落合駅,4,10.00,147844.38,98445.68,507,1447,1,0.1317875952073212
https://suumo.jp/chintai/jnc_000105431407/?bc=100493330884,シーズンフラッツ高田馬場リバーサイドサウス,東京都新宿区高田馬場３,135000.0,10000.0,,,2,1K,25.44,4,6,下落合駅,7,10.33,147844.38,98445.68,507,1447,1,0.13626438513808642
https://suumo.jp/chintai/jnc_000105672705/?bc=100496224434,シーズンフラッツ高田馬場リバーサイドサウス,東京都新宿区高田馬場３,135000.0,10000.0,,,1,1K,25.5,4,6,下落合駅,7,10.33,147844.38,98445.68,507,1447,1,0.1327695448325517
https://suumo.jp/chintai/jnc_000105227411/?bc=100491697343,シーズンフラッツ高田馬場リバーサイドサウス,東京都新宿区高田馬場３,134000.0,10000.0,,,1,1K,25.14,4,6,下落合駅,7,10.33,147844.38,98445.68,507,1447,1,0.13387442171357633
https://suumo.jp/chintai/jnc_000105405245/?bc=100493101443,シーズンフラッツ高田馬場リバーサイド,東京都新宿区高田馬場３,139000.0,10000.0,,,5,1K,25.47,4,6,下落合駅,7,10.33,147844.38,98445.68,507,1447,1,0.1288078576520595
https://suumo.jp/chintai/jnc_000106771784/?bc=100503869125,シーズンフラッツ高田馬場リバーサイド,東京都新宿区高田馬場３,138000.0,10000.0,,,4,1K,25.44,4,6,下落合駅,7,10.33,147844.38,98445.68,507,1447,1,0.13418185387728337
https://suumo.jp/chintai/jnc_000105517803/?bc=100493916784,シーズンフラッツ高田馬場リバーサイド,東京都新宿区高田馬場３,135000.0,10000.0,,,2,1K,25.44,4,6,下落合駅,7,10.33,147844.38,98445.68,507,1447,1,0.13626438513808642
https://suumo.jp/chintai/jnc_000096686731/?bc=100503187717,西武新宿線 下落合駅 地下1地上3階建 築5年,東京都新宿区下落合４,178000.0,20000.0,,,2,1LDK,30.31,5,4,下落合駅,7,11.33,147844.38,170377.07,507,811,1,0.09524873389985028
https://suumo.jp/chintai/jnc_000106771782/?bc=100503869129,シーズンフラッツ高田馬場リバーサイド,東京都新宿区高田馬場３,135000.0,10000.0,,,1,1K,25.5,4,6,下落合駅,7,10.33,147844.38,98445.68,507,1447,1,0.1327695448325517
https://suumo.jp/chintai/jnc_000107045017/?bc=100505960145,Ｙｕｉ上落合,東京都新宿区上落合１,90000.0,,90000.0,90000.0,2,1K,26.25,7,2,下落合駅,5,6.67,147844.38,98445.68,507,1447,1,0.12889062123905248
https://suumo.jp/chintai/jnc_000105308304/?bc=100492333630,シーズンフラッツ高田馬場リバーサイド,東京都新宿区高田馬場３,134000.0,10000.0,,,1,1K,25.14,4,6,下落合駅,7,10.33,147844.38,98445.68,507,1447,1,0.13387442171357633
https://suumo.jp/chintai/jnc_000105746731/?bc=100496297530,ルフォンプログレ高田馬場ノース,東京都新宿区高田馬場３,341000.0,20000.0,341000.0,,3,2LDK,55.29,0,5,下落合駅,5,9.67,147844.38,243512.76,507,392,1,0.05267335129392342
https://suumo.jp/chintai/jnc_000105746735/?bc=100496297625,ルフォンプログレ高田馬場ノース,東京都新宿区高田馬場３,360000.0,20000.0,360000.0,,3,2LDK,60.59,0,5,下落合駅,5,9.67,147844.38,243512.76,507,392,1,0.04020611516531569
https://suumo.jp/chintai/jnc_000078040101/?bc=100505846742,サンクレスト中落合,東京都新宿区中落合２,58000.0,2000.0,58000.0,,2,1K,17.91,34,2,下落合駅,10,13.00,147844.38,98445.68,507,1447,1,0.08795151556723668
https://suumo.jp/chintai/jnc_000106848284/?bc=100506592495,ルネサンスコート目白御留山,東京都新宿区下落合４,167000.0,12000.0,167000.0,167000.0,2,1LDK,29.69,0,4,下落合駅,7,10.00,147844.38,170377.07,507,811,1,0.1142057904775643
https://suumo.jp/chintai/jnc_000106848278/?bc=100506503161,ルネサンスコート目白御留山,東京都新宿区下落合４,170000.0,12000.0,170000.0,170000.0,1,1LDK,29.69,0,4,下落合駅,7,10.00,147844.38,170377.07,507,811,1,0.11105764129853896
https://suumo.jp/chintai/jnc_000105382044/?bc=100500535554,メゾンカルム中落合ノース,東京都新宿区中落合２,211000.0,15000.0,211000.0,,3,3LDK,63.0,37,3,下落合駅,8,10.33,147844.38,281205.13,507,156,1,0.011074069702815215
https://suumo.jp/chintai/jnc_000106548158/?bc=100507030793,ユーコート高田馬場,東京都新宿区高田馬場３,75000.0,5000.0,75000.0,,1,1R,16.11,29,3,下落合駅,9,12.33,147844.38,82826.39,507,879,1,0.09717697563824645
https://suumo.jp/chintai/jnc_000099153332/?bc=100503547025,ユーコート高田馬場,東京都新宿区高田馬場３,75000.0,5000.0,75000.0,,3,1R,16.11,29,3,下落合駅,9,12.33,147844.38,82826.39,507,879,1,0.09561938322828867
https://suumo.jp/chintai/jnc_000106655061/?bc=100456845290,ユースフル下落合,東京都新宿区上落合１,60000.0,5000.0,,60000.0,2,1R,16.5,41,4,下落合駅,4,7.67,147844.38,82826.39,507,879,1,0.09464197088160736
https://suumo.jp/chintai/jnc_000107045042/?bc=100506033726,ライフピアビューラー,東京都新宿区下落合４,68000.0,3000.0,68000.0,,4,1R,14.21,23,5,下落合駅,3,9.67,147844.38,82826.39,507,879,1,0.0663062720025987
https://suumo.jp/chintai/jnc_000106939214/?bc=100470778947,コンフォリア中落合,東京都新宿区中落合２,110000.0,10000.0,110000.0,,2,1K,25.41,16,3,下落合駅,6,10.00,147844.38,98445.68,507,1447,1,0.1467460436506497
https://suumo.jp/chintai/jnc_000106220671/?bc=100499765629,ルーカスシグマ,東京都新宿区下落合４,83000.0,3000.0,,83000.0,4,1R,20.24,11,5,下落合駅,3,8.33,147844.38,82826.39,507,879,1,0.07830519802919128
https://suumo.jp/chintai/jnc_000107169544/?bc=100506945280,ルクレ目白西坂,東京都新宿区中落合２,110000.0,12000.0,,,2,1R,20.0,4,4,下落合駅,4,10.00,147844.38,82826.39,507,879,1,0.09447929410382977
https://suumo.jp/chintai/jnc_000106903629/?bc=100507004320,レジディア中落合,東京都新宿区中落合１,110000.0,15000.0,,,3,1R,23.71,19,7,下落合駅,5,7.33,147844.38,82826.39,507,879,1,0.07258546815441952
https://suumo.jp/chintai/jnc_000104995890/?bc=100343147941,ジェノヴィア新宿中落合スカイガーデン,東京都新宿区中落合２,221000.0,11000.0,,221000.0,1,1LDK,46.83,8,10,下落合駅,9,10.33,147844.38,170377.07,507,811,1,0.07872140165087715
https://suumo.jp/chintai/jnc_000106472499/?bc=100502901109,高田馬場パーク・ホームズ,東京都新宿区高田馬場４,230000.0,10000.0,230000.0,230000.0,1,3LDK,68.66,33,8,下落合駅,10,12.00,147844.38,281205.13,507,156,-1,-0.0012414338993540497
https://suumo.jp/chintai/jnc_000107169539/?bc=100503546987,レジディア中落合A棟,東京都新宿区中落合１,124000.0,15000.0,,,2,1R,29.84,19,7,下落合駅,5,10.67,147844.38,82826.39,507,879,1,0.07772376301150957
https://suumo.jp/chintai/jnc_000096531989/?bc=100484712266,ジェノヴィア新宿中落合スカイガーデン,東京都新宿区中落合２,218000.0,11000.0,,218000.0,1,1LDK,46.83,8,10,下落合駅,9,10.33,147844.38,170377.07,507,811,1,0.07872140165087715
https://suumo.jp/chintai/jnc_000105989229/?bc=100497864126,レジディア中落合A棟,東京都新宿区中落合１,127000.0,20000.0,,,2,1R,29.84,19,7,下落合駅,5,10.67,147844.38,82826.39,507,879,1,0.06335818657671954
https://suumo.jp/chintai/jnc_000105791973/?bc=100496379814,ＴＨＥ　ＰＲＥＭＩＵＭ　ＳＵＩＴＥ　新宿下落合,東京都新宿区下落合４,100000.0,12000.0,100000.0,100000.0,5,1K,26.34,13,10,下落合駅,3,7.67,147844.38,98445.68,507,1447,1,0.10443591013819842
https://suumo.jp/chintai/jnc_000107169540/?bc=100503807087,レジディア中落合A棟,東京都新宿区中落合１,124000.0,20000.0,,,3,1R,30.47,19,7,下落合駅,5,10.67,147844.38,82826.39,507,879,1,0.06176280361188807
https://suumo.jp/chintai/jnc_000105746739/?bc=100496082402,ルフォンプログレ高田馬場ノース,東京都新宿区高田馬場３,193000.0,15000.0,193000.0,,3,1LDK,30.4,0,5,下落合駅,5,9.67,147844.38,170377.07,507,811,1,0.1088664337508724
https://suumo.jp/chintai/jnc_000105989230/?bc=100503336940,レジディア中落合A棟,東京都新宿区中落合１,127000.0,20000.0,,,3,1R,30.47,19,7,下落合駅,5,10.67,147844.38,82826.39,507,879,1,0.06145224952777095
https://suumo.jp/chintai/jnc_000106907459/?bc=100504991321,レジディア中落合A棟,東京都新宿区中落合１,100000.0,15000.0,,,5,1R,21.74,19,7,下落合駅,5,10.67,147844.38,82826.39,507,879,1,0.07295633966711945
https://suumo.jp/chintai/jnc_000105842855/?bc=100501739071,レジディア中落合A棟,東京都新宿区中落合１,115000.0,15000.0,,,6,1R,26.18,19,7,下落合駅,5,10.67,147844.38,82826.39,507,879,1,0.06274939334320984
https://suumo.jp/chintai/jnc_000106451221/?bc=100501668648,レジディア中落合A棟,東京都新宿区中落合１,127000.0,15000.0,,,6,1R,26.18,19,7,下落合駅,5,10.67,147844.38,82826.39,507,879,1,0.05852724270822429
https://suumo.jp/chintai/jnc_000104698994/?bc=100487433702,レジデンス美奈真,東京都新宿区高田馬場３,76000.0,,76000.0,76000.0,2,1R,21.9,37,3,下落合駅,3,10.67,147844.38,82826.39,507,879,1,0.1016021689712987
https://suumo.jp/chintai/jnc_000096201471/?bc=100506816590,ワンピース落合,東京都新宿区上落合１,61000.0,4000.0,61000.0,61000.0,2,1R,11.46,8,2,下落合駅,1,7.67,147844.38,82826.39,507,879,1,0.06469824351406167
https://suumo.jp/chintai/jnc_000106569103/?bc=100502380603,コーポウィステリアII,東京都新宿区高田馬場４,78000.0,,78000.0,78000.0,4,1K,26.0,29,4,下落合駅,14,14.00,147844.38,98445.68,507,1447,1,0.08372032019734477
https://suumo.jp/chintai/jnc_000106569102/?bc=100502370890,コーポウィステリアII,東京都新宿区高田馬場４,82000.0,,82000.0,82000.0,2,1K,25.41,29,4,下落合駅,14,14.00,147844.38,98445.68,507,1447,1,0.09092982528277482
https://suumo.jp/chintai/jnc_000105466410/?bc=100487272207,コーポウィステリア,東京都新宿区高田馬場４,80000.0,,80000.0,80000.0,2,1K,22.8,29,4,下落合駅,14,14.00,147844.38,98445.68,507,1447,1,0.09015237082670435
https://suumo.jp/chintai/jnc_000106508085/?bc=100502526281,ＪＲ山手線 高田馬場駅 6階建 築4年,東京都新宿区高田馬場３,162000.0,10000.0,,,4,1LDK,30.48,4,6,下落合駅,7,10.33,147844.38,170377.07,507,811,1,0.11315632599432301
https://suumo.jp/chintai/jnc_000106210988/?bc=100503547140,マンションヴィップ落合,東京都新宿区高田馬場３,143000.0,10000.0,143000.0,143000.0,7,2LDK,46.22,56,11,下落合駅,7,11.33,147844.38,243512.76,507,392,1,0.027660926233640415
https://suumo.jp/chintai/jnc_000105746736/?bc=100496297577,ルフォンプログレ高田馬場ノース,東京都新宿区高田馬場３,364000.0,20000.0,364000.0,,3,2LDK,61.74,0,5,下落合駅,5,9.67,147844.38,243512.76,507,392,1,0.03997962864573762
https://suumo.jp/chintai/jnc_000104919224/?bc=100475965165,下落合ヒルズ,東京都新宿区中落合１,118000.0,,118000.0,118000.0,2,1R,21.9,0,4,下落合駅,5,10.33,147844.38,82826.39,507,879,1,0.11188194362343562
https://suumo.jp/chintai/jnc_000103217355/?bc=100482138207,ＪＲ山手線 高田馬場駅 6階建 築4年,東京都新宿区高田馬場３,149000.0,10000.0,,,3,1LDK,30.48,4,6,下落合駅,7,10.33,147844.38,170377.07,507,811,1,0.11415636619924496
https://suumo.jp/chintai/jnc_000106822003/?bc=100481709526,サンクタスデュオ下落合,東京都新宿区上落合１,148000.0,12000.0,148000.0,148000.0,7,1LDK,40.04,28,10,下落合駅,6,11.33,147844.38,170377.07,507,811,1,0.06629843747441783
https://suumo.jp/chintai/jnc_000104662235/?bc=100505456471,サンクタスデュオ下落合,東京都新宿区上落合１,158000.0,12000.0,158000.0,158000.0,7,1LDK,40.04,28,10,下落合駅,6,11.33,147844.38,170377.07,507,811,1,0.06561942164579176
https://suumo.jp/chintai/jnc_000104919223/?bc=100475970180,下落合ヒルズ,東京都新宿区中落合１,135000.0,,135000.0,135000.0,2,1R,27.8,0,4,下落合駅,5,10.33,147844.38,82826.39,507,879,1,0.0984613700356401
https://suumo.jp/chintai/jnc_000106308574/?bc=100475973678,下落合ヒルズ,東京都新宿区中落合１,115000.0,,115000.0,115000.0,3,1R,23.3,0,4,下落合駅,5,10.33,147844.38,82826.39,507,879,1,0.10957107602950783
https://suumo.jp/chintai/jnc_000107147327/?bc=100506498952,ＪＲ山手線 高田馬場駅 6階建 築15年,東京都新宿区高田馬場３,154000.0,10000.0,,154000.0,6,1LDK,35.21,15,6,下落合駅,6,8.00,147844.38,170377.07,507,811,1,0.08207429827102103
https://suumo.jp/chintai/jnc_000106326316/?bc=100506726832,西武新宿線 下落合駅 3階建 築2年,東京都新宿区下落合４,185000.0,10000.0,,,1,1LDK,39.12,2,3,下落合駅,7,12.67,147844.38,170377.07,507,811,1,0.10614431261178253
https://suumo.jp/chintai/jnc_000107108201/?bc=100479205098,西武新宿線 下落合駅 5階建 築22年,東京都新宿区中落合２,149000.0,15000.0,149000.0,,1,1LDK,44.93,22,5,下落合駅,3,11.00,147844.38,170377.07,507,811,1,0.07798163206385039
https://suumo.jp/chintai/jnc_000071442304/?bc=100501987563,ZOOM高田馬場,東京都新宿区下落合１,137000.0,8000.0,137000.0,137000.0,2,1LDK,30.51,5,10,下落合駅,5,11.00,147844.38,170377.07,507,811,1,0.09949479175582815
https://suumo.jp/chintai/jnc_000106308573/?bc=100475969583,下落合ヒルズ,東京都新宿区中落合１,127000.0,,127000.0,127000.0,3,1R,27.8,0,4,下落合駅,5,10.33,147844.38,82826.39,507,879,1,0.09948017862361352
https://suumo.jp/chintai/jnc_000106081137/?bc=100505077318,西武新宿線 下落合駅 3階建 築35年,東京都新宿区下落合４,240000.0,10000.0,,240000.0,1,2SLDK,94.18,35,3,下落合駅,9,12.33,147844.38,276060.00,507,25,1,0.003968929173519653
https://suumo.jp/chintai/jnc_000106308576/?bc=100475967079,下落合ヒルズ,東京都新宿区中落合１,105000.0,,105000.0,105000.0,4,1R,19.8,0,4,下落合駅,5,10.33,147844.38,82826.39,507,879,1,0.10352011352811274
https://suumo.jp/chintai/jnc_000106109085/?bc=100499267139,西武新宿線 下落合駅 3階建 新築,東京都新宿区下落合４,222000.0,4000.0,,,2,2LDK,60.36,0,3,下落合駅,3,8.67,147844.38,243512.76,507,392,1,0.06343024013418497
https://suumo.jp/chintai/jnc_000106308575/?bc=100475968128,下落合ヒルズ,東京都新宿区中落合１,105000.0,,105000.0,105000.0,4,1R,22.7,0,4,下落合駅,5,10.33,147844.38,82826.39,507,879,1,0.10632467714132027
https://suumo.jp/chintai/jnc_000106308577/?bc=100475972894,下落合ヒルズ,東京都新宿区中落合１,115000.0,,115000.0,115000.0,4,1R,23.3,0,4,下落合駅,5,10.33,147844.38,82826.39,507,879,1,0.1056112980057049
https://suumo.jp/chintai/jnc_000105746722/?bc=100496073697,ルフォンプログレ高田馬場ノース,東京都新宿区高田馬場３,363000.0,20000.0,363000.0,,2,2LDK,61.74,0,5,下落合駅,5,9.67,147844.38,243512.76,507,392,1,0.03942433040621812
https://suumo.jp/chintai/jnc_000104347538/?bc=100485041301,シーズンフラッツ高田馬場リバーサイドサウス,東京都新宿区高田馬場３,205000.0,15000.0,,,6,1LDK,42.12,4,6,下落合駅,7,10.33,147844.38,170377.07,507,811,1,0.07526178350407453
https://suumo.jp/chintai/jnc_000094158999/?bc=100502962787,五月荘,東京都新宿区下落合４,28000.0,,,,1,1R,9.9,62,2,下落合駅,7,11.67,147844.38,82826.39,507,879,1,0.01670751119037217
https://suumo.jp/chintai/jnc_000106500610/?bc=100505932379,シーズンフラッツ高田馬場リバーサイドサウス,東京都新宿区高田馬場３,162000.0,10000.0,,,4,1LDK,30.48,4,6,下落合駅,7,10.33,147844.38,170377.07,507,811,1,0.11315632599432301
https://suumo.jp/chintai/jnc_000093072448/?bc=100503546993,日神パレス下落合,東京都新宿区中落合１,60000.0,,60000.0,60000.0,1,1R,15.0,39,5,下落合駅,4,8.67,147844.38,82826.39,507,879,1,0.08778146064393577
https://suumo.jp/chintai/jnc_000104464219/?bc=100499513614,シーズンフラッツ高田馬場リバーサイドサウス,東京都新宿区高田馬場３,143000.0,10000.0,,,2,1LDK,28.32,4,6,下落合駅,7,10.33,147844.38,170377.07,507,811,1,0.1095385336968358
https://suumo.jp/chintai/jnc_000107026577/?bc=100505894773,日神パレス下落合,東京都新宿区中落合１,65000.0,,65000.0,,3,1R,14.72,39,5,下落合駅,4,8.67,147844.38,82826.39,507,879,1,0.08757211021677658
https://suumo.jp/chintai/jnc_000106924770/?bc=100505171282,日神パレス下落合,東京都新宿区中落合１,59000.0,6000.0,59000.0,59000.0,5,1R,14.73,39,5,下落合駅,4,8.67,147844.38,82826.39,507,879,1,0.07098767258318889
https://suumo.jp/chintai/jnc_000106817670/?bc=100504072841,都営大江戸線 落合南長崎駅 7階建 築26年,東京都新宿区中落合２,72000.0,3000.0,72000.0,72000.0,2,1K,20.84,26,7,下落合駅,8,12.67,147844.38,98445.68,507,1447,1,0.11272137554120315
https://suumo.jp/chintai/jnc_000105257462/?bc=100501627579,クレイシア新宿中落合,東京都新宿区中落合２,95500.0,12000.0,95500.0,95500.0,4,1K,25.35,7,9,下落合駅,9,9.67,147844.38,98445.68,507,1447,1,0.130597278249385
https://suumo.jp/chintai/jnc_000106601274/?bc=100502683309,T.FLAT,東京都新宿区下落合４,89000.0,7000.0,,89000.0,2,1K,25.93,17,2,下落合駅,8,11.67,147844.38,98445.68,507,1447,1,0.14728486223288856
https://suumo.jp/chintai/jnc_000105663465/?bc=100506270092,クレイシア新宿中落合,東京都新宿区中落合２,95500.0,12000.0,95500.0,95500.0,3,1K,25.35,7,9,下落合駅,9,9.67,147844.38,98445.68,507,1447,1,0.13289062064597995
https://suumo.jp/chintai/jnc_000104411709/?bc=100485453366,シーズンフラッツ高田馬場リバーサイド,東京都新宿区高田馬場３,205000.0,15000.0,,,6,1LDK,42.12,4,6,下落合駅,7,10.33,147844.38,170377.07,507,811,1,0.07526178350407453
https://suumo.jp/chintai/jnc_000106342719/?bc=100501569361,クレイシア新宿中落合,東京都新宿区中落合２,103000.0,12000.0,103000.0,103000.0,2,1K,25.35,7,9,下落合駅,9,9.67,147844.38,98445.68,507,1447,1,0.13270418137055634
https://suumo.jp/chintai/jnc_000106771783/?bc=100502159951,シーズンフラッツ高田馬場リバーサイド,東京都新宿区高田馬場３,162000.0,10000.0,,,4,1LDK,30.48,4,6,下落合駅,7,10.33,147844.38,170377.07,507,811,1,0.11315632599432301
https://suumo.jp/chintai/jnc_000107003790/?bc=100505827221,西武新宿線 下落合駅 2階建 築16年,東京都新宿区上落合１,52000.0,3000.0,,,1,1R,8.95,16,2,下落合駅,4,10.33,147844.38,82826.39,507,879,1,0.08556774823291158
https://suumo.jp/chintai/jnc_000106731967/?bc=100503939219,西武新宿線 下落合駅 2階建 築17年,東京都新宿区下落合４,63000.0,3000.0,,63000.0,1,1R,10.01,17,2,下落合駅,4,10.33,147844.38,82826.39,507,879,1,0.0918778236824353
https://suumo.jp/chintai/jnc_000105577719/?bc=100495154311,西武新宿線 下落合駅 2階建 築17年,東京都新宿区下落合４,65000.0,3000.0,65000.0,65000.0,2,1R,9.2,17,2,下落合駅,4,10.33,147844.38,82826.39,507,879,1,0.09370420468087542
https://suumo.jp/chintai/jnc_000077419988/?bc=100506806786,グリーンハイツ山田,東京都新宿区下落合２,53000.0,,53000.0,,2,1K,20.4,70,2,下落合駅,6,10.33,147844.38,98445.68,507,1447,1,0.08459936684720781
https://suumo.jp/chintai/jnc_000106888804/?bc=100103302625,グリーンテラス,東京都新宿区中落合２,63000.0,2000.0,63000.0,63000.0,1,1K,24.75,48,2,下落合駅,6,11.00,147844.38,98445.68,507,1447,1,0.08521588929053159
https://suumo.jp/chintai/jnc_000104752956/?bc=100503547055,メゾンカルム中落合Ｓｏｕｔｈ,東京都新宿区中落合２,210000.0,15000.0,210000.0,,2,3LDK,63.0,37,3,下落合駅,6,10.67,147844.38,281205.13,507,156,1,0.023411708236722728
https://suumo.jp/chintai/jnc_000105901168/?bc=100498181056,ＡＺ　Ｓｍａｒｔ　目白御留山,東京都新宿区中落合２,202000.0,15000.0,,,2,1LDK,43.35,2,4,下落合駅,5,10.67,147844.38,170377.07,507,811,1,0.10600779271595495
https://suumo.jp/chintai/jnc_000106168111/?bc=100503547170,ＡＺ　Ｓｍａｒｔ　目白御留山,東京都新宿区中落合２,185000.0,15000.0,,,-1,1LDK,36.95,2,4,下落合駅,5,10.67,147844.38,170377.07,507,811,1,0.09748639200565301
https://suumo.jp/chintai/jnc_000107108200/?bc=100471122556,パークハイム中落合,東京都新宿区中落合２,276000.0,23220.0,276000.0,276000.0,2,3LDK,89.92,45,4,下落合駅,7,12.33,147844.38,281205.13,507,156,-1,-0.050441873418595295
https://suumo.jp/chintai/jnc_000105999408/?bc=100497934176,西武新宿線 下落合駅 2階建 築33年,東京都新宿区上落合１,160000.0,,160000.0,160000.0,2,1R,33.0,33,2,下落合駅,5,7.33,147844.38,82826.39,507,879,1,0.07640770554020004
https://suumo.jp/chintai/jnc_000106825148/?bc=100504739121,西武新宿線 下落合駅 2階建 築57年,東京都新宿区上落合１,76000.0,2000.0,38000.0,114000.0,2,1R,21.11,57,2,下落合駅,5,7.33,147844.38,82826.39,507,879,1,0.03823816319811002
https://suumo.jp/chintai/jnc_000107169500/?bc=100506628647,西武新宿線 下落合駅 2階建 築8年,東京都新宿区上落合１,61000.0,4000.0,61000.0,61000.0,2,1R,11.46,8,2,下落合駅,2,8.67,147844.38,82826.39,507,879,1,0.08124731077432501
https://suumo.jp/chintai/jnc_000105672704/?bc=100488892218,クロノス高田馬場,東京都新宿区高田馬場３,172000.0,5000.0,172000.0,172000.0,2,1LDK,41.06,4,3,下落合駅,7,7.50,147844.38,170377.07,507,811,1,0.11144299115568362
https://suumo.jp/chintai/jnc_000106562140/?bc=100502833021,西武新宿線 下落合駅 3階建 築29年,東京都新宿区高田馬場３,75000.0,5000.0,75000.0,,2,1R,16.11,29,3,下落合駅,9,12.33,147844.38,82826.39,507,879,1,0.09919080438580341
https://suumo.jp/chintai/jnc_000106634624/?bc=100504072526,フローラ中落合,東京都新宿区中落合２,134000.0,5000.0,,134000.0,2,2LDK,47.82,33,2,下落合駅,7,10.33,147844.38,243512.76,507,392,1,0.09053514480266778
https://suumo.jp/chintai/jnc_000104717475/?bc=100500707202,グランヒルズ中落合,東京都新宿区中落合２,155000.0,10000.0,155000.0,,4,1LDK,34.9,1,4,下落合駅,6,7.00,147844.38,170377.07,507,811,1,0.09961209824929229
https://suumo.jp/chintai/jnc_000099217313/?bc=100502316045,西武新宿線 下落合駅 3階建 築29年,東京都新宿区高田馬場３,75000.0,5000.0,75000.0,,3,1R,16.11,29,3,下落合駅,9,12.33,147844.38,82826.39,507,879,1,0.09561938322828867
https://suumo.jp/chintai/jnc_000107003814/?bc=100505523976,西武新宿線 下落合駅 4階建 築41年,東京都新宿区中落合２,59000.0,4000.0,59000.0,59000.0,2,1R,15.04,41,4,下落合駅,10,11.00,147844.38,82826.39,507,879,1,0.08360385122866432
https://suumo.jp/chintai/jnc_000107003812/?bc=100505523980,西武新宿線 下落合駅 5階建 築36年,東京都新宿区中落合２,65000.0,,65000.0,65000.0,2,1R,14.84,36,5,下落合駅,6,9.67,147844.38,82826.39,507,879,1,0.09763880604295377
https://suumo.jp/chintai/jnc_000103959569/?bc=100494808771,ルクレ目白西坂,東京都新宿区中落合２,145000.0,15000.0,,,2,2SK,28.41,4,4,下落合駅,4,10.00,147844.38,145000.00,507,1,1,0.06806490305735913
https://suumo.jp/chintai/jnc_000106284723/?bc=100500359005,ｓｉｌｋｙ聖母坂,東京都新宿区下落合４,110000.0,10000.0,220000.0,110000.0,3,1K,33.54,14,4,下落合駅,3,9.67,147844.38,98445.68,507,1447,1,0.12732639967589837
https://suumo.jp/chintai/jnc_000106788746/?bc=100503653238,西武新宿線 下落合駅 6階建 築4年,東京都新宿区中落合１,153000.0,15000.0,153000.0,153000.0,6,1LDK,33.6,4,6,下落合駅,5,8.00,147844.38,170377.07,507,811,1,0.07210766578317424
https://suumo.jp/chintai/jnc_000072647446/?bc=100502987071,ZOOM高田馬場WEST,東京都新宿区高田馬場３,132000.0,9000.0,132000.0,132000.0,4,1DK,30.94,5,6,下落合駅,4,10.00,147844.38,130743.78,507,402,1,0.14772273438407996
https://suumo.jp/chintai/jnc_000107045073/?bc=100506034488,西武新宿線 下落合駅 5階建 築39年,東京都新宿区中落合１,65000.0,,65000.0,,3,1R,14.72,39,5,下落合駅,5,8.33,147844.38,82826.39,507,879,1,0.08977377648920504
https://suumo.jp/chintai/jnc_000106939212/?bc=100505260483,西武新宿線 下落合駅 5階建 築39年,東京都新宿区中落合１,59000.0,6000.0,59000.0,59000.0,5,1R,14.73,39,5,下落合駅,5,8.33,147844.38,82826.39,507,879,1,0.07291544014453849
https://suumo.jp/chintai/jnc_000103649370/?bc=100486546861,西武新宿線 下落合駅 7階建 築19年,東京都新宿区中落合１,104000.0,15000.0,,,2,1R,24.09,19,7,下落合駅,5,10.33,147844.38,82826.39,507,879,1,0.08222392774930393
https://suumo.jp/chintai/jnc_000107169541/?bc=100497930442,西武新宿線 下落合駅 7階建 築19年,東京都新宿区中落合１,124000.0,15000.0,,,2,1R,29.84,19,7,下落合駅,5,10.67,147844.38,82826.39,507,879,1,0.07772376301150957
https://suumo.jp/chintai/jnc_000107122995/?bc=100506869286,グランジュール目白西,東京都新宿区下落合４,84000.0,5000.0,,84000.0,2,1K,19.09,24,9,下落合駅,2,10.00,147844.38,98445.68,507,1447,1,0.10613869193038539
https://suumo.jp/chintai/jnc_000107091701/?bc=100506373933,エミリブ下落合,東京都新宿区下落合１,248000.0,12000.0,,,4,2LDK,50.4,14,8,下落合駅,1,8.00,147844.38,243512.76,507,392,1,0.04211586794142974
https://suumo.jp/chintai/jnc_000105663449/?bc=100495393681,グランジュール目白西,東京都新宿区下落合４,68000.0,10000.0,,102000.0,1,1K,18.87,24,9,下落合駅,2,10.00,147844.38,98445.68,507,1447,1,0.09156127527891017
https://suumo.jp/chintai/jnc_000105999449/?bc=100503568189,西武新宿線 下落合駅 7階建 築19年,東京都新宿区中落合１,127000.0,15000.0,,,2,1R,29.84,19,7,下落合駅,5,10.67,147844.38,82826.39,507,879,1,0.07618782981775507
https://suumo.jp/chintai/jnc_000106445415/?bc=100501839170,グランヴァン高田馬場,東京都新宿区下落合１,71000.0,15000.0,,71000.0,5,1K,18.24,29,7,下落合駅,2,8.67,147844.38,98445.68,507,1447,1,0.07070290023076797
https://suumo.jp/chintai/jnc_000105048552/?bc=100492808760,エミリブ下落合,東京都新宿区下落合１,258000.0,12000.0,,,4,2LDK,50.4,14,8,下落合駅,1,8.00,147844.38,243512.76,507,392,1,0.039492847053934355
https://suumo.jp/chintai/jnc_000106908673/?bc=100504898782,西武新宿線 下落合駅 7階建 築19年,東京都新宿区中落合１,110000.0,15000.0,,,3,1R,23.71,19,7,下落合駅,5,10.33,147844.38,82826.39,507,879,1,0.08169021274953225
https://suumo.jp/chintai/jnc_000106119923/?bc=100499135549,リヴィコート下落合,東京都新宿区下落合１,160000.0,10000.0,160000.0,,3,1LDK,36.61,3,6,下落合駅,1,10.00,147844.38,170377.07,507,811,1,0.09353433692395136
https://suumo.jp/chintai/jnc_000107169537/?bc=100489820614,レジディア中落合,東京都新宿区中落合１,213000.0,25000.0,213000.0,,7,2LDK,52.87,19,7,下落合駅,5,7.67,147844.38,243512.76,507,392,1,0.02053247576531758
https://suumo.jp/chintai/jnc_000104967557/?bc=100497299973,レジディア中落合,東京都新宿区中落合１,218000.0,25000.0,218000.0,,7,2LDK,52.87,19,7,下落合駅,5,7.67,147844.38,243512.76,507,392,1,0.02053247576531758
https://suumo.jp/chintai/jnc_000106910348/?bc=100504898781,西武新宿線 下落合駅 7階建 築19年,東京都新宿区中落合１,100000.0,15000.0,,,5,1R,21.74,19,7,下落合駅,5,10.67,147844.38,82826.39,507,879,1,0.07295633966711945
https://suumo.jp/chintai/jnc_000105838422/?bc=100496534171,西武新宿線 下落合駅 7階建 築19年,東京都新宿区中落合１,115000.0,15000.0,,,6,1R,26.18,19,7,下落合駅,5,10.67,147844.38,82826.39,507,879,1,0.06274939334320984
https://suumo.jp/chintai/jnc_000104805937/?bc=100489391885,西武新宿線 下落合駅 地下1地上4階建 築5年,東京都新宿区上落合１,88000.0,9000.0,,,2,1R,18.13,5,5,下落合駅,4,8.00,147844.38,82826.39,507,879,1,0.0843891524793478
https://suumo.jp/chintai/jnc_000086225933/?bc=100506704459,ヴィレッジ中落合,東京都新宿区中落合２,69000.0,,69000.0,,1,1DK,25.5,65,2,下落合駅,9,10.67,147844.38,130743.78,507,402,1,0.09107825713100853
https://suumo.jp/chintai/jnc_000107137656/?bc=100506449584,ＬＩＥＢＥ高田馬場,東京都新宿区高田馬場３,123000.0,10000.0,,,2,1LDK,30.5,10,4,下落合駅,4,9.00,147844.38,170377.07,507,811,1,0.10960621053599184
https://suumo.jp/chintai/jnc_000058780961/?bc=100500055781,西武新宿線 下落合駅 地下1地上5階建 築40年,東京都新宿区中落合１,64000.0,4000.0,64000.0,64000.0,3,1R,16.06,40,6,下落合駅,6,8.67,147844.38,82826.39,507,879,1,0.08876958096422283
https://suumo.jp/chintai/jnc_000107182835/?bc=100506901753,西武新宿線 下落合駅 地下2地上2階建 築4年,東京都新宿区中落合２,110000.0,12000.0,,,2,1R,20.0,4,4,下落合駅,4,11.00,147844.38,82826.39,507,879,1,0.09526724754665039
https://suumo.jp/chintai/jnc_000107087713/?bc=100506330330,カメリア新目白,東京都新宿区中落合１,90000.0,5000.0,90000.0,90000.0,2,1K,23.5,27,5,下落合駅,3,8.33,147844.38,98445.68,507,1447,1,0.13276221113282993
https://suumo.jp/chintai/jnc_000106831043/?bc=100504318902,ガーラ新宿下落合,東京都新宿区下落合１,84000.0,9000.0,84000.0,168000.0,6,1K,20.9,22,8,下落合駅,2,8.67,147844.38,98445.68,507,1447,1,0.08358922693004117
https://suumo.jp/chintai/jnc_000106339829/?bc=100504304969,ガーラ新宿下落合,東京都新宿区下落合１,78500.0,9000.0,78500.0,157000.0,2,1K,21.66,22,8,下落合駅,2,8.67,147844.38,98445.68,507,1447,1,0.10450246822366671
https://suumo.jp/chintai/jnc_000104769190/?bc=100503606763,グラナーデ目白御留山,東京都新宿区下落合４,229000.0,10000.0,,,3,2LDK,46.32,2,3,下落合駅,8,12.67,147844.38,243512.76,507,392,1,0.09103484962042324
https://suumo.jp/chintai/jnc_000106627963/?bc=100506222964,ガーデニア目白,東京都新宿区下落合４,83000.0,3000.0,83000.0,83000.0,1,1K,25.87,21,2,下落合駅,10,11.67,147844.38,98445.68,507,1447,1,0.12215925853615517
https://suumo.jp/chintai/jnc_000106924755/?bc=100505058800,Ｇｒｏｗｃｅｌ下落合,東京都新宿区下落合４,70000.0,4000.0,70000.0,,1,1K,12.22,6,3,下落合駅,3,9.00,147844.38,98445.68,507,1447,1,0.11121945147488882
https://suumo.jp/chintai/jnc_000106624151/?bc=100503091900,エミリブ下落合,東京都新宿区下落合１,147000.0,8000.0,,,7,1K,25.46,14,8,下落合駅,1,8.00,147844.38,98445.68,507,1447,1,0.08257546786026182
https://suumo.jp/chintai/jnc_000106061028/?bc=100503547150,エミリブ下落合,東京都新宿区下落合１,145000.0,8000.0,,,6,1K,25.46,14,8,下落合駅,1,8.00,147844.38,98445.68,507,1447,1,0.08318842302238855
https://suumo.jp/chintai/jnc_000105415346/?bc=100503547114,エミリブ下落合,東京都新宿区下落合１,144000.0,8000.0,,,5,1K,25.46,14,8,下落合駅,1,8.00,147844.38,98445.68,507,1447,1,0.09899621370311507
https://suumo.jp/chintai/jnc_000105527430/?bc=100495388757,エミリブ下落合,東京都新宿区下落合１,144000.0,8000.0,,,4,1K,25.46,14,8,下落合駅,1,8.00,147844.38,98445.68,507,1447,1,0.10397993312832432
https://suumo.jp/chintai/jnc_000104830311/?bc=100487634700,エミリブ下落合,東京都新宿区下落合１,147000.0,8000.0,,,3,1K,25.11,14,8,下落合駅,1,8.00,147844.38,98445.68,507,1447,1,0.10647603674661887
https://suumo.jp/chintai/jnc_000106640667/?bc=100497742989,エミリブ下落合,東京都新宿区下落合１,141000.0,8000.0,,,3,1K,25.11,14,8,下落合駅,1,8.00,147844.38,98445.68,507,1447,1,0.10801669813352094
https://suumo.jp/chintai/jnc_000106587321/?bc=100503733287,エミリブ下落合,東京都新宿区下落合１,138000.0,8000.0,,,2,1K,25.46,14,8,下落合駅,1,8.00,147844.38,98445.68,507,1447,1,0.10682489284495172
https://suumo.jp/chintai/jnc_000105415345/?bc=100504197357,エミリブ下落合,東京都新宿区下落合１,132000.0,8000.0,,,1,1K,25.11,14,8,下落合駅,1,8.00,147844.38,98445.68,507,1447,1,0.10572290724054495
https://suumo.jp/chintai/jnc_000106515270/?bc=100502398746,エバーグリーンハウス,東京都新宿区中落合２,86000.0,3000.0,86000.0,86000.0,1,1K,20.28,55,2,下落合駅,7,13.00,147844.38,98445.68,507,1447,1,0.07976890326100822
https://suumo.jp/chintai/jnc_000106696049/?bc=100503346557,西武新宿線 下落合駅 11階建 築57年,東京都新宿区上落合１,165000.0,17000.0,165000.0,165000.0,3,2LDK,50.0,57,11,下落合駅,2,8.67,147844.38,243512.76,507,392,1,0.013509005178900524
https://suumo.jp/chintai/jnc_000106689144/?bc=100502103337,シャトー桐,東京都新宿区下落合４,82000.0,3000.0,82000.0,82000.0,3,1DK,21.87,48,3,下落合駅,7,10.67,147844.38,130743.78,507,402,1,0.1146545623658502
https://suumo.jp/chintai/jnc_000107096496/?bc=100506243418,高田馬場パーク・ホームズ,東京都新宿区高田馬場４,245000.0,10000.0,245000.0,367500.0,8,3LDK,72.19,33,8,下落合駅,10,12.00,147844.38,281205.13,507,156,-1,-0.022221212917796995
https://suumo.jp/chintai/jnc_000106888781/?bc=100504904167,日興パレス高田馬場,東京都新宿区上落合１,165000.0,,165000.0,165000.0,3,1LDK,45.65,45,5,下落合駅,8,9.67,147844.38,170377.07,507,811,1,0.0911930063686886
https://suumo.jp/chintai/jnc_000105496289/?bc=100494005152,エクセル・ワン高田馬場,東京都新宿区高田馬場３,102000.0,4000.0,102000.0,102000.0,1,1K,29.32,22,3,下落合駅,6,11.33,147844.38,98445.68,507,1447,1,0.14424307216558485
https://suumo.jp/chintai/jnc_000107020311/?bc=100505827180,ミレドゥーエ新宿中落合,東京都新宿区中落合２,134000.0,15000.0,,,4,1DK,25.45,6,4,下落合駅,9,10.00,147844.38,130743.78,507,402,1,0.1425701176747402
https://suumo.jp/chintai/jnc_000106854231/?bc=100504733138,ヴェルト新宿落合,東京都新宿区下落合４,87000.0,5000.0,,87000.0,2,1K,19.92,23,4,下落合駅,7,11.67,147844.38,98445.68,507,1447,1,0.1477994774972456
https://suumo.jp/chintai/jnc_000106640676/?bc=100504530666,ヴェルデ下落合,東京都新宿区中落合１,91000.0,4000.0,91000.0,91000.0,4,1K,20.73,18,4,下落合駅,2,8.67,147844.38,98445.68,507,1447,1,0.11317671479582392
https://suumo.jp/chintai/jnc_000106346641/?bc=100506128119,西武新宿線 下落合駅 地下1地上3階建 築5年,東京都新宿区下落合４,138000.0,20000.0,,,2,1DK,23.64,5,4,下落合駅,7,11.33,147844.38,130743.78,507,402,1,0.13152417854197174
https://suumo.jp/chintai/jnc_000106862524/?bc=100504521693,ヴェルデ下落合,東京都新宿区中落合１,94000.0,4000.0,94000.0,94000.0,2,1K,20.73,18,4,下落合駅,2,8.67,147844.38,98445.68,507,1447,1,0.12478567445734473
https://suumo.jp/chintai/jnc_000106696083/?bc=100503485279,ヴァンヴェール,東京都新宿区高田馬場３,92000.0,3000.0,92000.0,,4,1K,24.7,30,4,下落合駅,8,10.67,147844.38,98445.68,507,1447,1,0.1228702207121446
https://suumo.jp/chintai/jnc_000106837372/?bc=100504752154,グレース目白,東京都新宿区下落合４,170000.0,7000.0,,,3,2LDK,64.39,35,3,下落合駅,9,13.33,147844.38,243512.76,507,392,1,0.06654881547918357
https://suumo.jp/chintai/jnc_000104776564/?bc=100499620204,西武新宿線 下落合駅 3階建 築2年,東京都新宿区下落合４,229000.0,10000.0,,,3,2LDK,46.32,2,3,下落合駅,7,12.67,147844.38,243512.76,507,392,1,0.09652113245352406
https://suumo.jp/chintai/jnc_000104752955/?bc=100493861764,メゾンカルム中落合Ｓｏｕｔｈ,東京都新宿区中落合２,219000.0,15000.0,219000.0,,2,3LDK,66.65,37,3,下落合駅,6,10.67,147844.38,281205.13,507,156,1,0.012602572076740537
https://suumo.jp/chintai/jnc_000105983572/?bc=100505924291,目白台ビル,東京都新宿区下落合２,228000.0,10000.0,456000.0,228000.0,1,2LDK,71.88,36,4,下落合駅,8,10.00,147844.38,243512.76,507,392,1,0.05627656878379017
https://suumo.jp/chintai/jnc_000104509150/?bc=100451032993,アルティザ新宿落合ソノリテ,東京都新宿区上落合２,126000.0,18000.0,,126000.0,2,1K,25.13,2,5,下落合駅,5,7.67,147844.38,98445.68,507,1447,1,0.09947662099247012
https://suumo.jp/chintai/jnc_000075959765/?bc=100504768601,アネックスＡ,東京都新宿区高田馬場３,81000.0,4000.0,81000.0,81000.0,1,1K,20.09,26,3,下落合駅,5,7.67,147844.38,98445.68,507,1447,1,0.1332889711642795
https://suumo.jp/chintai/jnc_000104909301/?bc=100501004862,西武新宿線 下落合駅 3階建 築3年,東京都新宿区中落合２,278000.0,20000.0,278000.0,278000.0,2,3LDK,61.6,3,3,下落合駅,6,10.00,147844.38,281205.13,507,156,1,0.014517820379929547
https://suumo.jp/chintai/jnc_000104909301/?bc=100501004862,西武新宿線 下落合駅 3階建 築3年,東京都新宿区中落合２,278000.0,20000.0,278000.0,278000.0,3,3LDK,61.6,3,3,下落合駅,6,10.00,147844.38,281205.13,507,156,1,0.012211127730766824
https://suumo.jp/chintai/jnc_000103244916/?bc=100474545831,メゾンカルム中落合Ｓｏｕｔｈ,東京都新宿区中落合２,211000.0,15000.0,211000.0,,3,3LDK,63.0,37,3,下落合駅,6,10.67,147844.38,281205.13,507,156,1,0.021012035237673976
https://suumo.jp/chintai/jnc_000106684041/?bc=100476051201,西武新宿線 下落合駅 地下2地上2階建 築2年,東京都新宿区中落合２,230000.0,15000.0,,,-2,1SLDK,48.99,2,4,下落合駅,4,10.00,147844.38,231590.91,507,33,1,0.037585157895839605
https://suumo.jp/chintai/jnc_000105872891/?bc=100497299651,ＡＺ　Ｓｍａｒｔ　目白御留山,東京都新宿区中落合２,230000.0,15000.0,,,1,1SLDK,48.99,2,4,下落合駅,5,10.67,147844.38,231590.91,507,33,1,0.06268843644140526
https://suumo.jp/chintai/jnc_000094399232/?bc=100499366066,D‘sVARIE高田馬場レジデンス,東京都新宿区下落合４,125000.0,20000.0,,,-1,1DK,24.05,5,3,下落合駅,7,11.67,147844.38,130743.78,507,402,1,0.11945060521970147
https://suumo.jp/chintai/jnc_000105554298/?bc=100494176276,西武新宿線 下落合駅 7階建 築3年,東京都新宿区上落合１,153000.0,12000.0,153000.0,153000.0,4,2DK,30.02,3,7,下落合駅,5,6.00,147844.38,135945.31,507,128,1,0.027339342761624474
https://suumo.jp/chintai/jnc_000106326317/?bc=100500691939,D‘sVARIE高田馬場レジデンス,東京都新宿区下落合４,138000.0,20000.0,,,2,1DK,23.64,5,3,下落合駅,7,11.67,147844.38,130743.78,507,402,1,0.13026512983153404
https://suumo.jp/chintai/jnc_000105721175/?bc=100495652318,西武新宿線 下落合駅 7階建 築3年,東京都新宿区上落合１,155000.0,12000.0,155000.0,155000.0,5,2DK,30.02,3,7,下落合駅,5,6.00,147844.38,135945.31,507,128,1,0.024078695411096196
https://suumo.jp/chintai/jnc_000104573255/?bc=100495300092,西武新宿線 下落合駅 7階建 築3年,東京都新宿区上落合１,153000.0,12000.0,153000.0,,6,2DK,30.02,3,7,下落合駅,5,6.00,147844.38,135945.31,507,128,1,0.017264546906666678
https://suumo.jp/chintai/jnc_000106862503/?bc=100504688317,ＪＲ山手線 高田馬場駅 10階建 築17年,東京都新宿区下落合４,91000.0,5000.0,,91000.0,5,1K,21.28,17,10,下落合駅,5,10.00,147844.38,98445.68,507,1447,1,0.11705357236200498
https://suumo.jp/chintai/jnc_000106761448/?bc=100503844005,ＪＲ山手線 高田馬場駅 10階建 築11年,東京都新宿区下落合１,111000.0,8000.0,,111000.0,8,1K,25.5,11,10,下落合駅,3,7.67,147844.38,98445.68,507,1447,1,0.07970519147406635
https://suumo.jp/chintai/jnc_000105842822/?bc=100499943078,Oceano,東京都新宿区上落合１,160000.0,10000.0,,160000.0,1,2DK,48.72,20,3,下落合駅,6,7.67,147844.38,135945.31,507,128,1,0.04625228517835067
https://suumo.jp/chintai/jnc_000105825545/?bc=100499794760,マンションヴィップ落合,東京都新宿区高田馬場３,170000.0,,170000.0,170000.0,3,2DK,48.32,56,11,下落合駅,7,11.33,147844.38,135945.31,507,128,1,0.02379281256074045
https://suumo.jp/chintai/jnc_000105976570/?bc=100498071201,マンションヴィップ落合,東京都新宿区高田馬場３,128000.0,4000.0,128000.0,128000.0,3,2DK,42.61,56,11,下落合駅,7,11.33,147844.38,135945.31,507,128,1,0.03273788000304567
https://suumo.jp/chintai/jnc_000106696091/?bc=100500197402,西武新宿線 下落合駅 5階建 築22年,東京都新宿区中落合２,275000.0,12275.0,275000.0,,4,3LDK,69.48,22,5,下落合駅,3,11.00,147844.38,281205.13,507,156,-1,-0.007638368203081614
https://suumo.jp/chintai/jnc_000106428551/?bc=100501463815,メゾンカルム中落合サウス,東京都新宿区中落合２,219000.0,15000.0,219000.0,,1,3LDK,66.65,37,3,下落合駅,7,11.33,147844.38,281205.13,507,156,1,0.003857595962496796
https://suumo.jp/chintai/jnc_000106321635/?bc=100503547166,APRICOT,東京都新宿区中落合２,110000.0,4000.0,,165000.0,2,1K,26.49,20,2,下落合駅,9,12.67,147844.38,98445.68,507,1447,1,0.1345692002457683
https://suumo.jp/chintai/jnc_000103969230/?bc=100501183645,Ｈｘ中落合,東京都新宿区中落合２,380000.0,4000.0,380000.0,380000.0,3,4LDK,108.0,57,3,下落合駅,8,10.33,147844.38,309285.71,507,14,-1,-0.061618272663218954
https://suumo.jp/chintai/jnc_000107020312/?bc=100505824458,ミレドゥーエ新宿中落合,東京都新宿区中落合２,144000.0,15000.0,,,4,1DK,25.45,6,4,下落合駅,9,10.00,147844.38,130743.78,507,402,1,0.14440957036766022
https://suumo.jp/chintai/jnc_000105968026/?bc=100497682050,西武新宿線 下落合駅 4階建 築5年,東京都新宿区中落合２,103000.0,15000.0,,,1,1DK,25.42,5,4,下落合駅,9,11.00,147844.38,130743.78,507,402,1,0.14538748164030196
https://suumo.jp/chintai/jnc_000105382042/?bc=100501797669,メゾンカルム中落合ノース,東京都新宿区中落合２,217000.0,15000.0,217000.0,,1,3LDK,63.0,37,3,下落合駅,8,10.33,147844.38,281205.13,507,156,1,0.010537033231088566
https://suumo.jp/chintai/jnc_000106018897/?bc=100492025620,レグルス下落合,東京都新宿区下落合４,201000.0,10000.0,201000.0,201000.0,-1,1LDK,44.3,2,3,下落合駅,3,10.33,147844.38,170377.07,507,811,1,0.08658360889130262
https://suumo.jp/chintai/jnc_000104776559/?bc=100503908430,西武新宿線 下落合駅 10階建 築43年,東京都新宿区下落合１,135000.0,5000.0,135000.0,135000.0,5,2DK,43.52,43,10,下落合駅,1,8.00,147844.38,135945.31,507,128,1,0.007916462350272546
https://suumo.jp/chintai/jnc_000106854229/?bc=100505144121,西武新宿線 下落合駅 10階建 築43年,東京都新宿区下落合１,129000.0,6000.0,129000.0,129000.0,5,2DK,43.52,43,10,下落合駅,1,8.00,147844.38,135945.31,507,128,1,0.010007498112020952
https://suumo.jp/chintai/jnc_000106831044/?bc=100503871730,下落合ハウス,東京都新宿区下落合１,129000.0,6000.0,129000.0,129000.0,5,2DK,43.52,43,10,下落合駅,1,9.33,147844.38,135945.31,507,128,1,0.011905990507977249
https://suumo.jp/chintai/jnc_000105746746/?bc=100496295215,ルフォンプログレ高田馬場ノース,東京都新宿区高田馬場３,197000.0,15000.0,197000.0,,5,1LDK,30.4,0,5,下落合駅,5,9.67,147844.38,170377.07,507,811,1,0.0912942496287315
https://suumo.jp/chintai/jnc_000104655128/?bc=100504251236,下落合ハウス,東京都新宿区下落合１,135000.0,5000.0,135000.0,135000.0,5,2DK,43.52,43,10,下落合駅,1,9.33,147844.38,135945.31,507,128,1,0.009182412935369144
https://suumo.jp/chintai/jnc_000105458772/?bc=100494186528,中井レジデンス,東京都新宿区上落合１,153000.0,12000.0,153000.0,153000.0,4,2DK,30.02,3,7,下落合駅,5,7.33,147844.38,135945.31,507,128,1,0.03916760030178956
https://suumo.jp/chintai/jnc_000105746758/?bc=100496424718,東京メトロ東西線 高田馬場駅 5階建 新築,東京都新宿区高田馬場３,192000.0,15000.0,192000.0,,2,1LDK,30.4,0,5,下落合駅,5,8.33,147844.38,170377.07,507,811,1,0.10268508846955576
https://suumo.jp/chintai/jnc_000105703664/?bc=100505992200,中井レジデンス,東京都新宿区上落合１,155000.0,12000.0,155000.0,155000.0,5,2DK,30.02,3,7,下落合駅,5,7.33,147844.38,135945.31,507,128,1,0.03598514097337796
https://suumo.jp/chintai/jnc_000106655074/?bc=100503071155,ＣＲＥＡＬ高田馬場,東京都新宿区下落合４,92000.0,10000.0,,,1,1K,19.82,6,3,下落合駅,3,9.33,147844.38,98445.68,507,1447,1,0.12858936965399798
https://suumo.jp/chintai/jnc_000104491569/?bc=100506673007,中井レジデンス,東京都新宿区上落合１,153000.0,12000.0,153000.0,,6,2DK,30.02,3,7,下落合駅,5,7.33,147844.38,135945.31,507,128,1,0.026057137660167873
https://suumo.jp/chintai/jnc_000106924750/?bc=100505058782,文祥下落合ハイツ,東京都新宿区下落合１,80500.0,7500.0,80500.0,80500.0,6,1K,20.97,24,10,下落合駅,3,9.00,147844.38,98445.68,507,1447,1,0.0856714724502512
https://suumo.jp/chintai/jnc_000106788728/?bc=100503995872,ＣＲＥＡＬ高田馬場,東京都新宿区下落合４,100000.0,10000.0,,,1,1K,19.82,6,3,下落合駅,3,9.33,147844.38,98445.68,507,1447,1,0.1283634155231182
https://suumo.jp/chintai/jnc_000104759805/?bc=100489180877,西武新宿線 下落合駅 3階建 築37年,東京都新宿区中落合２,211000.0,15000.0,211000.0,,3,3LDK,63.0,37,3,下落合駅,6,10.67,147844.38,281205.13,507,156,1,0.021012035237673976
https://suumo.jp/chintai/jnc_000105746742/?bc=100496264734,ルフォンプログレ高田馬場ノース,東京都新宿区高田馬場３,191000.0,15000.0,191000.0,,3,1LDK,30.4,0,5,下落合駅,5,9.67,147844.38,170377.07,507,811,1,0.10983701166096393
https://suumo.jp/chintai/jnc_000106924768/?bc=100333999769,パルテメゾン中落合,東京都新宿区中落合１,260000.0,14000.0,260000.0,260000.0,9,2LDK,60.95,3,9,下落合駅,2,8.67,147844.38,243512.76,507,392,1,0.01324493819444672
https://suumo.jp/chintai/jnc_000061717928/?bc=100491955044,寿荘,東京都新宿区高田馬場３,39000.0,1500.0,39000.0,,2,1K,15.0,56,2,下落合駅,9,10.33,147844.38,98445.68,507,1447,1,0.04727615331264884
https://suumo.jp/chintai/jnc_000086096054/?bc=100491944062,寿荘,東京都新宿区高田馬場３,39000.0,1500.0,39000.0,,2,1K,14.88,56,2,下落合駅,9,10.33,147844.38,98445.68,507,1447,1,0.04727615331264884
https://suumo.jp/chintai/jnc_000107177097/?bc=100506662795,パルテメゾン中落合,東京都新宿区中落合１,256000.0,14000.0,256000.0,256000.0,8,2LDK,62.9,3,9,下落合駅,2,8.67,147844.38,243512.76,507,392,1,0.017056433684552674
https://suumo.jp/chintai/jnc_000105160331/?bc=100498236092,ルクレ目白西坂,東京都新宿区中落合２,150000.0,15000.0,,,2,2K,29.13,4,4,下落合駅,4,10.00,147844.38,136763.16,507,114,1,0.04289422564000661
https://suumo.jp/chintai/jnc_000106924754/?bc=100505077314,西武新宿線 下落合駅 3階建 築35年,東京都新宿区下落合４,170000.0,7000.0,,,3,2LDK,58.59,35,3,下落合駅,9,12.33,147844.38,243512.76,507,392,1,0.07992761123013303
https://suumo.jp/chintai/jnc_000093203064/?bc=100504237767,サトウマンション,東京都新宿区下落合１,165000.0,5000.0,165000.0,165000.0,5,2LDK,68.0,47,6,下落合駅,4,10.00,147844.38,243512.76,507,392,1,0.03863686535219074
https://suumo.jp/chintai/jnc_000105678592/?bc=100495174024,匯金・下落合ビル,東京都新宿区下落合１,230000.0,10000.0,460000.0,,2,1K,28.0,31,8,下落合駅,3,9.67,147844.38,98445.68,507,1447,1,0.09596481792284217
https://suumo.jp/chintai/jnc_000105678593/?bc=100495174995,匯金・下落合ビル,東京都新宿区下落合１,230000.0,10000.0,460000.0,,2,1K,26.0,31,8,下落合駅,3,9.67,147844.38,98445.68,507,1447,1,0.09722137479362108
https://suumo.jp/chintai/jnc_000099890508/?bc=100505174239,西武新宿線 下落合駅 地下1地上3階建 築5年,東京都新宿区下落合４,180000.0,20000.0,,,3,1LDK,30.31,5,4,下落合駅,7,11.33,147844.38,170377.07,507,811,1,0.09504760518251243
https://suumo.jp/chintai/jnc_000106018898/?bc=100498641116,下落合ハイツ,東京都新宿区下落合４,60000.0,1000.0,60000.0,60000.0,1,1K,20.6,49,3,下落合駅,6,11.33,147844.38,98445.68,507,1447,1,0.07574640760049778
https://suumo.jp/chintai/jnc_000105041802/?bc=100490187400,横尾荘,東京都新宿区中落合２,60000.0,,60000.0,60000.0,1,1K,21.4,68,2,下落合駅,8,12.67,147844.38,98445.68,507,1447,1,0.07527447483981886
https://suumo.jp/chintai/jnc_000107026578/?bc=100505833800,西武新宿線 下落合駅 4階建 築6年,東京都新宿区中落合２,144000.0,15000.0,,,4,1DK,25.45,6,4,下落合駅,9,10.00,147844.38,130743.78,507,402,1,0.14440957036766022
https://suumo.jp/chintai/jnc_000106346659/?bc=100489101715,ジニア新宿中落合,東京都新宿区中落合２,278000.0,20000.0,278000.0,278000.0,2,3LDK,61.6,3,4,下落合駅,6,10.00,147844.38,281205.13,507,156,1,0.0139500499914893
https://suumo.jp/chintai/jnc_000102457925/?bc=100037761056,ＪＲ山手線 高田馬場駅 2階建 築33年,東京都新宿区下落合４,58000.0,2000.0,58000.0,58000.0,1,1K,17.39,33,2,下落合駅,6,11.67,147844.38,98445.68,507,1447,1,0.1063127581251343
https://suumo.jp/chintai/jnc_000102457926/?bc=100469738941,ＪＲ山手線 高田馬場駅 2階建 築33年,東京都新宿区下落合４,60000.0,2000.0,60000.0,60000.0,2,1K,17.39,33,2,下落合駅,6,11.67,147844.38,98445.68,507,1447,1,0.1088911709753203
https://suumo.jp/chintai/jnc_000106848307/?bc=100504470662,ハイネス落合,東京都新宿区中落合２,160000.0,,160000.0,160000.0,4,2LDK,44.23,54,7,下落合駅,3,10.00,147844.38,243512.76,507,392,1,0.06298071599681171
https://suumo.jp/chintai/jnc_000094983865/?bc=100503587667,目白おとめ山テラスボックス,東京都新宿区下落合４,92000.0,5000.0,92000.0,92000.0,3,1K,24.03,23,6,下落合駅,8,12.33,147844.38,98445.68,507,1447,1,0.13693615693039718
https://suumo.jp/chintai/jnc_000104902862/?bc=100489125960,ジニア新宿中落合,東京都新宿区中落合２,278000.0,20000.0,278000.0,278000.0,2,3LDK,61.6,3,4,下落合駅,6,10.00,147844.38,281205.13,507,156,1,0.0139500499914893
https://suumo.jp/chintai/jnc_000104902862/?bc=100489125960,ジニア新宿中落合,東京都新宿区中落合２,278000.0,20000.0,278000.0,278000.0,3,3LDK,61.6,3,4,下落合駅,6,10.00,147844.38,281205.13,507,156,1,0.012992986570819376
https://suumo.jp/chintai/jnc_000104398957/?bc=100485336970,アヴァンツァーレ新宿ピアチェーレ,東京都新宿区上落合１,115000.0,,115000.0,115000.0,3,2K,29.53,57,11,下落合駅,3,9.00,147844.38,136763.16,507,114,-1,-0.008250584546548034
https://suumo.jp/chintai/jnc_000105842833/?bc=100499065325,ノード・ハウス,東京都新宿区下落合４,222000.0,4000.0,,,2,2LDK,60.36,0,3,下落合駅,3,8.67,147844.38,243512.76,507,392,1,0.06343024013418497
https://suumo.jp/chintai/jnc_000105806879/?bc=100505380252,ＡＸＡＳ高田馬場,東京都新宿区高田馬場４,120000.0,15000.0,,,10,1K,26.03,16,11,下落合駅,11,12.33,147844.38,98445.68,507,1447,1,0.04408470122087704
https://suumo.jp/chintai/jnc_000106342717/?bc=100505338507,ＡＸＡＳ高田馬場,東京都新宿区高田馬場４,106000.0,10000.0,,106000.0,5,1K,26.03,16,11,下落合駅,11,12.33,147844.38,98445.68,507,1447,1,0.09616253148036341
https://suumo.jp/chintai/jnc_000107215528/?bc=100377506681,ＡＸＡＳ高田馬場,東京都新宿区高田馬場４,133000.0,11000.0,,133000.0,5,1K,26.03,16,11,下落合駅,11,12.33,147844.38,98445.68,507,1447,1,0.09031659040404016
https://suumo.jp/chintai/jnc_000076184194/?bc=100504771140,ＪＲ山手線 高田馬場駅 3階建 築26年,東京都新宿区高田馬場３,81000.0,4000.0,81000.0,81000.0,1,1K,20.09,26,3,下落合駅,5,7.67,147844.38,98445.68,507,1447,1,0.1332889711642795
https://suumo.jp/chintai/jnc_000099462488/?bc=100446667604,ＪＲ山手線 高田馬場駅 3階建 築33年,東京都新宿区高田馬場３,75000.0,2000.0,,,3,1K,20.0,33,3,下落合駅,7,11.67,147844.38,98445.68,507,1447,1,0.11233161920977469
https://suumo.jp/chintai/jnc_000104759771/?bc=100505975610,目白おとめ山テラスボックス,東京都新宿区下落合４,189000.0,7000.0,189000.0,189000.0,5,2K,48.48,23,6,下落合駅,8,12.33,147844.38,136763.16,507,114,1,0.029885389533522544
https://suumo.jp/chintai/jnc_000105806880/?bc=100503547010,ＡＸＡＳ高田馬場,東京都新宿区高田馬場４,120000.0,15000.0,,,7,1K,25.74,16,11,下落合駅,11,12.33,147844.38,98445.68,507,1447,1,0.06917479652396519
https://suumo.jp/chintai/jnc_000105842834/?bc=100499065308,ノード・ハウス,東京都新宿区下落合４,276000.0,4000.0,,,3,2LDK,70.98,0,3,下落合駅,3,8.67,147844.38,243512.76,507,392,1,0.03460604575223852
https://suumo.jp/chintai/jnc_000106848296/?bc=100506454256,ルネサンスコート目白御留山,東京都新宿区下落合４,159000.0,10000.0,159000.0,159000.0,4,2K,25.11,0,4,下落合駅,7,10.00,147844.38,136763.16,507,114,1,0.04538940492051996
https://suumo.jp/chintai/jnc_000106704560/?bc=100506221952,ＪＲ山手線 高田馬場駅 3階建 築6年,東京都新宿区下落合４,93000.0,4000.0,93000.0,93000.0,3,1K,20.36,6,3,下落合駅,6,11.33,147844.38,98445.68,507,1447,1,0.14167869581310594
https://suumo.jp/chintai/jnc_000106848291/?bc=100506451271,ルネサンスコート目白御留山,東京都新宿区下落合４,161000.0,10000.0,161000.0,161000.0,3,2K,25.11,0,4,下落合駅,7,10.00,147844.38,136763.16,507,114,1,0.04780237596076303
https://suumo.jp/chintai/jnc_000106848286/?bc=100506454316,ルネサンスコート目白御留山,東京都新宿区下落合４,161000.0,10000.0,161000.0,161000.0,3,2K,25.01,0,4,下落合駅,7,10.00,147844.38,136763.16,507,114,1,0.04780237596076303
https://suumo.jp/chintai/jnc_000104752942/?bc=100489892241,メゾンカルム中落合North,東京都新宿区中落合２,217000.0,15000.0,217000.0,,1,3LDK,63.0,37,3,下落合駅,6,9.33,147844.38,281205.13,507,156,1,0.015480972943744287
https://suumo.jp/chintai/jnc_000106848285/?bc=100506503136,ルネサンスコート目白御留山,東京都新宿区下落合４,161000.0,10000.0,161000.0,161000.0,2,2K,25.11,0,4,下落合駅,7,10.00,147844.38,136763.16,507,114,1,0.04818845638441005
https://suumo.jp/chintai/jnc_000106848280/?bc=100506501690,ルネサンスコート目白御留山,東京都新宿区下落合４,161000.0,10000.0,161000.0,161000.0,2,2K,25.01,0,4,下落合駅,7,10.00,147844.38,136763.16,507,114,1,0.04818845638441005
https://suumo.jp/chintai/jnc_000106562126/?bc=100497460363,AZEST下落合,東京都新宿区上落合１,107000.0,8000.0,,107000.0,5,1K,26.15,9,9,下落合駅,6,7.67,147844.38,98445.68,507,1447,1,0.1259185593640813
https://suumo.jp/chintai/jnc_000106931059/?bc=100370191021,レジディア中落合B　敷礼無　ネット即使用　常時ゴミ出可　駐輪有,東京都新宿区中落合１,114000.0,15000.0,,,4,1K,24.09,19,7,下落合駅,5,7.00,147844.38,98445.68,507,1447,1,0.1133703037984386
https://suumo.jp/chintai/jnc_000103856302/?bc=100481274574,パレス26,東京都新宿区中落合２,380000.0,4000.0,380000.0,380000.0,3,4LDK,108.0,57,3,下落合駅,8,10.33,147844.38,309285.71,507,14,-1,-0.061618272663218954
https://suumo.jp/chintai/jnc_000106848279/?bc=100506026364,ルネサンスコート目白御留山,東京都新宿区下落合４,164000.0,10000.0,164000.0,164000.0,1,2K,25.11,0,4,下落合駅,7,10.00,147844.38,136763.16,507,114,1,0.03993564092602847
https://suumo.jp/chintai/jnc_000105848650/?bc=100497268873,レジディア中落合,東京都新宿区中落合１,116000.0,15000.0,,,6,1K,24.49,19,7,下落合駅,5,7.67,147844.38,98445.68,507,1447,1,0.09431238271104236
https://suumo.jp/chintai/jnc_000107199828/?bc=100506832078,ＪＲ山手線 高田馬場駅 5階建 築31年,東京都新宿区高田馬場３,83000.0,,83000.0,,1,1K,20.86,31,5,下落合駅,3,8.00,147844.38,98445.68,507,1447,1,0.12180896084811937
https://suumo.jp/chintai/jnc_000106131435/?bc=100505959127,レジディア中落合,東京都新宿区中落合１,126000.0,15000.0,,,4,1K,26.86,19,7,下落合駅,5,7.33,147844.38,98445.68,507,1447,1,0.11368610686998337
https://suumo.jp/chintai/jnc_000106908672/?bc=100507004338,レジディア中落合,東京都新宿区中落合１,123000.0,15000.0,123000.0,123000.0,4,1K,26.86,19,7,下落合駅,5,7.33,147844.38,98445.68,507,1447,1,0.11341069526940517
https://suumo.jp/chintai/jnc_000106330675/?bc=100501878773,ＪＲ山手線 高田馬場駅 7階建 築29年,東京都新宿区下落合１,80000.0,9000.0,80000.0,80000.0,2,1K,20.76,29,7,下落合駅,2,7.33,147844.38,98445.68,507,1447,1,0.0974949027017819
https://suumo.jp/chintai/jnc_000106794380/?bc=100501795735,ＪＲ山手線 高田馬場駅 7階建 築29年,東京都新宿区下落合１,71000.0,15000.0,,71000.0,5,1K,18.24,29,7,下落合駅,2,7.33,147844.38,98445.68,507,1447,1,0.06761017903823008
https://suumo.jp/chintai/jnc_000106131434/?bc=100499739826,レジディア中落合,東京都新宿区中落合１,114000.0,15000.0,,,4,1K,25.76,19,7,下落合駅,5,7.33,147844.38,98445.68,507,1447,1,0.11607540818721424
https://suumo.jp/chintai/jnc_000106684040/?bc=100501527841,コンフォリア下落合,東京都新宿区中落合２,275000.0,12275.0,275000.0,,4,3LDK,69.48,22,5,下落合駅,3,10.67,147844.38,281205.13,507,156,-1,-0.008875968629873832
https://suumo.jp/chintai/jnc_000107188887/?bc=100506860966,レジディア中落合,東京都新宿区中落合１,123000.0,15000.0,,,2,1K,26.34,19,7,下落合駅,5,7.33,147844.38,98445.68,507,1447,1,0.11514565892022233
https://suumo.jp/chintai/jnc_000106523875/?bc=100502202230,メゾンカルム中落合Ｓｏｕｔｈ,東京都新宿区中落合２,214000.0,15000.0,214000.0,,2,2LDK,64.42,37,3,下落合駅,6,10.67,147844.38,243512.76,507,392,1,0.06550358573834175
https://suumo.jp/chintai/jnc_000105746721/?bc=100496237161,ルフォンプログレ高田馬場ノース,東京都新宿区高田馬場３,359000.0,20000.0,359000.0,,2,2LDK,60.59,0,5,下落合駅,5,9.67,147844.38,243512.76,507,392,1,0.04057813998207138
https://suumo.jp/chintai/jnc_000104752952/?bc=100497321448,メゾンカルム中落合Ｓｏｕｔｈ,東京都新宿区中落合２,219000.0,15000.0,219000.0,,1,3LDK,66.65,37,3,下落合駅,6,10.67,147844.38,281205.13,507,156,1,0.009827160935949153
https://suumo.jp/chintai/jnc_000103487239/?bc=100478874989,メゾンカルム中落合Ｓｏｕｔｈ,東京都新宿区中落合２,210000.0,15000.0,210000.0,,1,3LDK,63.0,37,3,下落合駅,6,10.67,147844.38,281205.13,507,156,1,0.02069535107040632
https://suumo.jp/chintai/jnc_000103636273/?bc=100496830835,ＬｉｖｅＦｌａｔ高田馬場,東京都新宿区高田馬場３,240000.0,15000.0,,,1,2LDK,50.79,0,5,下落合駅,6,8.00,147844.38,243512.76,507,392,1,0.07502325074943916
https://suumo.jp/chintai/jnc_000103636272/?bc=100502801579,ＬｉｖｅＦｌａｔ高田馬場,東京都新宿区高田馬場３,235000.0,15000.0,,,1,2LDK,49.64,0,5,下落合駅,6,8.00,147844.38,243512.76,507,392,1,0.07634271207693039
https://suumo.jp/chintai/jnc_000104285663/?bc=100484947660,Ｂ　Ｃｉｔｙ　高田馬場　ａｌｉｖｉｅ,東京都新宿区高田馬場３,93000.0,15000.0,,93000.0,2,1K,25.52,13,6,下落合駅,3,9.00,147844.38,98445.68,507,1447,1,0.12044911866855035
https://suumo.jp/chintai/jnc_000106607576/?bc=100502744046,メゾンカルム中落合サウス,東京都新宿区中落合２,214000.0,15000.0,214000.0,,2,2LDK,64.42,37,3,下落合駅,7,11.33,147844.38,243512.76,507,392,1,0.06533676377842362
https://suumo.jp/chintai/jnc_000104752940/?bc=100489291292,メゾンカルム中落合North,東京都新宿区中落合２,210000.0,15000.0,210000.0,,1,3LDK,63.0,37,3,下落合駅,6,9.33,147844.38,281205.13,507,156,1,0.016275635843852387
https://suumo.jp/chintai/jnc_000079554231/?bc=100504346696,Ｂ　Ｃｉｔｙ　高田馬場　ａｌｉｖｉｅ,東京都新宿区高田馬場３,94000.0,10000.0,94000.0,94000.0,3,1K,25.52,13,6,下落合駅,3,9.00,147844.38,98445.68,507,1447,1,0.13048017158225445
https://suumo.jp/chintai/jnc_000106500594/?bc=100496866451,レオパレスシェモアIII,東京都新宿区下落合１,123000.0,5500.0,,123000.0,3,1K,19.87,18,3,下落合駅,7,11.67,147844.38,98445.68,507,1447,1,0.14757367634448332
https://suumo.jp/chintai/jnc_000106523862/?bc=100504815533,レオパレスシェモアIII,東京都新宿区下落合１,122000.0,5500.0,,122000.0,3,1K,19.87,18,3,下落合駅,7,11.67,147844.38,98445.68,507,1447,1,0.14757367634448332
https://suumo.jp/chintai/jnc_000105788349/?bc=100496160764,レオパレスシェモアIII,東京都新宿区下落合１,113000.0,5500.0,,113000.0,3,1K,19.87,18,3,下落合駅,7,11.67,147844.38,98445.68,507,1447,1,0.14942191031013613
https://suumo.jp/chintai/jnc_000106156824/?bc=100502439021,レオパレスシェモアIII,東京都新宿区下落合１,112000.0,5500.0,,112000.0,3,1K,19.87,18,3,下落合駅,7,11.67,147844.38,98445.68,507,1447,1,0.14942191031013613
https://suumo.jp/chintai/jnc_000106555567/?bc=100503547022,レオパレスシェモアIII,東京都新宿区下落合１,91000.0,5500.0,,91000.0,2,1K,19.87,18,3,下落合駅,7,11.67,147844.38,98445.68,507,1447,1,0.14869458116518752
https://suumo.jp/chintai/jnc_000106704553/?bc=100503547120,レオパレスシェモアIII,東京都新宿区下落合１,122000.0,5500.0,,122000.0,2,1K,19.87,18,3,下落合駅,7,11.67,147844.38,98445.68,507,1447,1,0.14833212116215605
https://suumo.jp/chintai/jnc_000104759798/?bc=100506321978,西武新宿線 下落合駅 3階建 築37年,東京都新宿区中落合２,210000.0,15000.0,210000.0,,1,3LDK,63.0,37,3,下落合駅,6,10.67,147844.38,281205.13,507,156,1,0.02069535107040632
https://suumo.jp/chintai/jnc_000105746717/?bc=100503768711,ルフォンプログレ高田馬場ノース,東京都新宿区高田馬場３,340000.0,20000.0,340000.0,,2,2LDK,55.29,0,5,下落合駅,5,9.67,147844.38,243512.76,507,392,1,0.05213271882949688
https://suumo.jp/chintai/jnc_000105089238/?bc=100495860767,西武新宿線 下落合駅 8階建 築14年,東京都新宿区下落合１,258000.0,12000.0,,,4,2LDK,50.4,14,8,下落合駅,1,7.00,147844.38,243512.76,507,392,1,0.029911350783554835
https://suumo.jp/chintai/jnc_000107215514/?bc=100497810990,西武新宿線 下落合駅 8階建 築14年,東京都新宿区下落合１,248000.0,12000.0,,,4,2LDK,50.4,14,8,下落合駅,1,7.00,147844.38,243512.76,507,392,1,0.03258660950635606
https://suumo.jp/chintai/jnc_000105746723/?bc=100496236707,ルフォンプログレ高田馬場ノース,東京都新宿区高田馬場３,312000.0,20000.0,312000.0,,2,2LDK,50.35,0,5,下落合駅,5,9.67,147844.38,243512.76,507,392,1,0.06600517007590645
https://suumo.jp/chintai/jnc_000106807543/?bc=100504096300,西武新宿線 下落合駅 7階建 築54年,東京都新宿区中落合２,160000.0,,160000.0,160000.0,4,2LDK,44.23,54,7,下落合駅,3,10.00,147844.38,243512.76,507,392,1,0.06298071599681171
https://suumo.jp/chintai/jnc_000106949805/?bc=100505642013,菱和パレス下落合,東京都新宿区下落合１,65000.0,5000.0,65000.0,65000.0,1,1K,16.56,36,4,下落合駅,2,10.00,147844.38,98445.68,507,1447,1,0.10668815895869543
https://suumo.jp/chintai/jnc_000106061029/?bc=100506499028,菱和パレス下落合,東京都新宿区下落合１,68000.0,5000.0,68000.0,,3,1K,16.56,36,4,下落合駅,2,10.00,147844.38,98445.68,507,1447,1,0.11096318493944751
https://suumo.jp/chintai/jnc_000107032755/?bc=100506373666,ミレドゥーエ新宿中落合,東京都新宿区中落合２,130000.0,15000.0,,,3,1DK,25.6,6,4,下落合駅,9,10.00,147844.38,130743.78,507,402,1,0.14660467032286945
https://suumo.jp/chintai/jnc_000107221461/?bc=100503257594,スカイビル,東京都新宿区高田馬場３,85000.0,4000.0,85000.0,85000.0,2,1K,21.69,20,4,下落合駅,8,9.33,147844.38,98445.68,507,1447,1,0.14335344537781536
https://suumo.jp/chintai/jnc_000104980903/?bc=100504741804,西武新宿線 下落合駅 7階建 築19年,東京都新宿区中落合１,218000.0,25000.0,218000.0,,7,2LDK,52.87,19,7,下落合駅,5,8.33,147844.38,243512.76,507,392,1,0.029506164085638276
https://suumo.jp/chintai/jnc_000107169538/?bc=100492739537,西武新宿線 下落合駅 7階建 築19年,東京都新宿区中落合１,213000.0,25000.0,213000.0,,7,2LDK,52.87,19,7,下落合駅,5,8.33,147844.38,243512.76,507,392,1,0.029506164085638276
https://suumo.jp/chintai/jnc_000105746726/?bc=100496299041,ルフォンプログレ高田馬場ノース,東京都新宿区高田馬場３,308000.0,20000.0,308000.0,,2,2LDK,49.4,0,5,下落合駅,5,9.67,147844.38,243512.76,507,392,1,0.0662670458455481
https://suumo.jp/chintai/jnc_000105799090/?bc=100496729039,西武新宿線 下落合駅 10階建 築13年,東京都新宿区下落合４,100000.0,12000.0,100000.0,100000.0,5,1K,26.34,13,10,下落合駅,3,7.67,147844.38,98445.68,507,1447,1,0.10443591013819842
https://suumo.jp/chintai/jnc_000106696071/?bc=100505951398,西武新宿線 下落合駅 10階建 築25年,東京都新宿区下落合４,73000.0,16000.0,73000.0,,10,1K,19.96,25,10,下落合駅,3,10.00,147844.38,98445.68,507,1447,1,0.043254306905121054
https://suumo.jp/chintai/jnc_000106837370/?bc=100504346709,西武新宿線 下落合駅 8階建 築22年,東京都新宿区下落合１,78500.0,9000.0,78500.0,157000.0,2,1K,21.66,22,8,下落合駅,2,8.67,147844.38,98445.68,507,1447,1,0.10450246822366671
https://suumo.jp/chintai/jnc_000106848292/?bc=100506452335,ルネサンスコート目白御留山,東京都新宿区下落合４,161000.0,10000.0,161000.0,161000.0,4,1K,25.09,0,4,下落合駅,7,10.00,147844.38,98445.68,507,1447,1,0.1299468055348883
https://suumo.jp/chintai/jnc_000106848293/?bc=100506456837,ルネサンスコート目白御留山,東京都新宿区下落合４,156000.0,10000.0,156000.0,156000.0,4,1K,25.09,0,4,下落合駅,7,10.00,147844.38,98445.68,507,1447,1,0.1299468055348883
https://suumo.jp/chintai/jnc_000106848294/?bc=100506452963,ルネサンスコート目白御留山,東京都新宿区下落合４,156000.0,10000.0,156000.0,156000.0,4,1K,25.02,0,4,下落合駅,7,10.00,147844.38,98445.68,507,1447,1,0.1299468055348883
https://suumo.jp/chintai/jnc_000106978472/?bc=100505525902,西武新宿線 下落合駅 11階建 築16年,東京都新宿区高田馬場４,120000.0,15000.0,,,10,1K,26.03,16,11,下落合駅,10,12.00,147844.38,98445.68,507,1447,1,0.052783926809221116
https://suumo.jp/chintai/jnc_000105196544/?bc=100498162096,西武新宿線 下落合駅 11階建 築16年,東京都新宿区高田馬場４,103000.0,10000.0,103000.0,103000.0,11,1K,25.74,16,11,下落合駅,10,12.00,147844.38,98445.68,507,1447,1,0.05858662541080761
https://suumo.jp/chintai/jnc_000106848287/?bc=100506449875,ルネサンスコート目白御留山,東京都新宿区下落合４,158000.0,10000.0,158000.0,158000.0,3,1K,25.09,0,4,下落合駅,7,10.00,147844.38,98445.68,507,1447,1,0.1342015915053878
https://suumo.jp/chintai/jnc_000106848289/?bc=100506455013,ルネサンスコート目白御留山,東京都新宿区下落合４,158000.0,10000.0,158000.0,158000.0,3,1K,25.02,0,4,下落合駅,7,10.00,147844.38,98445.68,507,1447,1,0.1342015915053878
https://suumo.jp/chintai/jnc_000106569076/?bc=100502411916,西武新宿線 下落合駅 2階建 築19年,東京都新宿区下落合４,82000.0,3000.0,82000.0,82000.0,1,1K,22.93,19,2,下落合駅,6,11.00,147844.38,98445.68,507,1447,1,0.13220455466705955
https://suumo.jp/chintai/jnc_000106335584/?bc=100500937236,西武新宿線 下落合駅 2階建 築20年,東京都新宿区中落合２,110000.0,4000.0,,165000.0,2,1K,26.49,20,2,下落合駅,8,12.00,147844.38,98445.68,507,1447,1,0.1426607307929536
https://suumo.jp/chintai/jnc_000105577717/?bc=100503316496,西武新宿線 下落合駅 8階建 築21年,東京都新宿区下落合１,85000.0,11250.0,,85000.0,3,1K,21.26,21,8,下落合駅,2,9.33,147844.38,98445.68,507,1447,1,0.10821392998396007
https://suumo.jp/chintai/jnc_000106848281/?bc=100506502410,ルネサンスコート目白御留山,東京都新宿区下落合４,158000.0,10000.0,158000.0,158000.0,2,1K,25.09,0,4,下落合駅,7,10.00,147844.38,98445.68,507,1447,1,0.13308204689593345
https://suumo.jp/chintai/jnc_000106848283/?bc=100506503150,ルネサンスコート目白御留山,東京都新宿区下落合４,158000.0,10000.0,158000.0,158000.0,2,1K,25.02,0,4,下落合駅,7,10.00,147844.38,98445.68,507,1447,1,0.13308204689593345
https://suumo.jp/chintai/jnc_000107045035/?bc=100506845330,西武新宿線 下落合駅 8階建 築21年,東京都新宿区下落合１,88000.0,12000.0,88000.0,88000.0,2,1K,20.25,21,8,下落合駅,2,9.33,147844.38,98445.68,507,1447,1,0.10575787390585017
https://suumo.jp/chintai/jnc_000104919204/?bc=100502089099,モダンアパートメント高田馬場,東京都新宿区下落合４,90000.0,4000.0,90000.0,90000.0,1,1K,20.26,6,3,下落合駅,6,8.67,147844.38,98445.68,507,1447,1,0.13689669981714359
https://suumo.jp/chintai/jnc_000106696073/?bc=100504479342,モダンアパートメント高田馬場,東京都新宿区下落合４,93000.0,4000.0,93000.0,93000.0,3,1K,20.36,6,3,下落合駅,6,8.67,147844.38,98445.68,507,1447,1,0.13827438413583198
https://suumo.jp/chintai/jnc_000106210989/?bc=100499703923,西武新宿線 下落合駅 11階建 築56年,東京都新宿区高田馬場３,143000.0,10000.0,143000.0,143000.0,7,2LDK,46.22,56,11,下落合駅,7,12.33,147844.38,243512.76,507,392,1,0.01945953601383066
https://suumo.jp/chintai/jnc_000106978479/?bc=100505368012,西武新宿線 下落合駅 2階建 築55年,東京都新宿区中落合２,86000.0,3000.0,86000.0,86000.0,1,1K,20.28,55,2,下落合駅,7,11.33,147844.38,98445.68,507,1447,1,0.09164128655638182
https://suumo.jp/chintai/jnc_000106139938/?bc=100503839815,ユーコート下落合,東京都新宿区中落合２,72000.0,8000.0,72000.0,,3,1K,17.55,41,3,下落合駅,7,13.67,147844.38,98445.68,507,1447,1,0.11151815509169055
https://suumo.jp/chintai/jnc_000106848275/?bc=100505049964,ルネサンスコート目白御留山,東京都新宿区下落合４,161000.0,10000.0,161000.0,161000.0,1,1K,25.09,0,4,下落合駅,7,10.00,147844.38,98445.68,507,1447,1,0.12946581327864087
https://suumo.jp/chintai/jnc_000107215501/?bc=100502758553,ユースフル下落合,東京都新宿区上落合１,66000.0,2000.0,68000.0,68000.0,1,1K,16.5,41,4,下落合駅,4,7.67,147844.38,98445.68,507,1447,1,0.07183779901813991
https://suumo.jp/chintai/jnc_000106655060/?bc=100503062985,ユースフル下落合,東京都新宿区上落合１,68000.0,2000.0,68000.0,68000.0,1,1K,16.5,41,4,下落合駅,4,7.67,147844.38,98445.68,507,1447,1,0.07466564098155726
https://suumo.jp/chintai/jnc_000106848277/?bc=100506454724,ルネサンスコート目白御留山,東京都新宿区下落合４,161000.0,10000.0,161000.0,161000.0,1,1K,25.02,0,4,下落合駅,7,10.00,147844.38,98445.68,507,1447,1,0.12946581327864087
https://suumo.jp/chintai/jnc_000106087480/?bc=100501361957,西武新宿線 下落合駅 8階建 築14年,東京都新宿区下落合１,145000.0,8000.0,,,6,1K,25.46,14,8,下落合駅,1,7.00,147844.38,98445.68,507,1447,1,0.07987310333231351
https://suumo.jp/chintai/jnc_000077459451/?bc=100506644548,西武新宿線 下落合駅 2階建 築70年,東京都新宿区下落合２,53000.0,,53000.0,,2,1K,20.4,70,2,下落合駅,6,11.00,147844.38,98445.68,507,1447,1,0.08032021742704765
https://suumo.jp/chintai/jnc_000106837373/?bc=100504363185,大野ハイツ,東京都新宿区下落合４,79000.0,3000.0,79000.0,79000.0,1,1DK,27.27,51,2,下落合駅,10,10.00,147844.38,130743.78,507,402,1,0.09536806488812627
https://suumo.jp/chintai/jnc_000106677569/?bc=100495860768,西武新宿線 下落合駅 8階建 築14年,東京都新宿区下落合１,141000.0,8000.0,,,3,1K,25.11,14,8,下落合駅,1,7.00,147844.38,98445.68,507,1447,1,0.104889558147644
https://suumo.jp/chintai/jnc_000107194347/?bc=100506823151,西武新宿線 下落合駅 8階建 築14年,東京都新宿区下落合１,138000.0,8000.0,,,2,1K,25.46,14,8,下落合駅,1,7.00,147844.38,98445.68,507,1447,1,0.10368871986883843
https://suumo.jp/chintai/jnc_000106109086/?bc=100499267197,西武新宿線 下落合駅 3階建 新築,東京都新宿区下落合４,276000.0,4000.0,,,3,2LDK,70.98,0,3,下落合駅,3,8.67,147844.38,243512.76,507,392,1,0.03460604575223852
https://suumo.jp/chintai/jnc_000106966259/?bc=100505260394,西武新宿線 下落合駅 3階建 築16年,東京都新宿区中落合２,110000.0,10000.0,110000.0,,2,1K,25.41,16,3,下落合駅,6,10.33,147844.38,98445.68,507,1447,1,0.1483031066669825
https://suumo.jp/chintai/jnc_000104752948/?bc=100489291287,メゾンカルム中落合North,東京都新宿区中落合２,211000.0,15000.0,211000.0,,3,3LDK,63.0,37,3,下落合駅,6,9.33,147844.38,281205.13,507,156,1,0.016814771513769644
https://suumo.jp/chintai/jnc_000106939195/?bc=100499861072,西武新宿線 下落合駅 3階建 築18年,東京都新宿区下落合１,122000.0,5500.0,,122000.0,3,1K,19.87,18,3,下落合駅,7,10.33,147844.38,98445.68,507,1447,1,0.15032532178935826
https://suumo.jp/chintai/jnc_000104759799/?bc=100489136445,西武新宿線 下落合駅 3階建 築37年,東京都新宿区中落合２,217000.0,15000.0,217000.0,,1,3LDK,63.0,37,3,下落合駅,6,10.67,147844.38,281205.13,507,156,1,0.019907652182934554
https://suumo.jp/chintai/jnc_000105746715/?bc=100503520450,ルフォンプログレ高田馬場ノース,東京都新宿区高田馬場３,262000.0,20000.0,262000.0,,1,2LDK,43.65,0,5,下落合駅,5,9.67,147844.38,243512.76,507,392,1,0.06519544330871702
https://suumo.jp/chintai/jnc_000106696048/?bc=100503555501,下落合グリーンパーク,東京都新宿区上落合１,165000.0,17000.0,165000.0,165000.0,3,2LDK,50.0,57,11,下落合駅,2,8.33,147844.38,243512.76,507,392,1,0.013509005178900524
https://suumo.jp/chintai/jnc_000104835952/?bc=100488995324,アリーチェ中落合,東京都新宿区中落合３,125000.0,10000.0,125000.0,125000.0,6,1DK,32.61,21,15,中井駅,9,10.33,121005.39,130743.78,334,402,1,0.09851075394633901
https://suumo.jp/chintai/jnc_000106408906/?bc=100502984809,都営大江戸線 中井駅 4階建 築11年,東京都新宿区上落合１,170000.0,5000.0,170000.0,,3,1LDK,42.52,11,4,中井駅,6,9.33,121005.39,170377.07,334,811,1,0.11390935440376038
https://suumo.jp/chintai/jnc_000107209737/?bc=100497641866,西武新宿線 中井駅 3階建 築6年,東京都新宿区上落合２,172000.0,12000.0,,258000.0,2,1LDK,44.93,6,3,中井駅,3,11.33,121005.39,170377.07,334,811,1,0.1071910358902537
https://suumo.jp/chintai/jnc_000106061048/?bc=100498460621,aLATO NAKAI,東京都新宿区中落合１,165000.0,20000.0,165000.0,,4,1LDK,34.98,0,4,中井駅,3,7.33,121005.39,170377.07,334,811,1,0.06361995091516481
https://suumo.jp/chintai/jnc_000107137662/?bc=100499496587,西武新宿線 中井駅 3階建 新築,東京都新宿区中落合１,205000.0,5000.0,205000.0,205000.0,3,1LDK,48.58,0,3,中井駅,5,7.33,121005.39,170377.07,334,811,1,0.09072852173436113
https://suumo.jp/chintai/jnc_000106061044/?bc=100498460653,aLATO NAKAI,東京都新宿区中落合１,189000.0,20000.0,189000.0,,3,1LDK,39.25,0,4,中井駅,3,7.33,121005.39,170377.07,334,811,1,0.06432441376954379
https://suumo.jp/chintai/jnc_000105328516/?bc=100502947242,都営大江戸線 中井駅 2階建 築9年,東京都新宿区中井２,135000.0,5000.0,135000.0,135000.0,3,1LDK,31.06,9,2,中井駅,5,9.67,121005.39,170377.07,334,811,1,0.10650765977321702
https://suumo.jp/chintai/jnc_000106822014/?bc=100504645297,都営大江戸線 中井駅 2階建 築7年,東京都新宿区中井２,126000.0,2000.0,126000.0,252000.0,1,1LDK,28.15,7,2,中井駅,8,12.67,121005.39,170377.07,334,811,1,0.06725966699120389
https://suumo.jp/chintai/jnc_000106801474/?bc=100504070797,都営大江戸線 中井駅 2階建 築67年,東京都新宿区上落合２,87000.0,,87000.0,87000.0,2,1LDK,28.0,67,2,中井駅,3,7.67,121005.39,170377.07,334,811,1,0.04806790790360049
https://suumo.jp/chintai/jnc_000106061045/?bc=100498460654,aLATO NAKAI,東京都新宿区中落合１,165000.0,20000.0,165000.0,,3,1LDK,34.98,0,4,中井駅,3,7.33,121005.39,170377.07,334,811,1,0.06838205735409492
https://suumo.jp/chintai/jnc_000106061041/?bc=100498460648,aLATO NAKAI,東京都新宿区中落合１,188000.0,20000.0,188000.0,,2,1LDK,39.25,0,4,中井駅,3,7.33,121005.39,170377.07,334,811,1,0.06504223660044178
https://suumo.jp/chintai/jnc_000106783640/?bc=100504645332,都営大江戸線 中井駅 15階建 築21年,東京都新宿区中落合３,143000.0,10000.0,143000.0,143000.0,9,1LDK,41.94,21,15,中井駅,9,9.67,121005.39,170377.07,334,811,1,0.03539042014587079
https://suumo.jp/chintai/jnc_000106087490/?bc=100498682740,aLATO NAKAI,東京都新宿区中落合１,188000.0,20000.0,188000.0,,4,1LDK,39.25,0,4,中井駅,3,7.33,121005.39,170377.07,334,811,1,0.059519578934638884
https://suumo.jp/chintai/jnc_000106061042/?bc=100498460649,aLATO NAKAI,東京都新宿区中落合１,164000.0,20000.0,164000.0,,2,1LDK,34.98,0,4,中井駅,3,7.33,121005.39,170377.07,334,811,1,0.0690934967359853
https://suumo.jp/chintai/jnc_000105204220/?bc=100503516110,エストレリータ新宿落合,東京都新宿区中落合３,169000.0,9000.0,169000.0,169000.0,3,1LDK,45.87,9,5,中井駅,8,8.00,121005.39,170377.07,334,811,1,0.11241551089183272
https://suumo.jp/chintai/jnc_000105204221/?bc=100497205822,エストレリータ新宿落合,東京都新宿区中落合３,169000.0,9000.0,169000.0,169000.0,3,1LDK,43.07,9,5,中井駅,8,8.00,121005.39,170377.07,334,811,1,0.11241551089183272
https://suumo.jp/chintai/jnc_000106476557/?bc=100502032602,プラウドフラット中落合,東京都新宿区中落合１,216000.0,12000.0,216000.0,216000.0,7,1LDK,47.72,10,7,中井駅,5,7.67,121005.39,170377.07,334,811,1,0.06639529017568518
https://suumo.jp/chintai/jnc_000107209775/?bc=100500423863,西武新宿線 中井駅 3階建 築5年,東京都新宿区中落合４,155000.0,12000.0,,232500.0,2,1LDK,41.47,5,3,中井駅,8,10.67,121005.39,170377.07,334,811,1,0.11509600016976673
https://suumo.jp/chintai/jnc_000106807541/?bc=100504463841,シャルモント,東京都新宿区中井２,126000.0,2000.0,126000.0,252000.0,1,1LDK,28.15,7,2,中井駅,9,12.00,121005.39,170377.07,334,811,1,0.07211338624470198
https://suumo.jp/chintai/jnc_000106109095/?bc=100504465454,ザ・ガーデン中落合,東京都新宿区中落合１,145000.0,5000.0,145000.0,145000.0,2,1LDK,34.28,0,3,中井駅,5,8.67,121005.39,170377.07,334,811,1,0.11080488542907363
https://suumo.jp/chintai/jnc_000106131433/?bc=100499197656,ザ・ガーデン中落合,東京都新宿区中落合１,154000.0,5000.0,154000.0,154000.0,2,1LDK,36.42,0,3,中井駅,5,8.67,121005.39,170377.07,334,811,1,0.11110314098664831
https://suumo.jp/chintai/jnc_000106061039/?bc=100498460651,aLATO NAKAI,東京都新宿区中落合１,185000.0,20000.0,185000.0,,1,1LDK,39.25,0,4,中井駅,3,7.33,121005.39,170377.07,334,811,1,0.06642431464865983
https://suumo.jp/chintai/jnc_000106228153/?bc=100499496586,西武新宿線 中井駅 3階建 新築,東京都新宿区中落合１,145000.0,5000.0,145000.0,145000.0,2,1LDK,34.28,0,3,中井駅,5,7.33,121005.39,170377.07,334,811,1,0.10548803217362124
https://suumo.jp/chintai/jnc_000106061047/?bc=100498460644,aLATO NAKAI,東京都新宿区中落合１,189000.0,20000.0,189000.0,,4,1LDK,39.25,0,4,中井駅,3,7.33,121005.39,170377.07,334,811,1,0.059519578934638884
https://suumo.jp/chintai/jnc_000107154865/?bc=100496959382,Tokiwa Residence,東京都新宿区上落合２,172000.0,12000.0,,258000.0,2,1LDK,44.93,6,3,中井駅,3,9.00,121005.39,170377.07,334,811,1,0.10812384142493531
https://suumo.jp/chintai/jnc_000106321610/?bc=100502831765,アミカル・エフ,東京都新宿区上落合２,131000.0,7000.0,131000.0,131000.0,1,1DK,36.11,22,8,中井駅,6,9.00,121005.39,130743.78,334,402,1,0.13857882737032823
https://suumo.jp/chintai/jnc_000106640659/?bc=100504486152,アミカル・エフ,東京都新宿区上落合２,125000.0,7000.0,125000.0,,1,1DK,36.11,22,8,中井駅,6,9.00,121005.39,130743.78,334,402,1,0.13857882737032823
https://suumo.jp/chintai/jnc_000106777600/?bc=100505788312,アリーチェ中落合,東京都新宿区中落合３,143000.0,10000.0,143000.0,143000.0,9,1LDK,41.94,21,15,中井駅,9,10.33,121005.39,170377.07,334,811,1,0.036173716505875586
https://suumo.jp/chintai/jnc_000102997531/?bc=100474277926,アリーチェ中落合,東京都新宿区中落合３,140000.0,10000.0,140000.0,140000.0,8,1LDK,41.94,21,15,中井駅,9,10.33,121005.39,170377.07,334,811,1,0.036732766029255015
https://suumo.jp/chintai/jnc_000106401390/?bc=100502868136,アメニティコートウエスト上落合,東京都新宿区上落合１,170000.0,5000.0,170000.0,,3,1LDK,42.52,11,4,中井駅,6,7.33,121005.39,170377.07,334,811,1,0.10997304188053497
https://suumo.jp/chintai/jnc_000105317922/?bc=100498196720,アート・フル中井,東京都新宿区中井２,135000.0,5000.0,135000.0,135000.0,3,1LDK,31.06,9,3,中井駅,5,8.67,121005.39,170377.07,334,811,1,0.11023530982197238
https://suumo.jp/chintai/jnc_000104919220/?bc=100490299353,西武新宿線 中井駅 5階建 築4年,東京都新宿区中落合１,164000.0,15000.0,,,3,1LDK,30.96,4,5,中井駅,2,6.33,121005.39,170377.07,334,811,1,0.06692199093213608
https://suumo.jp/chintai/jnc_000106807518/?bc=100504181739,プランシェール落合,東京都新宿区上落合３,199000.0,12000.0,199000.0,238800.0,6,2LDK,57.47,27,6,中井駅,3,8.33,121005.39,243512.76,334,392,1,0.036150538037233615
https://suumo.jp/chintai/jnc_000106402096/?bc=100473944707,アトラス・モリト,東京都中野区上高田４,206000.0,4000.0,206000.0,206000.0,1,3LDK,64.75,31,4,中井駅,7,10.33,121005.39,281205.13,334,156,1,0.023516143344787577
https://suumo.jp/chintai/jnc_000090045335/?bc=100504873095,アート・フル中井,東京都新宿区中井２,130000.0,5000.0,130000.0,130000.0,3,1DK,31.06,9,3,中井駅,5,8.67,121005.39,130743.78,334,402,1,0.15125008739959567
https://suumo.jp/chintai/jnc_000105710194/?bc=100500821878,アート・フル中井,東京都新宿区中井２,110000.0,5000.0,110000.0,110000.0,1,1DK,25.38,9,3,中井駅,5,8.67,121005.39,130743.78,334,402,1,0.15115073604679152
https://suumo.jp/chintai/jnc_000105788360/?bc=100467698734,エリシオン,東京都新宿区中落合４,235000.0,10000.0,235000.0,,1,2LDK,67.49,0,3,中井駅,9,10.00,121005.39,243512.76,334,392,1,0.05951676544159912
https://suumo.jp/chintai/jnc_000105788360/?bc=100467698734,エリシオン,東京都新宿区中落合４,235000.0,10000.0,235000.0,,2,2LDK,67.49,0,3,中井駅,9,10.00,121005.39,243512.76,334,392,1,0.06709572663077051
https://suumo.jp/chintai/jnc_000105788360/?bc=100467698734,エリシオン,東京都新宿区中落合４,235000.0,10000.0,235000.0,,3,2LDK,67.49,0,3,中井駅,9,10.00,121005.39,243512.76,334,392,1,0.06715935861458766
https://suumo.jp/chintai/jnc_000105901166/?bc=100497238645,西武新宿線 中井駅 3階建 築26年,東京都新宿区中井２,145000.0,5000.0,145000.0,145000.0,2,1DK,32.19,26,3,中井駅,4,8.67,121005.39,130743.78,334,402,1,0.14962374627059993
https://suumo.jp/chintai/jnc_000106492920/?bc=100496502214,西武新宿線 中井駅 3階建 築26年,東京都新宿区中井２,126000.0,5000.0,126000.0,126000.0,3,1DK,32.19,26,3,中井駅,4,8.67,121005.39,130743.78,334,402,1,0.14904493428657528
https://suumo.jp/chintai/jnc_000106893708/?bc=100505276873,二の坂シティハウス,東京都新宿区中井２,245000.0,5000.0,245000.0,245000.0,1,3LDK,71.48,39,4,中井駅,4,8.33,121005.39,281205.13,334,156,1,0.00045598649641165334
https://suumo.jp/chintai/jnc_000106627940/?bc=100502887594,都営大江戸線 中井駅 2階建 築38年,東京都新宿区上落合３,85000.0,,85000.0,85000.0,1,1DK,30.66,38,2,中井駅,2,4.00,121005.39,130743.78,334,402,1,0.09148807023003475
https://suumo.jp/chintai/jnc_000105730287/?bc=100495740207,都営大江戸線 中井駅 2階建 築9年,東京都新宿区中井２,110000.0,5000.0,110000.0,110000.0,1,1DK,25.38,9,2,中井駅,5,9.67,121005.39,130743.78,334,402,1,0.14886551607398946
https://suumo.jp/chintai/jnc_000106569068/?bc=100502406410,都営大江戸線 中井駅 3階建 築5年,東京都新宿区上落合２,125000.0,3000.0,125000.0,125000.0,3,1DK,38.81,5,3,中井駅,1,6.00,121005.39,130743.78,334,402,1,0.0903358833854852
https://suumo.jp/chintai/jnc_000106109094/?bc=100499004926,ザ・ガーデン中落合,東京都新宿区中落合１,279000.0,10000.0,279000.0,279000.0,1,2LDK,70.85,0,3,中井駅,5,8.67,121005.39,243512.76,334,392,1,0.05400114786168181
https://suumo.jp/chintai/jnc_000106492918/?bc=100500210345,西武新宿線 中井駅 3階建 築26年,東京都新宿区中井２,123000.0,5000.0,123000.0,123000.0,2,1DK,32.19,26,3,中井駅,4,8.67,121005.39,130743.78,334,402,1,0.1500747931645982
https://suumo.jp/chintai/jnc_000106597298/?bc=100502656518,都営大江戸線 中井駅 地下1地上5階建 築36年,東京都新宿区上落合３,85000.0,5000.0,85000.0,,2,1DK,28.18,36,6,中井駅,5,10.00,121005.39,130743.78,334,402,1,0.14597334969399434
https://suumo.jp/chintai/jnc_000106476537/?bc=100501873368,コルソポッツォ落合,東京都新宿区上落合２,125000.0,3000.0,125000.0,125000.0,3,1DK,38.81,5,3,中井駅,1,6.00,121005.39,130743.78,334,402,1,0.0903358833854852
https://suumo.jp/chintai/jnc_000107045064/?bc=100505933536,都営大江戸線 中井駅 地下1地上5階建 築5年,東京都新宿区中井１,136000.0,4000.0,,272000.0,5,1DK,31.06,5,6,中井駅,7,10.67,121005.39,130743.78,334,402,1,0.13904577382180688
https://suumo.jp/chintai/jnc_000104464223/?bc=100502518986,パインヒル落合,東京都新宿区中落合４,210000.0,10000.0,210000.0,210000.0,2,2LDK,74.7,36,3,中井駅,7,9.00,121005.39,243512.76,334,392,1,0.06260787261141942
https://suumo.jp/chintai/jnc_000107059362/?bc=100502835455,ジャスパー中落合,東京都新宿区中落合１,268000.0,14800.0,,,3,2LDK,73.68,0,3,中井駅,7,11.00,121005.39,243512.76,334,392,1,0.054758429277197596
https://suumo.jp/chintai/jnc_000106750291/?bc=100503683877,ラ・ロシェル,東京都新宿区上落合３,55000.0,,,,2,1K,15.31,37,2,中井駅,7,8.67,121005.39,98445.68,334,1447,1,0.11013524820539272
https://suumo.jp/chintai/jnc_000107209735/?bc=100506957173,リーフコート,東京都新宿区上落合２,74000.0,10000.0,74000.0,74000.0,1,1K,21.87,18,3,中井駅,5,7.00,121005.39,98445.68,334,1447,1,0.12380994609349522
https://suumo.jp/chintai/jnc_000105784505/?bc=100501899759,リーフコート,東京都新宿区上落合２,84000.0,8000.0,84000.0,84000.0,2,1K,21.87,18,3,中井駅,5,7.00,121005.39,98445.68,334,1447,1,0.14060102622105025
https://suumo.jp/chintai/jnc_000106204581/?bc=100500470788,グリーンコートーの坂,東京都新宿区中井２,130000.0,5000.0,130000.0,130000.0,3,1DK,32.19,26,3,中井駅,4,9.00,121005.39,130743.78,334,402,1,0.14937839096325567
https://suumo.jp/chintai/jnc_000106827960/?bc=100504314489,東京メトロ東西線 落合駅 6階建 築27年,東京都新宿区上落合３,199000.0,12000.0,199000.0,238800.0,6,2LDK,57.47,27,6,中井駅,3,5.33,121005.39,243512.76,334,392,1,0.002976253666891804
https://suumo.jp/chintai/jnc_000106508093/?bc=100505501003,ルクレ中落合,東京都新宿区中落合１,113000.0,10000.0,,,8,1K,22.89,18,9,中井駅,2,6.33,121005.39,98445.68,334,1447,1,0.05599282631725144
https://suumo.jp/chintai/jnc_000106492917/?bc=100502249600,グリーンコートーの坂,東京都新宿区中井２,126000.0,5000.0,126000.0,126000.0,3,1DK,32.19,26,3,中井駅,4,9.00,121005.39,130743.78,334,402,1,0.14937839096325567
https://suumo.jp/chintai/jnc_000105607911/?bc=100494631756,都営大江戸線 中井駅 地上2階建 築65年,東京都新宿区中井２,175000.0,,175000.0,175000.0,1,2LDK,52.24,65,2,中井駅,5,5.67,121005.39,243512.76,334,392,1,0.024445390764350095
https://suumo.jp/chintai/jnc_000105607911/?bc=100494631756,都営大江戸線 中井駅 地上2階建 築65年,東京都新宿区中井２,175000.0,,175000.0,175000.0,2,2LDK,52.24,65,2,中井駅,5,5.67,121005.39,243512.76,334,392,1,0.029490610340036694
https://suumo.jp/chintai/jnc_000105554346/?bc=100494147300,都営大江戸線 中井駅 地上2階建 築47年,東京都新宿区中井２,175000.0,,175000.0,175000.0,1,2LDK,52.24,47,2,中井駅,5,5.67,121005.39,243512.76,334,392,1,0.053366407996405685
https://suumo.jp/chintai/jnc_000105554346/?bc=100494147300,都営大江戸線 中井駅 地上2階建 築47年,東京都新宿区中井２,175000.0,,175000.0,175000.0,2,2LDK,52.24,47,2,中井駅,5,5.67,121005.39,243512.76,334,392,1,0.058910273584311335
https://suumo.jp/chintai/jnc_000105887413/?bc=100497250253,グリーンコートーの坂,東京都新宿区中井２,145000.0,5000.0,145000.0,145000.0,2,1DK,32.19,26,3,中井駅,4,9.00,121005.39,130743.78,334,402,1,0.1499566834978679
https://suumo.jp/chintai/jnc_000105755519/?bc=100506846691,都営大江戸線 中井駅 3階建 築43年,東京都新宿区上落合２,250000.0,,250000.0,250000.0,3,2LDK,90.5,43,3,中井駅,3,6.00,121005.39,243512.76,334,392,1,0.013841153416711993
https://suumo.jp/chintai/jnc_000106092581/?bc=100502024485,レオパレス中落合ヒルズ,東京都新宿区中落合４,111000.0,5500.0,,111000.0,2,1K,20.81,18,3,中井駅,8,10.33,121005.39,98445.68,334,1447,1,0.149779379859184
https://suumo.jp/chintai/jnc_000106659006/?bc=100477556594,レオパレス中落合ヒルズ,東京都新宿区中落合４,120000.0,5500.0,,120000.0,2,1K,20.81,18,3,中井駅,8,10.33,121005.39,98445.68,334,1447,1,0.14710528615499469
https://suumo.jp/chintai/jnc_000107188889/?bc=100473637007,レオパレス中落合ヒルズ,東京都新宿区中落合４,130000.0,5500.0,,130000.0,2,1K,20.81,18,3,中井駅,8,10.33,121005.39,98445.68,334,1447,1,0.1448352458948487
https://suumo.jp/chintai/jnc_000106662791/?bc=100457098550,レオパレス中落合ヒルズ,東京都新宿区中落合４,121000.0,5500.0,,121000.0,3,1K,20.81,18,3,中井駅,8,10.33,121005.39,98445.68,334,1447,1,0.14634434188925388
https://suumo.jp/chintai/jnc_000107188891/?bc=100403788826,レオパレス中落合ヒルズ,東京都新宿区中落合４,132000.0,5500.0,,132000.0,3,1K,20.81,18,3,中井駅,8,10.33,121005.39,98445.68,334,1447,1,0.14406967684443078
https://suumo.jp/chintai/jnc_000107096505/?bc=100501067617,レオパレス五ノ坂,東京都新宿区中落合４,103000.0,5500.0,,103000.0,2,1K,26.08,23,2,中井駅,9,11.00,121005.39,98445.68,334,1447,1,0.13972133291323807
https://suumo.jp/chintai/jnc_000106342720/?bc=100500804461,レオパレス五ノ坂,東京都新宿区中落合４,87000.0,5500.0,,87000.0,2,1K,26.08,23,2,中井駅,9,11.00,121005.39,98445.68,334,1447,1,0.140860526934659
https://suumo.jp/chintai/jnc_000106508095/?bc=100501746074,レオパレス五ノ坂,東京都新宿区中落合４,95000.0,5500.0,,95000.0,2,1K,26.08,23,2,中井駅,9,11.00,121005.39,98445.68,334,1447,1,0.13972133291323807
https://suumo.jp/chintai/jnc_000106771763/?bc=100503879432,レガリス新宿落合,東京都新宿区上落合１,115000.0,11000.0,115000.0,115000.0,4,1K,25.38,8,4,中井駅,5,7.00,121005.39,98445.68,334,1447,1,0.12642040567757395
https://suumo.jp/chintai/jnc_000106488575/?bc=100502009164,グリーンコートーの坂,東京都新宿区中井２,123000.0,5000.0,123000.0,123000.0,2,1DK,32.19,26,3,中井駅,4,9.00,121005.39,130743.78,334,402,1,0.15040732560404113
https://suumo.jp/chintai/jnc_000106837395/?bc=100504370684,中落合２丁目戸建,東京都新宿区中落合２,250000.0,,250000.0,250000.0,1,3LDK,77.74,10,3,中井駅,7,8.33,121005.39,281205.13,334,156,1,0.009954605664217353
https://suumo.jp/chintai/jnc_000106837395/?bc=100504370684,中落合２丁目戸建,東京都新宿区中落合２,250000.0,,250000.0,250000.0,2,3LDK,77.74,10,3,中井駅,7,8.33,121005.39,281205.13,334,156,1,0.0162991718246267
https://suumo.jp/chintai/jnc_000106837395/?bc=100504370684,中落合２丁目戸建,東京都新宿区中落合２,250000.0,,250000.0,250000.0,3,3LDK,77.74,10,3,中井駅,7,8.33,121005.39,281205.13,334,156,1,0.01082317250140774
https://suumo.jp/chintai/jnc_000104525329/?bc=100493559523,グリーンコートーの坂,東京都新宿区中井２,148000.0,5000.0,148000.0,148000.0,2,1DK,30.93,26,3,中井駅,4,9.00,121005.39,130743.78,334,402,1,0.1499566834978679
https://suumo.jp/chintai/jnc_000106476556/?bc=100502030558,グリーンコートーの坂,東京都新宿区中井２,127000.0,5000.0,127000.0,127000.0,2,1DK,30.93,26,3,中井駅,4,9.00,121005.39,130743.78,334,402,1,0.15040732560404113
https://suumo.jp/chintai/jnc_000106916971/?bc=100504971327,ワンシーバード,東京都新宿区中井１,128000.0,2000.0,128000.0,128000.0,2,2K,37.42,21,3,中井駅,6,9.33,121005.39,136763.16,334,114,1,0.032451480559117896
https://suumo.jp/chintai/jnc_000107116283/?bc=100506258584,ワイズ ル・リオン新宿中井,東京都新宿区中落合１,89000.0,15000.0,,44500.0,3,1K,21.23,18,8,中井駅,7,11.00,121005.39,98445.68,334,1447,1,0.12887148272330662
https://suumo.jp/chintai/jnc_000106862525/?bc=100498862782,ワイズ ル・リオン新宿中井,東京都新宿区中落合１,94000.0,15000.0,,94000.0,3,1K,21.23,18,8,中井駅,7,11.00,121005.39,98445.68,334,1447,1,0.1306370022554212
https://suumo.jp/chintai/jnc_000106061050/?bc=100504206277,ワイズ ル・リオン新宿中井,東京都新宿区中落合１,95000.0,15000.0,95000.0,95000.0,3,1K,21.23,18,8,中井駅,7,11.00,121005.39,98445.68,334,1447,1,0.1306370022554212
https://suumo.jp/chintai/jnc_000107116284/?bc=100502457464,ワイズ ル・リオン新宿中井,東京都新宿区中落合１,89500.0,15000.0,,44800.0,6,1K,21.19,18,8,中井駅,7,11.00,121005.39,98445.68,334,1447,1,0.10728959541939592
https://suumo.jp/chintai/jnc_000106555589/?bc=100503091765,ワイズ ル・リオン新宿中井,東京都新宿区中落合１,93500.0,15000.0,93500.0,93500.0,6,1K,21.19,18,8,中井駅,7,11.00,121005.39,98445.68,334,1447,1,0.10915238224071827
https://suumo.jp/chintai/jnc_000107116285/?bc=100506258673,ワイズ ル・リオン新宿中井,東京都新宿区中落合１,94500.0,15000.0,,,6,1K,21.19,18,8,中井駅,7,11.00,121005.39,98445.68,334,1447,1,0.10915238224071827
https://suumo.jp/chintai/jnc_000106696087/?bc=100504140455,ワイズ ル・リオン新宿中井,東京都新宿区中落合１,93500.0,15000.0,93500.0,93500.0,6,1K,21.23,18,8,中井駅,7,11.00,121005.39,98445.68,334,1447,1,0.10915238224071827
https://suumo.jp/chintai/jnc_000106913372/?bc=100504931468,ワイズ ル・リオン新宿中井,東京都新宿区中落合１,98500.0,15000.0,,,6,1K,21.23,18,8,中井駅,7,11.00,121005.39,98445.68,334,1447,1,0.10915238224071827
https://suumo.jp/chintai/jnc_000106959001/?bc=100506278942,ワンシーバード,東京都新宿区中井１,70000.0,1000.0,70000.0,70000.0,1,1K,17.13,21,3,中井駅,6,9.33,121005.39,98445.68,334,1447,1,0.11017808125615391
https://suumo.jp/chintai/jnc_000106939210/?bc=100505180417,ワンシーバード,東京都新宿区中井１,70000.0,2000.0,70000.0,70000.0,1,1K,21.0,21,3,中井駅,6,9.33,121005.39,98445.68,334,1447,1,0.1204436663711293
https://suumo.jp/chintai/jnc_000106488574/?bc=100506448272,グリーンコートーの坂,東京都新宿区中井２,126000.0,5000.0,126000.0,126000.0,2,1DK,30.93,26,3,中井駅,4,9.00,121005.39,130743.78,334,402,1,0.15040732560404113
https://suumo.jp/chintai/jnc_000106889255/?bc=100124589326,本間コーポ,東京都中野区上高田４,57000.0,1000.0,57000.0,,1,1DK,22.0,39,2,中井駅,6,8.00,121005.39,130743.78,334,402,1,0.09952354571773037
https://suumo.jp/chintai/jnc_000102379477/?bc=100471234438,セザール中落合,東京都新宿区中落合３,118000.0,7000.0,118000.0,,4,2K,40.03,42,4,中井駅,10,10.33,121005.39,136763.16,334,114,1,0.009556073253128572
https://suumo.jp/chintai/jnc_000106986202/?bc=100505707487,西武新宿線 中井駅 8階建 築56年,東京都新宿区上落合２,86000.0,7000.0,86000.0,86000.0,8,1DK,33.7,56,8,中井駅,5,7.00,121005.39,130743.78,334,402,1,0.07186044037970779
https://suumo.jp/chintai/jnc_000106492916/?bc=100496603821,グリーンコートーの坂,東京都新宿区中井２,123000.0,5000.0,123000.0,123000.0,2,1DK,30.93,26,3,中井駅,4,9.00,121005.39,130743.78,334,402,1,0.15040732560404113
https://suumo.jp/chintai/jnc_000100413893/?bc=100488449189,「防音マンション」ラシクラス新宿中井,東京都新宿区中井２,198000.0,15000.0,,,3,2K,40.86,1,4,中井駅,7,8.50,121005.39,136763.16,334,114,1,0.026297793420270332
https://suumo.jp/chintai/jnc_000106220688/?bc=100501446508,ブライズ新宿中井,東京都新宿区中井１,107000.0,8000.0,,107000.0,1,2K,32.26,18,7,中井駅,4,7.67,121005.39,136763.16,334,114,1,0.02843027372300677
https://suumo.jp/chintai/jnc_000105857532/?bc=100497761263,グリーンコートーの坂,東京都新宿区中井２,136000.0,5000.0,136000.0,136000.0,1,1DK,32.19,26,3,中井駅,4,9.00,121005.39,130743.78,334,402,1,0.14577433584584365
https://suumo.jp/chintai/jnc_000106978439/?bc=100505545911,二葉ビル,東京都新宿区上落合２,86000.0,7000.0,86000.0,86000.0,8,2DK,33.7,56,8,中井駅,4,6.33,121005.39,135945.31,334,128,-1,-0.008070393874874626
https://suumo.jp/chintai/jnc_000106986203/?bc=100506802831,東京メトロ東西線 落合駅 4階建 築27年,東京都新宿区上落合３,83000.0,10000.0,83000.0,83000.0,3,1K,18.48,27,4,中井駅,6,9.33,121005.39,98445.68,334,1447,1,0.13505092271787278
https://suumo.jp/chintai/jnc_000106918791/?bc=100505078608,東京メトロ東西線 落合駅 4階建 築27年,東京都新宿区上落合３,79000.0,8000.0,79000.0,79000.0,3,1K,18.48,27,4,中井駅,6,9.33,121005.39,98445.68,334,1447,1,0.14387215784072355
https://suumo.jp/chintai/jnc_000107096475/?bc=100506314127,東京メトロ東西線 落合駅 4階建 築27年,東京都新宿区上落合３,85000.0,6000.0,85000.0,85000.0,2,1K,18.48,27,4,中井駅,6,9.33,121005.39,98445.68,334,1447,1,0.14476262313035132
https://suumo.jp/chintai/jnc_000106562146/?bc=100467698733,エリシオン,東京都新宿区中落合４,290000.0,10000.0,290000.0,,1,3LDK,78.87,0,3,中井駅,9,10.00,121005.39,281205.13,334,156,1,0.005447575950082051
https://suumo.jp/chintai/jnc_000106562146/?bc=100467698733,エリシオン,東京都新宿区中落合４,290000.0,10000.0,290000.0,,2,3LDK,78.87,0,3,中井駅,9,10.00,121005.39,281205.13,334,156,1,0.011919522897249402
https://suumo.jp/chintai/jnc_000106562146/?bc=100467698733,エリシオン,東京都新宿区中落合４,290000.0,10000.0,290000.0,,3,3LDK,78.87,0,3,中井駅,9,10.00,121005.39,281205.13,334,156,1,0.007276958130511657
https://suumo.jp/chintai/jnc_000105983562/?bc=100498407812,シャルムＭＫ,東京都新宿区上落合２,125000.0,5000.0,125000.0,,3,2DK,37.69,37,3,中井駅,5,10.33,121005.39,135945.31,334,128,1,0.072901644715195
https://suumo.jp/chintai/jnc_000106893709/?bc=100505054179,都営大江戸線 中井駅 4階建 築39年,東京都新宿区中井２,245000.0,5000.0,245000.0,245000.0,1,3LDK,71.48,39,4,中井駅,5,11.00,121005.39,281205.13,334,156,1,0.006364289198385831
https://suumo.jp/chintai/jnc_000106423383/?bc=100501416539,都営大江戸線 中井駅 4階建 築31年,東京都中野区上高田４,206000.0,4000.0,206000.0,206000.0,1,3LDK,64.75,31,4,中井駅,7,10.33,121005.39,281205.13,334,156,1,0.023516143344787577
https://suumo.jp/chintai/jnc_000045754088/?bc=100503846448,ロイヤル佐藤,東京都新宿区中落合１,120000.0,,120000.0,120000.0,3,2DK,35.0,43,3,中井駅,1,1.50,121005.39,135945.31,334,128,-1,-0.003483527895873806
https://suumo.jp/chintai/jnc_000106372305/?bc=100503618465,西武新宿線 中井駅 3階建 築37年,東京都新宿区上落合２,125000.0,5000.0,125000.0,,3,2DK,37.69,37,3,中井駅,3,6.33,121005.39,135945.31,334,128,1,0.04087746668142256
https://suumo.jp/chintai/jnc_000076288196/?bc=100506161679,石井ダイアパレス中落合,東京都新宿区中落合１,120000.0,,120000.0,120000.0,1,2DK,40.0,47,5,中井駅,5,11.67,121005.39,135945.31,334,128,1,0.0537405003463029
https://suumo.jp/chintai/jnc_000106966256/?bc=100505361897,都営大江戸線 中井駅 3階建 築21年,東京都新宿区中井１,128000.0,2000.0,128000.0,128000.0,2,2DK,37.4,21,3,中井駅,5,8.00,121005.39,135945.31,334,128,1,0.046488767275035925
https://suumo.jp/chintai/jnc_000106210963/?bc=100502904267,アーバンステージ上落合II,東京都新宿区上落合３,103000.0,7000.0,,,1,1K,22.84,5,4,中井駅,3,5.00,121005.39,98445.68,334,1447,1,0.1125339748048515
https://suumo.jp/chintai/jnc_000106198959/?bc=100499643871,グランエッグス上落合,東京都新宿区上落合２,92000.0,3000.0,92000.0,92000.0,1,1DK,23.3,19,3,中井駅,1,6.00,121005.39,130743.78,334,402,1,0.10340295782502662
https://suumo.jp/chintai/jnc_000106476879/?bc=100501873366,アダミス中野,東京都中野区上高田４,74000.0,2000.0,74000.0,74000.0,1,1K,20.86,23,2,中井駅,7,10.33,121005.39,98445.68,334,1447,1,0.11282914962440355
https://suumo.jp/chintai/jnc_000106538814/?bc=100502219932,Ｇａｒｄｅｎ　Ｔｅｒｒａｃｅ　Ｋａｍｉｏｃｈｉａｉ,東京都新宿区上落合２,115000.0,5000.0,115000.0,115000.0,1,1K,27.79,8,2,中井駅,3,8.67,121005.39,98445.68,334,1447,1,0.12823868053110699
https://suumo.jp/chintai/jnc_000105747466/?bc=100495753509,アトラス・モリト,東京都中野区上高田４,88000.0,4000.0,,,1,1K,27.08,31,4,中井駅,7,10.33,121005.39,98445.68,334,1447,1,0.14345605215884266
https://suumo.jp/chintai/jnc_000095797873/?bc=100358655329,クレヴィア新宿中落合WEST,東京都新宿区中落合１,295000.0,25000.0,590000.0,295000.0,2,1SLDK,71.23,3,7,中井駅,6,11.67,121005.39,231590.91,334,33,-1,-0.015383561647031252
https://suumo.jp/chintai/jnc_000104573256/?bc=100491457439,アメニティコートウエスト上落合,東京都新宿区上落合１,125000.0,5000.0,125000.0,,1,1K,29.76,11,4,中井駅,6,7.33,121005.39,98445.68,334,1447,1,0.13570490489428444
https://suumo.jp/chintai/jnc_000107147333/?bc=100506467304,都営大江戸線 中井駅 地上2階建 築3年,東京都新宿区中落合４,98000.0,,98000.0,98000.0,1,1SLDK,20.02,3,2,中井駅,9,9.33,121005.39,231590.91,334,33,1,0.05172390177161623
https://suumo.jp/chintai/jnc_000106081152/?bc=100499496588,西武新宿線 中井駅 3階建 新築,東京都新宿区中落合１,279000.0,10000.0,279000.0,279000.0,1,1SLDK,70.85,0,3,中井駅,5,7.33,121005.39,231590.91,334,33,1,0.014552240367936009
https://suumo.jp/chintai/jnc_000106220689/?bc=100501735842,西武新宿線 中井駅 6階建 築18年,東京都新宿区中井１,107000.0,8000.0,,107000.0,1,1SK,32.26,18,6,中井駅,4,5.67,121005.39,138076.92,334,13,1,0.03971932048560323
https://suumo.jp/chintai/jnc_000105881255/?bc=100500540727,ブライズ新宿中井,東京都新宿区中井１,110000.0,10000.0,,,1,1SK,31.45,18,7,中井駅,4,7.67,121005.39,138076.92,334,13,1,0.04652708866430322
https://suumo.jp/chintai/jnc_000106669379/?bc=100503141542,ブライズ新宿中井,東京都新宿区中井１,107000.0,10000.0,,107000.0,1,1SK,32.26,18,7,中井駅,4,7.67,121005.39,138076.92,334,13,1,0.04652708866430322
https://suumo.jp/chintai/jnc_000106837396/?bc=100504369375,西武新宿線 中井駅 地上3階建 築10年,東京都新宿区中落合２,250000.0,,250000.0,250000.0,1,3LDK,77.74,10,3,中井駅,7,8.33,121005.39,281205.13,334,156,1,0.009954605664217353
https://suumo.jp/chintai/jnc_000106837396/?bc=100504369375,西武新宿線 中井駅 地上3階建 築10年,東京都新宿区中落合２,250000.0,,250000.0,250000.0,2,3LDK,77.74,10,3,中井駅,7,8.33,121005.39,281205.13,334,156,1,0.0162991718246267
https://suumo.jp/chintai/jnc_000106837396/?bc=100504369375,西武新宿線 中井駅 地上3階建 築10年,東京都新宿区中落合２,250000.0,,250000.0,250000.0,3,3LDK,77.74,10,3,中井駅,7,8.33,121005.39,281205.13,334,156,1,0.01082317250140774
https://suumo.jp/chintai/jnc_000105917318/?bc=100497415628,都営大江戸線 中井駅 5階建 築35年,東京都新宿区中落合１,75000.0,8000.0,75000.0,,2,1R,16.74,35,5,中井駅,3,7.00,121005.39,82826.39,334,879,1,0.090234290382252
https://suumo.jp/chintai/jnc_000107052835/?bc=100506315533,都営大江戸線 中井駅 5階建 築33年,東京都新宿区上落合１,66000.0,4000.0,,,1,1R,17.01,33,5,中井駅,6,9.67,121005.39,82826.39,334,879,1,0.10186861204157854
https://suumo.jp/chintai/jnc_000106401421/?bc=100501215071,都営大江戸線 中井駅 4階建 築5年,東京都新宿区中井２,135500.0,15000.0,135500.0,135500.0,4,1R,25.65,5,4,中井駅,2,10.67,121005.39,82826.39,334,879,1,0.0740479333696803
https://suumo.jp/chintai/jnc_000106897358/?bc=100504709108,ヴィラエステ上落合,東京都新宿区上落合３,62000.0,4000.0,62000.0,62000.0,1,1K,17.38,36,3,中井駅,4,8.33,121005.39,98445.68,334,1447,1,0.11145835443060698
https://suumo.jp/chintai/jnc_000106794407/?bc=100502643268,都営大江戸線 中井駅 4階建 築5年,東京都新宿区中井２,135500.0,15000.0,135500.0,135500.0,3,1R,25.65,5,4,中井駅,2,10.67,121005.39,82826.39,334,879,1,0.07736129235211647
https://suumo.jp/chintai/jnc_000106139911/?bc=100506501055,都営大江戸線 中井駅 4階建 築43年,東京都新宿区上落合２,59000.0,6000.0,59000.0,59000.0,3,1R,14.98,43,4,中井駅,1,6.67,121005.39,82826.39,334,879,1,0.05328964672829606
https://suumo.jp/chintai/jnc_000068305919/?bc=100496301711,都営大江戸線 中井駅 3階建 築37年,東京都新宿区上落合３,44000.0,2000.0,,,3,1R,6.2,37,3,中井駅,5,15.00,121005.39,82826.39,334,879,1,0.029148739746553964
https://suumo.jp/chintai/jnc_000105863158/?bc=100496713268,都営大江戸線 中井駅 3階建 築37年,東京都新宿区上落合３,46000.0,2000.0,,,1,1R,7.7,37,3,中井駅,5,15.00,121005.39,82826.39,334,879,1,0.031163224194316774
https://suumo.jp/chintai/jnc_000105688430/?bc=100495263185,都営大江戸線 中井駅 3階建 築34年,東京都新宿区上落合２,102000.0,,102000.0,102000.0,1,1R,21.06,34,3,中井駅,4,8.33,121005.39,82826.39,334,879,1,0.10332804170014481
https://suumo.jp/chintai/jnc_000105983590/?bc=100497835100,都営大江戸線 中井駅 3階建 築32年,東京都新宿区中井１,61000.0,5000.0,61000.0,,2,1R,15.68,32,3,中井駅,5,10.67,121005.39,82826.39,334,879,1,0.11169222161375297
https://suumo.jp/chintai/jnc_000104830330/?bc=100503437172,都営大江戸線 中井駅 3階建 築11年,東京都新宿区中井１,127000.0,3000.0,63500.0,63500.0,3,1R,35.85,11,3,中井駅,4,10.00,121005.39,82826.39,334,879,1,0.07693112079012826
https://suumo.jp/chintai/jnc_000102039270/?bc=100465872810,都営大江戸線 中井駅 2階建 築13年,東京都新宿区上落合２,91000.0,4000.0,91000.0,91000.0,1,1R,26.12,13,2,中井駅,5,5.67,121005.39,82826.39,334,879,1,0.08216173308646896
https://suumo.jp/chintai/jnc_000107015842/?bc=100505442115,都営大江戸線 中井駅 10階建 築36年,東京都新宿区上落合２,75000.0,,75000.0,75000.0,8,1R,18.72,36,10,中井駅,1,5.33,121005.39,82826.39,334,879,-1,-0.0004247313752174797
https://suumo.jp/chintai/jnc_000106837394/?bc=100506945698,エクセレント中井,東京都新宿区中井２,69000.0,8000.0,69000.0,69000.0,1,1K,16.74,35,3,中井駅,6,10.00,121005.39,98445.68,334,1447,1,0.13282631352774682
https://suumo.jp/chintai/jnc_000106837393/?bc=100507009786,エクセレント中井,東京都新宿区中井２,67000.0,8000.0,67000.0,67000.0,1,1K,23.24,35,3,中井駅,6,10.00,121005.39,98445.68,334,1447,1,0.1408109018243538
https://suumo.jp/chintai/jnc_000106336012/?bc=100500886427,エタニティ,東京都中野区上高田４,76000.0,7000.0,76000.0,76000.0,-1,1K,18.45,19,3,中井駅,6,6.67,121005.39,98445.68,334,1447,1,0.10703159871608114
https://suumo.jp/chintai/jnc_000106597317/?bc=100204284598,オアシスコートＭ,東京都新宿区中井１,77000.0,,,,1,1K,19.6,23,3,中井駅,2,7.33,121005.39,98445.68,334,1447,1,0.11788400354075279
https://suumo.jp/chintai/jnc_000106704581/?bc=100502260788,西武新宿線 中井駅 地上3階建 築10年,東京都新宿区中落合２,280000.0,,280000.0,280000.0,1,3LDK,77.74,10,3,中井駅,9,10.67,121005.39,281205.13,334,156,1,0.008914068940740538
https://suumo.jp/chintai/jnc_000106931060/?bc=100505137670,西武新宿線 中井駅 地上3階建 築13年,東京都新宿区中落合４,300000.0,,300000.0,300000.0,1,3LDK,99.63,13,3,中井駅,6,7.00,121005.39,281205.13,334,156,-1,-0.021777056533844874
https://suumo.jp/chintai/jnc_000106817666/?bc=100504178272,西武新宿線 中井駅 地下1地上4階建 築38年,東京都新宿区中落合２,63000.0,6000.0,63000.0,,2,1R,18.96,38,5,中井駅,9,15.67,121005.39,82826.39,334,879,1,0.05778086596874943
https://suumo.jp/chintai/jnc_000106704580/?bc=100500696655,新宿区中落合２丁目戸建て,東京都新宿区中落合２,280000.0,,280000.0,280000.0,1,3LDK,77.74,10,3,中井駅,9,10.67,121005.39,281205.13,334,156,1,0.008914068940740538
https://suumo.jp/chintai/jnc_000103883461/?bc=100488628845,西武新宿線 中井駅 6階建 築18年,東京都新宿区中井１,80000.0,9000.0,80000.0,80000.0,3,1R,19.78,18,6,中井駅,4,5.67,121005.39,82826.39,334,879,1,0.06694379009463158
https://suumo.jp/chintai/jnc_000106619736/?bc=100497232649,西武新宿線 中井駅 5階建 築33年,東京都新宿区上落合２,68000.0,5000.0,68000.0,68000.0,3,1R,16.47,33,5,中井駅,1,2.33,121005.39,82826.39,334,879,1,0.021617687794604545
https://suumo.jp/chintai/jnc_000106607549/?bc=100497215106,西武新宿線 中井駅 5階建 築33年,東京都新宿区上落合２,67000.0,5000.0,67000.0,67000.0,3,1R,16.47,33,5,中井駅,1,2.33,121005.39,82826.39,334,879,1,0.02059582147236083
https://suumo.jp/chintai/jnc_000090835321/?bc=100496492327,西武新宿線 中井駅 5階建 築33年,東京都新宿区上落合２,73000.0,5000.0,73000.0,73000.0,2,1R,21.5,33,5,中井駅,1,2.33,121005.39,82826.39,334,879,1,0.024325020461488045
https://suumo.jp/chintai/jnc_000106794408/?bc=100506373677,西武新宿線 中井駅 4階建 築8年,東京都新宿区中落合１,125000.0,10000.0,125000.0,125000.0,3,1R,30.69,8,4,中井駅,5,8.33,121005.39,82826.39,334,879,1,0.09209416145125332
https://suumo.jp/chintai/jnc_000106696086/?bc=100505170673,西武新宿線 中井駅 4階建 築41年,東京都新宿区中井２,67000.0,3000.0,,,2,1R,15.5,41,4,中井駅,7,10.67,121005.39,82826.39,334,879,1,0.09485705864036664
https://suumo.jp/chintai/jnc_000106112900/?bc=100502163550,西武新宿線 中井駅 3階建 築6年,東京都新宿区上落合３,78000.0,5000.0,,,2,1R,13.04,6,3,中井駅,1,5.33,121005.39,82826.39,334,879,1,0.044422236691668116
https://suumo.jp/chintai/jnc_000106704545/?bc=100030796875,西武新宿線 中井駅 3階建 築46年,東京都新宿区上落合１,54000.0,5000.0,54000.0,,2,1R,14.56,46,3,中井駅,6,9.67,121005.39,82826.39,334,879,1,0.08712213070284047
https://suumo.jp/chintai/jnc_000105636772/?bc=100494833752,西武新宿線 中井駅 地下1地上2階建 築13年,東京都新宿区中井２,350000.0,,350000.0,350000.0,1,3LDK,98.95,13,3,中井駅,6,8.00,121005.39,281205.13,334,156,-1,-0.027934608064868582
https://suumo.jp/chintai/jnc_000105636772/?bc=100494833752,西武新宿線 中井駅 地下1地上2階建 築13年,東京都新宿区中井２,350000.0,,350000.0,350000.0,2,3LDK,98.95,13,3,中井駅,6,8.00,121005.39,281205.13,334,156,-1,-0.02317224943441276
https://suumo.jp/chintai/jnc_000107154896/?bc=100506632828,西武新宿線 中井駅 2階建 築5年,東京都新宿区中井２,66000.0,4000.0,,66000.0,1,1R,11.1,5,2,中井駅,3,8.33,121005.39,82826.39,334,879,1,0.07964827666955449
https://suumo.jp/chintai/jnc_000106233576/?bc=100486634283,西武新宿線 中井駅 2階建 築19年,東京都新宿区上落合３,80000.0,11000.0,,80000.0,1,1R,12.0,19,2,中井駅,5,7.33,121005.39,82826.39,334,879,1,0.06796027237167895
https://suumo.jp/chintai/jnc_000106488573/?bc=100501967322,ＡＧＲＡＴＩＯ新宿中井,東京都新宿区中井１,136000.0,4000.0,,272000.0,5,1DK,31.06,5,6,中井駅,7,10.67,121005.39,130743.78,334,402,1,0.13904577382180688
https://suumo.jp/chintai/jnc_000047803515/?bc=100500442919,西武新宿線 中井駅 地下1地上2階建 築41年,東京都新宿区中井２,230000.0,,460000.0,230000.0,-1,3LDK,86.61,41,3,中井駅,9,12.00,121005.39,281205.13,334,156,-1,-0.010968158788015048
https://suumo.jp/chintai/jnc_000047803515/?bc=100500442919,西武新宿線 中井駅 地下1地上2階建 築41年,東京都新宿区中井２,230000.0,,460000.0,230000.0,0,3LDK,86.61,41,3,中井駅,9,12.00,121005.39,281205.13,334,156,-1,-0.00809866913154289
https://suumo.jp/chintai/jnc_000047803515/?bc=100500442919,西武新宿線 中井駅 地下1地上2階建 築41年,東京都新宿区中井２,230000.0,,460000.0,230000.0,1,3LDK,86.61,41,3,中井駅,9,12.00,121005.39,281205.13,334,156,-1,-1.0228011025348316e-05
https://suumo.jp/chintai/jnc_000047803515/?bc=100500442919,西武新宿線 中井駅 地下1地上2階建 築41年,東京都新宿区中井２,230000.0,,460000.0,230000.0,2,3LDK,86.61,41,3,中井駅,9,12.00,121005.39,281205.13,334,156,1,0.004457862089766618
https://suumo.jp/chintai/jnc_000106291481/?bc=100500426680,西武新宿線 中井駅 地下1地上3階建 築9年,東京都新宿区中落合３,129000.0,6000.0,129000.0,129000.0,1,1DK,39.66,9,4,中井駅,8,10.00,121005.39,130743.78,334,402,1,0.14632121672009707
https://suumo.jp/chintai/jnc_000106907456/?bc=100504872679,町屋弐番,東京都新宿区上落合２,100000.0,,100000.0,,1,1R,25.0,9,2,中井駅,2,5.33,121005.39,82826.39,334,879,1,0.058494889727918664
https://suumo.jp/chintai/jnc_000105113981/?bc=100498063373,桐栄グランデ,東京都新宿区中落合２,77000.0,6000.0,77000.0,77000.0,2,1R,18.96,38,5,中井駅,9,10.67,121005.39,82826.39,334,879,1,0.09657830074424739
https://suumo.jp/chintai/jnc_000106061051/?bc=100504081207,桐栄グランデ,東京都新宿区中落合２,69000.0,6000.0,69000.0,69000.0,2,1R,18.96,38,5,中井駅,9,10.67,121005.39,82826.39,334,879,1,0.09882296163708526
https://suumo.jp/chintai/jnc_000106807542/?bc=100504095661,桐栄グランデ,東京都新宿区中落合２,63000.0,6000.0,63000.0,,2,1R,18.96,38,5,中井駅,9,10.67,121005.39,82826.39,334,879,1,0.0964797689010366
https://suumo.jp/chintai/jnc_000107128852/?bc=100506471766,クレイノブレスボヌール,東京都新宿区中井１,117000.0,5500.0,,117000.0,2,1K,26.51,7,2,中井駅,8,11.67,121005.39,98445.68,334,1447,1,0.14267604644619364
https://suumo.jp/chintai/jnc_000093634754/?bc=100501754845,四の坂テラス,東京都新宿区中井２,148000.0,8000.0,148000.0,148000.0,2,1R,34.97,18,3,中井駅,4,7.67,121005.39,82826.39,334,879,1,0.08922126790536739
https://suumo.jp/chintai/jnc_000100446107/?bc=100496365431,佐藤ハイツ,東京都新宿区中井１,39000.0,4000.0,39000.0,,1,1R,12.0,42,3,中井駅,5,9.00,121005.39,82826.39,334,879,1,0.06961169335304279
https://suumo.jp/chintai/jnc_000107045018/?bc=100505957061,上落合レジデンス,東京都新宿区上落合１,66000.0,4000.0,,,1,1R,17.01,33,5,中井駅,6,9.67,121005.39,82826.39,334,879,1,0.10186861204157854
https://suumo.jp/chintai/jnc_000101023371/?bc=100347255317,コーポ寺口,東京都新宿区中井２,65000.0,,65000.0,65000.0,1,1K,20.0,66,2,中井駅,8,9.67,121005.39,98445.68,334,1447,1,0.08979512117581046
https://suumo.jp/chintai/jnc_000106943654/?bc=100506782412,コンシェリア新宿落合,東京都新宿区中落合１,114000.0,9500.0,,114000.0,7,1K,25.72,7,11,中井駅,2,6.00,121005.39,98445.68,334,1447,1,0.06509298543800368
https://suumo.jp/chintai/jnc_000106109096/?bc=100499005087,ザ・ガーデン中落合,東京都新宿区中落合１,205000.0,5000.0,205000.0,205000.0,3,1K,48.58,0,3,中井駅,5,8.67,121005.39,98445.68,334,1447,1,0.0918466043035423
https://suumo.jp/chintai/jnc_000106467378/?bc=100501821484,ラ・メゾン中井,東京都中野区上高田４,58000.0,4000.0,58000.0,,1,1R,16.7,38,3,中井駅,6,9.33,121005.39,82826.39,334,879,1,0.10044251949121041
https://suumo.jp/chintai/jnc_000107123006/?bc=100506302919,ラ・エスタシオン,東京都新宿区中井２,77000.0,3000.0,77000.0,,2,1R,18.27,26,2,中井駅,4,6.33,121005.39,82826.39,334,879,1,0.08320560483591799
https://suumo.jp/chintai/jnc_000092776327/?bc=100373098315,メゾンミーナ,東京都新宿区上落合３,52000.0,3000.0,52000.0,,2,1R,15.0,62,2,中井駅,2,6.33,121005.39,82826.39,334,879,1,0.008640592698769822
https://suumo.jp/chintai/jnc_000106966257/?bc=100505366983,メゾンドサントウル,東京都新宿区中落合１,79000.0,2500.0,79000.0,79000.0,3,1R,22.32,23,5,中井駅,4,9.00,121005.39,82826.39,334,879,1,0.08597080538530827
https://suumo.jp/chintai/jnc_000106210962/?bc=100505107055,メゾン・ド・オービエ,東京都新宿区上落合２,59000.0,6000.0,59000.0,59000.0,3,1R,14.98,43,4,中井駅,1,5.33,121005.39,82826.39,334,879,1,0.03408424866815063
https://suumo.jp/chintai/jnc_000107154897/?bc=100506618153,メインステージ中井駅前,東京都新宿区中落合１,76000.0,5000.0,,,5,1R,22.94,35,5,中井駅,3,7.33,121005.39,82826.39,334,879,1,0.0847021418863888
https://suumo.jp/chintai/jnc_000105070449/?bc=100490464770,メインステージ中井駅前,東京都新宿区中落合１,66000.0,6000.0,66000.0,66000.0,4,1R,16.74,35,5,中井駅,3,7.33,121005.39,82826.39,334,879,1,0.08742559905024277
https://suumo.jp/chintai/jnc_000107020294/?bc=100505756827,フレシール中落合,東京都新宿区中落合１,73000.0,,73000.0,73000.0,1,1R,9.14,7,3,中井駅,6,8.67,121005.39,82826.39,334,879,1,0.08301396126901434
https://suumo.jp/chintai/jnc_000106484876/?bc=100504479369,サンフラワーガーデン上落合,東京都新宿区上落合３,72000.0,3000.0,,,1,1K,13.25,9,3,中井駅,3,6.00,121005.39,98445.68,334,1447,1,0.09209224026044588
https://suumo.jp/chintai/jnc_000103960418/?bc=100482120238,サンフラワー中井,東京都中野区上高田４,54000.0,,54000.0,,1,1K,14.8,36,2,中井駅,6,9.33,121005.39,98445.68,334,1447,1,0.1047742266763288
https://suumo.jp/chintai/jnc_000106831055/?bc=100491894986,ジャスパー中落合,東京都新宿区中落合１,110000.0,14800.0,,110000.0,1,1K,24.42,0,3,中井駅,7,11.00,121005.39,98445.68,334,1447,1,0.13291747878963506
https://suumo.jp/chintai/jnc_000105730289/?bc=100500877999,スカイコートグレース新宿中落合,東京都新宿区中落合１,107800.0,8200.0,107800.0,107800.0,1,1K,25.52,7,4,中井駅,6,9.67,121005.39,98445.68,334,1447,1,0.15037202010169426
https://suumo.jp/chintai/jnc_000107182833/?bc=100501165805,スカイコートグレース新宿中落合,東京都新宿区中落合１,120300.0,8200.0,120300.0,120300.0,1,1K,25.52,7,4,中井駅,6,9.67,121005.39,98445.68,334,1447,1,0.14806460045306208
https://suumo.jp/chintai/jnc_000107177098/?bc=100506679809,スカイコートグレース新宿中落合,東京都新宿区中落合１,121300.0,8200.0,121300.0,121300.0,3,1K,25.52,7,4,中井駅,6,9.67,121005.39,98445.68,334,1447,1,0.15091098018910382
https://suumo.jp/chintai/jnc_000107194355/?bc=100506829734,スカイコートグレース新宿中落合,東京都新宿区中落合１,121000.0,8200.0,121000.0,121000.0,3,1K,25.52,7,4,中井駅,6,9.67,121005.39,98445.68,334,1447,1,0.15091098018910382
https://suumo.jp/chintai/jnc_000105627591/?bc=100500553276,スカイコートグレース新宿中落合,東京都新宿区中落合１,111800.0,8200.0,111800.0,111800.0,4,1K,25.52,7,4,中井駅,6,9.67,121005.39,98445.68,334,1447,1,0.14807842623675121
https://suumo.jp/chintai/jnc_000106607573/?bc=100502740865,中井2丁目貸家,東京都新宿区中井２,230000.0,,460000.0,230000.0,2,3LDK,86.61,41,2,中井駅,9,10.67,121005.39,281205.13,334,156,1,0.00012386480417403423
https://suumo.jp/chintai/jnc_000105191271/?bc=100506320747,スカイコート新宿落合第6,東京都新宿区上落合３,82000.0,6000.0,82000.0,,2,1K,18.48,27,4,中井駅,6,8.67,121005.39,98445.68,334,1447,1,0.13800947669852964
https://suumo.jp/chintai/jnc_000107045022/?bc=100493299763,スカイコート新宿落合第6,東京都新宿区上落合３,85000.0,6000.0,85000.0,85000.0,2,1K,18.48,27,4,中井駅,6,8.67,121005.39,98445.68,334,1447,1,0.1418264891263451
https://suumo.jp/chintai/jnc_000106917967/?bc=100505027166,スカイコート新宿落合第6,東京都新宿区上落合３,79000.0,8000.0,79000.0,79000.0,3,1K,18.48,27,4,中井駅,6,8.67,121005.39,98445.68,334,1447,1,0.140127536877224
https://suumo.jp/chintai/jnc_000106991491/?bc=100505563811,スカイコート新宿落合第6,東京都新宿区上落合３,83000.0,8000.0,83000.0,83000.0,3,1K,18.48,27,4,中井駅,6,8.67,121005.39,98445.68,334,1447,1,0.1403812150521137
https://suumo.jp/chintai/jnc_000107068664/?bc=100506090074,スカイコート新宿落合第6,東京都新宿区上落合３,78000.0,5000.0,78000.0,78000.0,4,1K,18.48,27,4,中井駅,6,8.67,121005.39,98445.68,334,1447,1,0.1315356651918016
https://suumo.jp/chintai/jnc_000106451206/?bc=100501677506,ハイム中井,東京都新宿区上落合３,57000.0,2000.0,57000.0,57000.0,2,1R,16.0,41,2,中井駅,3,9.00,121005.39,82826.39,334,879,1,0.07271316209424483
https://suumo.jp/chintai/jnc_000105636746/?bc=100495810271,スピティ落合,東京都新宿区上落合２,102000.0,,102000.0,102000.0,1,1K,21.06,34,3,中井駅,2,5.33,121005.39,98445.68,334,1447,1,0.10013694866246947
https://suumo.jp/chintai/jnc_000104491571/?bc=100487601251,スピティ落合,東京都新宿区上落合２,96000.0,2000.0,96000.0,96000.0,1,1K,21.06,34,3,中井駅,2,5.33,121005.39,98445.68,334,1447,1,0.07786103317879106
https://suumo.jp/chintai/jnc_000107032734/?bc=100506294717,スピティ落合,東京都新宿区上落合２,103000.0,,103000.0,103000.0,3,1K,21.06,34,3,中井駅,2,5.33,121005.39,98445.68,334,1447,1,0.09928983211773607
https://suumo.jp/chintai/jnc_000105697379/?bc=100506116206,セベラパートI,東京都新宿区上落合３,74000.0,3000.0,74000.0,,3,1K,18.36,37,3,中井駅,4,8.33,121005.39,98445.68,334,1447,1,0.1132239173148405
https://suumo.jp/chintai/jnc_000106492921/?bc=100502456769,セントピア中井,東京都新宿区中落合１,65000.0,5000.0,,,4,1K,16.9,36,5,中井駅,3,7.33,121005.39,98445.68,334,1447,1,0.10911163390036521
https://suumo.jp/chintai/jnc_000107154895/?bc=100506960913,ハーモニーテラス中井,東京都新宿区中井２,66000.0,4000.0,,66000.0,1,1R,11.1,5,2,中井駅,3,9.00,121005.39,82826.39,334,879,1,0.08212142352852869
https://suumo.jp/chintai/jnc_000057724267/?bc=100505709984,テラス１０６３,東京都新宿区中井２,66000.0,2000.0,66000.0,66000.0,2,1R,20.7,31,2,中井駅,5,9.00,121005.39,82826.39,334,879,1,0.08880708426895334
https://suumo.jp/chintai/jnc_000105901167/?bc=100506995248,テラス１０６３,東京都新宿区中井２,62000.0,2000.0,62000.0,62000.0,1,1R,20.7,31,2,中井駅,5,9.00,121005.39,82826.39,334,879,1,0.07892126342295164
https://suumo.jp/chintai/jnc_000105147607/?bc=100505737819,デュオステージ中落合,東京都新宿区中落合１,125000.0,10000.0,125000.0,125000.0,3,1R,30.69,8,4,中井駅,5,8.67,121005.39,82826.39,334,879,1,0.09290255591033303
https://suumo.jp/chintai/jnc_000106640660/?bc=100503063318,スピティ落合,東京都新宿区上落合２,96000.0,,96000.0,96000.0,3,1R,21.06,34,3,中井駅,2,5.33,121005.39,82826.39,334,879,1,0.06821186270388818
https://suumo.jp/chintai/jnc_000106555561/?bc=100502960398,シャレムタナカ,東京都新宿区上落合２,68000.0,5000.0,68000.0,68000.0,3,1R,19.0,33,5,中井駅,3,9.33,121005.39,82826.39,334,879,1,0.09822385117452398
https://suumo.jp/chintai/jnc_000106607548/?bc=100239716123,シャルムタナカ,東京都新宿区上落合２,68000.0,5000.0,68000.0,68000.0,3,1R,16.47,34,5,中井駅,2,6.00,121005.39,82826.39,334,879,1,0.07656850508138696
https://suumo.jp/chintai/jnc_000105431396/?bc=100502728254,シャルムタナカ,東京都新宿区上落合２,67000.0,5000.0,67000.0,67000.0,3,1R,16.47,34,5,中井駅,2,6.00,121005.39,82826.39,334,879,1,0.07565917056369459
https://suumo.jp/chintai/jnc_000106739668/?bc=100191819977,サンリバー中井,東京都新宿区中落合１,83000.0,7000.0,83000.0,83000.0,5,1R,25.6,43,6,中井駅,1,2.67,121005.39,82826.39,334,879,1,0.004156354382690464
https://suumo.jp/chintai/jnc_000106745059/?bc=100375995321,サンリバー中井,東京都新宿区中落合１,83000.0,7000.0,83000.0,83000.0,3,1R,25.6,43,6,中井駅,1,2.67,121005.39,82826.39,334,879,1,0.009816561826025416
https://suumo.jp/chintai/jnc_000072800436/?bc=100505984796,サークルハウス中落合,東京都新宿区中落合１,52000.0,3000.0,,,1,1R,11.51,10,2,中井駅,7,11.33,121005.39,82826.39,334,879,1,0.08732110792523229
https://suumo.jp/chintai/jnc_000107052879/?bc=100505984793,サークルハウス中落合,東京都新宿区中落合１,52000.0,3000.0,,,1,1R,10.08,10,2,中井駅,7,11.33,121005.39,82826.39,334,879,1,0.08395292246200692
https://suumo.jp/chintai/jnc_000107053540/?bc=100505842149,コーポ清美,東京都中野区上高田４,50000.0,2000.0,50000.0,50000.0,2,1R,19.87,60,2,中井駅,8,9.67,121005.39,82826.39,334,879,1,0.020913406646473287
https://suumo.jp/chintai/jnc_000106061550/?bc=100506762365,トーシンフェニックス落合公園,東京都中野区上高田４,84000.0,7000.0,84000.0,84000.0,2,1K,20.9,22,5,中井駅,9,9.67,121005.39,98445.68,334,1447,1,0.14616011723735584
https://suumo.jp/chintai/jnc_000105901788/?bc=100497978545,トーシンフェニックス落合公園,東京都中野区上高田４,107000.0,12000.0,,,5,1K,20.9,22,5,中井駅,9,9.67,121005.39,98445.68,334,1447,1,0.1256229340417167
https://suumo.jp/chintai/jnc_000106302660/?bc=100500485678,ノアズアーク,東京都新宿区中落合１,133000.0,3000.0,,,4,1K,30.05,6,4,中井駅,2,6.67,121005.39,98445.68,334,1447,1,0.09068362845666533
https://suumo.jp/chintai/jnc_000075859698/?bc=100499198735,グランメゾン上落合,東京都新宿区上落合２,68000.0,2000.0,68000.0,68000.0,1,1R,24.0,53,2,中井駅,2,3.67,121005.39,82826.39,334,879,-1,-0.00515612444853053
https://suumo.jp/chintai/jnc_000104830329/?bc=100488567132,グランエッグス新宿中井,東京都新宿区中井１,127000.0,3000.0,63500.0,63500.0,3,1R,35.85,11,3,中井駅,5,9.33,121005.39,82826.39,334,879,1,0.07754728444651798
https://suumo.jp/chintai/jnc_000106472867/?bc=100501849438,パールハイツ前島,東京都中野区上高田４,75000.0,3000.0,75000.0,,2,1K,22.0,41,3,中井駅,9,11.33,121005.39,98445.68,334,1447,1,0.11487101880631334
https://suumo.jp/chintai/jnc_000106831545/?bc=100504930044,パインパレス上高田,東京都中野区上高田４,98000.0,8000.0,98000.0,98000.0,2,1K,25.4,20,4,中井駅,7,9.67,121005.39,98445.68,334,1447,1,0.15692204748929128
https://suumo.jp/chintai/jnc_000106771765/?bc=100503964587,ウインス落合,東京都新宿区上落合２,78000.0,7000.0,78000.0,,8,1R,19.0,36,10,中井駅,1,6.00,121005.39,82826.39,334,879,1,0.011631726914261398
https://suumo.jp/chintai/jnc_000105357735/?bc=100461393546,西武新宿線 中井駅 地下1地上9階建 築8年,東京都新宿区中落合２,144000.0,11000.0,,144000.0,9,1K,25.85,8,10,中井駅,9,10.00,121005.39,98445.68,334,1447,1,0.08983732879019246
https://suumo.jp/chintai/jnc_000107096502/?bc=100445835709,西武新宿線 中井駅 地下1地上9階建 築8年,東京都新宿区中落合２,151000.0,11000.0,,151000.0,7,1K,25.85,8,10,中井駅,9,10.00,121005.39,98445.68,334,1447,1,0.09898180826194458
https://suumo.jp/chintai/jnc_000105357733/?bc=100494866546,西武新宿線 中井駅 地下1地上9階建 築8年,東京都新宿区中落合２,142000.0,11000.0,,142000.0,6,1K,25.84,8,10,中井駅,9,10.00,121005.39,98445.68,334,1447,1,0.10465816897832692
https://suumo.jp/chintai/jnc_000105923805/?bc=100497182309,西武新宿線 中井駅 地下1地上9階建 築8年,東京都新宿区中落合２,141000.0,11000.0,,141000.0,3,1K,25.85,8,10,中井駅,9,10.00,121005.39,98445.68,334,1447,1,0.1275565522221892
https://suumo.jp/chintai/jnc_000106650652/?bc=100503036169,西武新宿線 中井駅 地下1地上9階建 築8年,東京都新宿区中落合２,142000.0,11000.0,,142000.0,3,1K,25.84,8,10,中井駅,9,10.00,121005.39,98445.68,334,1447,1,0.12635569126456175
https://suumo.jp/chintai/jnc_000106966216/?bc=100505260490,西武新宿線 中井駅 9階建 築24年,東京都新宿区下落合４,99000.0,11000.0,,198000.0,4,1K,18.45,24,9,中井駅,10,12.33,121005.39,98445.68,334,1447,1,0.11127152605600465
https://suumo.jp/chintai/jnc_000107015841/?bc=100505740637,ウインス落合,東京都新宿区上落合２,75000.0,,75000.0,75000.0,8,1R,18.72,36,10,中井駅,1,6.00,121005.39,82826.39,334,879,1,0.014056449954981343
https://suumo.jp/chintai/jnc_000105543875/?bc=100494423852,西武新宿線 中井駅 9階建 築24年,東京都新宿区下落合４,80000.0,9000.0,80000.0,80000.0,2,1K,19.83,24,9,中井駅,10,12.33,121005.39,98445.68,334,1447,1,0.11812811024062736
https://suumo.jp/chintai/jnc_000066800530/?bc=100241858168,ヒルズ中井,東京都新宿区中井２,56000.0,2000.0,56000.0,,1,1K,17.39,36,2,中井駅,5,7.00,121005.39,98445.68,334,1447,1,0.08845113638581092
https://suumo.jp/chintai/jnc_000106484875/?bc=100501880759,ヴィラフォンテ,東京都新宿区上落合２,75000.0,3000.0,,,5,1R,24.73,43,5,中井駅,5,7.00,121005.39,82826.39,334,879,1,0.0572809933814436
https://suumo.jp/chintai/jnc_000106366301/?bc=100502562898,ファブリック中井,東京都新宿区中落合１,112000.0,10000.0,112000.0,,2,1K,21.55,4,4,中井駅,3,8.33,121005.39,98445.68,334,1447,1,0.1261512836619929
https://suumo.jp/chintai/jnc_000107137660/?bc=100502834651,西武新宿線 中井駅 8階建 築25年,東京都新宿区中井１,87000.0,8000.0,87000.0,87000.0,6,1K,19.47,25,8,中井駅,2,8.33,121005.39,98445.68,334,1447,1,0.08851434436184191
https://suumo.jp/chintai/jnc_000105972194/?bc=100498123251,ヴィヴレコート,東京都新宿区中井１,61000.0,5000.0,61000.0,,2,1R,15.68,32,3,中井駅,8,11.33,121005.39,82826.39,334,879,1,0.10549352974915971
https://suumo.jp/chintai/jnc_000107203602/?bc=100506992620,フェニックス下落合,東京都新宿区上落合２,73000.0,12000.0,73000.0,73000.0,3,1K,20.07,28,8,中井駅,5,10.00,121005.39,98445.68,334,1447,1,0.11904447487809156
https://suumo.jp/chintai/jnc_000105934126/?bc=100497402633,西武新宿線 中井駅 7階建 築28年,東京都中野区上高田４,80000.0,7000.0,80000.0,80000.0,2,1K,20.16,28,7,中井駅,5,10.00,121005.39,98445.68,334,1447,1,0.1350434222349844
https://suumo.jp/chintai/jnc_000104861996/?bc=100496260223,西武新宿線 中井駅 7階建 築20年,東京都新宿区上落合２,100000.0,13000.0,,100000.0,3,1K,26.25,20,7,中井駅,5,8.33,121005.39,98445.68,334,1447,1,0.13002184148015794
https://suumo.jp/chintai/jnc_000106335582/?bc=100500736095,アッパルタメントベルベデーレ,東京都新宿区中井２,88000.0,10000.0,88000.0,,4,1R,29.2,24,6,中井駅,5,10.33,121005.39,82826.39,334,879,1,0.08952752838033656
https://suumo.jp/chintai/jnc_000106096875/?bc=100504359033,西武新宿線 中井駅 7階建 築19年,東京都新宿区中落合１,78000.0,10000.0,78000.0,78000.0,2,1K,22.78,19,7,中井駅,4,7.67,121005.39,98445.68,334,1447,1,0.11696734266516351
https://suumo.jp/chintai/jnc_000107052880/?bc=100506221789,西武新宿線 中井駅 7階建 築10年,東京都新宿区中落合１,140000.0,8000.0,140000.0,140000.0,4,1K,33.31,10,7,中井駅,5,8.00,121005.39,98445.68,334,1447,1,0.12385423552769864
https://suumo.jp/chintai/jnc_000106161789/?bc=100499589110,西武新宿線 中井駅 7階建 築10年,東京都新宿区中落合１,131000.0,8000.0,131000.0,,2,1K,25.37,10,7,中井駅,5,8.00,121005.39,98445.68,334,1447,1,0.13925127053022646
https://suumo.jp/chintai/jnc_000105317884/?bc=100499196992,フォレストコート,東京都新宿区上落合２,92000.0,10000.0,92000.0,92000.0,5,1K,26.39,19,6,中井駅,4,9.33,121005.39,98445.68,334,1447,1,0.12314119882683461
https://suumo.jp/chintai/jnc_000106233575/?bc=100486004102,アーバンプレイス落合A,東京都新宿区上落合３,80000.0,11000.0,,80000.0,1,1R,12.0,19,2,中井駅,5,7.33,121005.39,82826.39,334,879,1,0.06796027237167895
https://suumo.jp/chintai/jnc_000105942707/?bc=100497460353,ブライズ新宿中井,東京都新宿区中井２,110000.0,10000.0,,110000.0,1,1K,31.45,18,6,中井駅,5,9.67,121005.39,98445.68,334,1447,1,0.13347257664378492
https://suumo.jp/chintai/jnc_000106508094/?bc=100502089733,西武新宿線 中井駅 5階建 築36年,東京都新宿区中落合１,65000.0,5000.0,,,4,1K,16.9,36,5,中井駅,3,8.67,121005.39,98445.68,334,1447,1,0.11214528452589478
https://suumo.jp/chintai/jnc_000107194356/?bc=100506903960,西武新宿線 中井駅 4階建 築7年,東京都新宿区中落合１,121300.0,8200.0,121300.0,121300.0,3,1K,25.52,7,4,中井駅,8,9.67,121005.39,98445.68,334,1447,1,0.14845207120541265
https://suumo.jp/chintai/jnc_000105350423/?bc=100497415897,西武新宿線 中井駅 4階建 築7年,東京都新宿区中落合１,110000.0,15000.0,,220000.0,1,1K,25.52,7,4,中井駅,8,9.67,121005.39,98445.68,334,1447,1,0.1311177211479868
https://suumo.jp/chintai/jnc_000106354026/?bc=100503618190,西武新宿線 中井駅 4階建 築7年,東京都新宿区中落合１,107800.0,8200.0,107800.0,107800.0,1,1K,25.52,7,4,中井駅,8,9.67,121005.39,98445.68,334,1447,1,0.14707094502088303
https://suumo.jp/chintai/jnc_000103575250/?bc=100478651058,西武新宿線 中井駅 4階建 築4年,東京都新宿区中落合１,108000.0,10000.0,108000.0,,2,1K,23.28,4,4,中井駅,3,6.00,121005.39,98445.68,334,1447,1,0.11495555940187974
https://suumo.jp/chintai/jnc_000106145867/?bc=100502947602,プラウドフラット中落合,東京都新宿区中落合１,131000.0,8000.0,131000.0,,2,1K,25.37,10,7,中井駅,5,7.67,121005.39,98445.68,334,1447,1,0.13763751962921056
https://suumo.jp/chintai/jnc_000107039298/?bc=100506354872,プラウドフラット中落合,東京都新宿区中落合１,140000.0,8000.0,140000.0,140000.0,4,1K,33.31,10,7,中井駅,5,7.67,121005.39,98445.68,334,1447,1,0.12217533062803132
https://suumo.jp/chintai/jnc_000106389450/?bc=100504656777,西武新宿線 中井駅 4階建 築4年,東京都新宿区中落合１,112000.0,10000.0,112000.0,,2,1K,21.55,4,4,中井駅,3,6.00,121005.39,98445.68,334,1447,1,0.11229025336794052
https://suumo.jp/chintai/jnc_000107169535/?bc=100506823288,西武新宿線 中井駅 4階建 築2年,東京都新宿区中落合１,129000.0,10000.0,129000.0,,3,1K,24.52,2,4,中井駅,1,2.33,121005.39,98445.68,334,1447,1,0.05934366235225402
https://suumo.jp/chintai/jnc_000107169536/?bc=100506646884,西武新宿線 中井駅 4階建 築2年,東京都新宿区中落合１,109000.0,10000.0,109000.0,,3,1K,20.06,2,4,中井駅,1,2.33,121005.39,98445.68,334,1447,1,0.0585758185231412
https://suumo.jp/chintai/jnc_000106765959/?bc=100503797738,西武新宿線 中井駅 4階建 築2年,東京都新宿区中落合１,109000.0,10000.0,109000.0,,3,1K,20.02,2,4,中井駅,1,2.33,121005.39,98445.68,334,1447,1,0.0585758185231412
https://suumo.jp/chintai/jnc_000106838034/?bc=100505300631,西武新宿線 中井駅 4階建 築20年,東京都中野区上高田４,98000.0,8000.0,98000.0,98000.0,2,1K,25.4,20,4,中井駅,7,11.33,121005.39,98445.68,334,1447,1,0.15641443210178757
https://suumo.jp/chintai/jnc_000105607875/?bc=100497853725,西武新宿線 中井駅 4階建 新築,東京都新宿区上落合３,107000.0,5000.0,107000.0,107000.0,2,1K,20.03,0,4,中井駅,4,6.33,121005.39,98445.68,334,1447,1,0.12139663198016853
https://suumo.jp/chintai/jnc_000105554308/?bc=100494158713,西武新宿線 中井駅 4階建 新築,東京都新宿区上落合３,104000.0,5000.0,104000.0,104000.0,1,1K,20.03,0,4,中井駅,4,6.33,121005.39,98445.68,334,1447,1,0.11931140095572978
https://suumo.jp/chintai/jnc_000106428549/?bc=100501175653,trias117,東京都新宿区中落合１,97000.0,8000.0,97000.0,,4,1R,18.4,3,4,中井駅,4,8.33,121005.39,82826.39,334,879,1,0.0920214317236962
https://suumo.jp/chintai/jnc_000106428548/?bc=100505979203,trias117,東京都新宿区中落合１,97000.0,8000.0,97000.0,,3,1R,18.7,3,4,中井駅,4,8.33,121005.39,82826.39,334,879,1,0.09775529846915915
https://suumo.jp/chintai/jnc_000104919221/?bc=100501232935,trias117,東京都新宿区中落合１,97000.0,8000.0,97000.0,,2,1R,18.7,3,4,中井駅,4,8.33,121005.39,82826.39,334,879,1,0.0996790058458204
https://suumo.jp/chintai/jnc_000106900552/?bc=100504833427,ブルーハイネス落合,東京都新宿区上落合２,65000.0,3000.0,65000.0,,1,1K,21.11,34,3,中井駅,4,6.00,121005.39,98445.68,334,1447,1,0.10207482311158661
https://suumo.jp/chintai/jnc_000106389449/?bc=100439326939,PREMIUM CUBE 新宿中井,東京都新宿区中井２,135500.0,15000.0,135500.0,135500.0,3,1R,25.65,5,5,中井駅,2,5.67,121005.39,82826.39,334,879,1,0.05101481323615703
https://suumo.jp/chintai/jnc_000105923804/?bc=100497934047,Ｎｏａｈ′ｓ Ａｒｋ,東京都新宿区中落合１,133000.0,3000.0,,,4,1R,30.05,6,4,中井駅,2,6.67,121005.39,82826.39,334,879,1,0.049346786630469985
https://suumo.jp/chintai/jnc_000059977505/?bc=100500064016,西武新宿線 中井駅 3階建 築40年,東京都新宿区中井２,62000.0,3000.0,62000.0,,1,1K,20.3,40,3,中井駅,10,12.33,121005.39,98445.68,334,1447,1,0.10363160204802985
https://suumo.jp/chintai/jnc_000106910343/?bc=100504908312,西武新宿線 中井駅 3階建 築34年,東京都新宿区上落合２,65000.0,3000.0,65000.0,,1,1K,21.11,34,3,中井駅,4,6.00,121005.39,98445.68,334,1447,1,0.10207482311158661
https://suumo.jp/chintai/jnc_000107209766/?bc=100488156195,マハナイム中井,東京都新宿区中井１,74000.0,4000.0,37000.0,,1,1K,18.92,12,3,中井駅,7,9.67,121005.39,98445.68,334,1447,1,0.13903467140246745
https://suumo.jp/chintai/jnc_000107052878/?bc=100506139833,マハナイム中井,東京都新宿区中井１,80000.0,4000.0,80000.0,80000.0,2,1K,18.52,12,3,中井駅,7,9.67,121005.39,98445.68,334,1447,1,0.14144731419230344
https://suumo.jp/chintai/jnc_000106669380/?bc=100507045242,西武新宿線 中井駅 3階建 築24年,東京都新宿区中落合１,110000.0,5000.0,110000.0,,2,1K,26.1,24,3,中井駅,2,7.67,121005.39,98445.68,334,1447,1,0.12371477549717397
https://suumo.jp/chintai/jnc_000106081153/?bc=100504358827,西武新宿線 中井駅 3階建 築24年,東京都新宿区中落合１,115000.0,5000.0,115000.0,115000.0,2,1K,26.1,24,3,中井駅,2,7.67,121005.39,98445.68,334,1447,1,0.12371477549717397
https://suumo.jp/chintai/jnc_000107209736/?bc=100506951943,西武新宿線 中井駅 3階建 築18年,東京都新宿区上落合２,74000.0,10000.0,74000.0,74000.0,1,1K,21.87,18,3,中井駅,5,6.00,121005.39,98445.68,334,1447,1,0.11740440032008476
https://suumo.jp/chintai/jnc_000103178954/?bc=100456378680,西武新宿線 中井駅 2階建 築39年,東京都新宿区中井２,65000.0,,65000.0,65000.0,2,1K,18.86,39,2,中井駅,9,11.00,121005.39,98445.68,334,1447,1,0.13127079788835694
https://suumo.jp/chintai/jnc_000103178953/?bc=100456555999,西武新宿線 中井駅 2階建 築39年,東京都新宿区中井２,65000.0,,65000.0,65000.0,1,1K,18.86,39,2,中井駅,9,11.00,121005.39,98445.68,334,1447,1,0.12785040197874792
https://suumo.jp/chintai/jnc_000106278066/?bc=100502316067,西武新宿線 中井駅 2階建 築10年,東京都新宿区中落合４,105000.0,4000.0,,105000.0,2,1K,28.98,10,2,中井駅,8,8.33,121005.39,98445.68,334,1447,1,0.1314492290651887
https://suumo.jp/chintai/jnc_000106451224/?bc=100501839023,西武新宿線 中井駅 2階建 築10年,東京都新宿区中落合４,102000.0,4000.0,,102000.0,1,1K,28.98,10,2,中井駅,8,8.33,121005.39,98445.68,334,1447,1,0.1291834193778389
https://suumo.jp/chintai/jnc_000105405255/?bc=100506222310,西武新宿線 中井駅 10階建 築6年,東京都新宿区中落合１,124000.0,10000.0,,,4,1K,25.07,6,10,中井駅,2,4.67,121005.39,98445.68,334,1447,1,0.0808887937121423
https://suumo.jp/chintai/jnc_000106888803/?bc=100504817838,西武新宿線 中井駅 10階建 築6年,東京都新宿区中落合１,130000.0,10000.0,,,10,1K,25.28,6,10,中井駅,2,4.67,121005.39,98445.68,334,1447,1,0.03688536058573744
https://suumo.jp/chintai/jnc_000107096499/?bc=100506317398,Grande Nakaochiai,東京都新宿区中落合１,98000.0,10000.0,98000.0,,1,1R,21.63,4,4,中井駅,5,8.67,121005.39,82826.39,334,879,1,0.09775930457672083
https://suumo.jp/chintai/jnc_000106959003/?bc=100505220690,メゾンドサントウル,東京都新宿区中落合１,78000.0,2500.0,78000.0,78000.0,2,1K,20.69,23,5,中井駅,4,9.00,121005.39,98445.68,334,1447,1,0.11238774459774714
https://suumo.jp/chintai/jnc_000106959004/?bc=100505452525,メゾンドサントウル,東京都新宿区中落合１,79000.0,2500.0,79000.0,79000.0,2,1K,20.69,23,5,中井駅,4,9.00,121005.39,98445.68,334,1447,1,0.11238774459774714
https://suumo.jp/chintai/jnc_000107194357/?bc=100506945716,FABRIC中井due Residence,東京都新宿区中落合１,109000.0,10000.0,109000.0,,3,1R,20.06,2,4,中井駅,1,7.00,121005.39,82826.39,334,879,1,0.055159216357625995
https://suumo.jp/chintai/jnc_000106910346/?bc=100504688427,都営大江戸線 中井駅 9階建 築18年,東京都新宿区中落合１,113000.0,10000.0,,,8,1K,22.89,18,9,中井駅,2,6.33,121005.39,98445.68,334,1447,1,0.05599282631725144
https://suumo.jp/chintai/jnc_000106910350/?bc=100504688434,都営大江戸線 中井駅 8階建 築18年,東京都新宿区中落合１,93500.0,15000.0,93500.0,93500.0,6,1K,21.23,18,8,中井駅,7,8.00,121005.39,98445.68,334,1447,1,0.0939888969244842
https://suumo.jp/chintai/jnc_000107147330/?bc=100501518638,都営大江戸線 中井駅 8階建 築18年,東京都新宿区中落合１,89000.0,15000.0,,44500.0,3,1K,21.23,18,8,中井駅,7,8.00,121005.39,98445.68,334,1447,1,0.1177148027680821
https://suumo.jp/chintai/jnc_000105908260/?bc=100497115391,都営大江戸線 中井駅 5階建 築30年,東京都中野区上高田４,107000.0,12000.0,,,5,1K,20.09,30,5,中井駅,9,13.33,121005.39,98445.68,334,1447,1,0.10794268871193141
https://suumo.jp/chintai/jnc_000106848622/?bc=100506590297,都営大江戸線 中井駅 5階建 築30年,東京都中野区上高田４,84000.0,7000.0,84000.0,84000.0,2,1K,20.9,30,5,中井駅,9,13.33,121005.39,98445.68,334,1447,1,0.12888085894277834
https://suumo.jp/chintai/jnc_000106771764/?bc=100503884080,都営大江戸線 中井駅 4階建 築8年,東京都新宿区上落合１,115000.0,11000.0,115000.0,115000.0,4,1K,25.38,8,4,中井駅,5,7.00,121005.39,98445.68,334,1447,1,0.12642040567757395
https://suumo.jp/chintai/jnc_000106634623/?bc=100504358843,都営大江戸線 中井駅 4階建 築5年,東京都新宿区中井２,134000.0,15000.0,,134000.0,3,1K,25.38,5,4,中井駅,2,10.67,121005.39,98445.68,334,1447,1,0.10683428772919684
https://suumo.jp/chintai/jnc_000106210992/?bc=100500249423,FABRIC中井due Residence,東京都新宿区中落合１,109000.0,10000.0,109000.0,,3,1R,20.02,2,4,中井駅,1,7.00,121005.39,82826.39,334,879,1,0.055159216357625995
https://suumo.jp/chintai/jnc_000107199829/?bc=100506957153,ＤＵＯ　ＦＥＥＬ落合,東京都新宿区中井２,69000.0,3000.0,,,3,1R,16.0,41,4,中井駅,5,10.00,121005.39,82826.39,334,879,1,0.09259543469548359
https://suumo.jp/chintai/jnc_000106191566/?bc=100499586774,都営大江戸線 中井駅 4階建 築5年,東京都新宿区上落合３,103000.0,7000.0,,,1,1K,22.84,5,4,中井駅,3,5.00,121005.39,98445.68,334,1447,1,0.1125339748048515
https://suumo.jp/chintai/jnc_000106704579/?bc=100503370690,ＤＵＯ　ＦＥＥＬ落合,東京都新宿区中井２,67000.0,3000.0,,,2,1R,15.5,41,4,中井駅,5,10.00,121005.39,82826.39,334,879,1,0.09367355259585441
https://suumo.jp/chintai/jnc_000105881742/?bc=100496882499,都営大江戸線 中井駅 4階建 築31年,東京都中野区上高田４,88000.0,4000.0,,,1,1K,27.08,31,4,中井駅,7,10.33,121005.39,98445.68,334,1447,1,0.14345605215884266
https://suumo.jp/chintai/jnc_000106870286/?bc=100504574921,都営大江戸線 中井駅 3階建 築35年,東京都新宿区中井２,67000.0,8000.0,67000.0,67000.0,1,1K,23.24,35,3,中井駅,7,9.67,121005.39,98445.68,334,1447,1,0.14192559690612022
https://suumo.jp/chintai/jnc_000106870287/?bc=100504559593,都営大江戸線 中井駅 3階建 築35年,東京都新宿区中井２,69000.0,8000.0,69000.0,69000.0,1,1K,16.74,35,3,中井駅,7,9.67,121005.39,98445.68,334,1447,1,0.1339644431185965
https://suumo.jp/chintai/jnc_000106655064/?bc=100503072370,都営大江戸線 中井駅 3階建 築34年,東京都新宿区上落合２,96000.0,,96000.0,96000.0,3,1K,21.06,34,3,中井駅,4,8.33,121005.39,98445.68,334,1447,1,0.13031333356643543
https://suumo.jp/chintai/jnc_000107039291/?bc=100506222377,都営大江戸線 中井駅 3階建 築34年,東京都新宿区上落合２,103000.0,,103000.0,103000.0,3,1K,21.06,34,3,中井駅,4,8.33,121005.39,98445.68,334,1447,1,0.13031333356643543
https://suumo.jp/chintai/jnc_000106918799/?bc=100504982273,都営大江戸線 中井駅 3階建 築21年,東京都新宿区中井１,70000.0,1000.0,70000.0,70000.0,1,1K,17.13,21,3,中井駅,5,8.00,121005.39,98445.68,334,1447,1,0.10324484216139862
https://suumo.jp/chintai/jnc_000107194359/?bc=100404307233,都営大江戸線 中井駅 3階建 築18年,東京都新宿区中落合４,132000.0,5500.0,,132000.0,3,1K,20.81,18,3,中井駅,8,9.67,121005.39,98445.68,334,1447,1,0.14144115311213057
https://suumo.jp/chintai/jnc_000106669384/?bc=100502075416,都営大江戸線 中井駅 3階建 築18年,東京都新宿区中落合４,121000.0,5500.0,,121000.0,3,1K,20.81,18,3,中井駅,8,9.67,121005.39,98445.68,334,1447,1,0.14373169700716826
https://suumo.jp/chintai/jnc_000106876603/?bc=100504938422,La Douceur中落合,東京都新宿区中落合１,130000.0,10000.0,,,10,1K,25.28,6,10,中井駅,2,7.00,121005.39,98445.68,334,1447,1,0.05332675394032149
https://suumo.jp/chintai/jnc_000105397610/?bc=100497205824,La Douceur中落合,東京都新宿区中落合１,124000.0,10000.0,,,4,1K,25.07,6,10,中井駅,2,7.00,121005.39,98445.68,334,1447,1,0.09680484349870999
https://suumo.jp/chintai/jnc_000106669383/?bc=100481225019,都営大江戸線 中井駅 3階建 築18年,東京都新宿区中落合４,120000.0,5500.0,,120000.0,2,1K,20.81,18,3,中井駅,8,9.67,121005.39,98445.68,334,1447,1,0.1444979532286385
https://suumo.jp/chintai/jnc_000107188886/?bc=100506744739,都営大江戸線 中井駅 3階建 築12年,東京都新宿区中井１,80000.0,4000.0,80000.0,80000.0,2,1K,18.52,12,3,中井駅,7,9.67,121005.39,98445.68,334,1447,1,0.14144731419230344
https://suumo.jp/chintai/jnc_000106248886/?bc=100502091793,都営大江戸線 中井駅 3階建 築12年,東京都新宿区中井１,76000.0,4000.0,76000.0,38000.0,1,1K,18.92,12,3,中井駅,7,9.67,121005.39,98445.68,334,1447,1,0.13903467140246745
https://suumo.jp/chintai/jnc_000107209767/?bc=100487682576,都営大江戸線 中井駅 3階建 築12年,東京都新宿区中井１,74000.0,4000.0,37000.0,,1,1K,18.92,12,3,中井駅,7,9.67,121005.39,98445.68,334,1447,1,0.13903467140246745
https://suumo.jp/chintai/jnc_000107215530/?bc=100506476019,都営大江戸線 中井駅 2階建 築7年,東京都新宿区中井１,117000.0,5500.0,,117000.0,2,1K,26.51,7,2,中井駅,8,10.33,121005.39,98445.68,334,1447,1,0.1420012848017735
https://suumo.jp/chintai/jnc_000106978437/?bc=100505466217,都営大江戸線 中井駅 2階建 築4年,東京都新宿区上落合２,69000.0,4000.0,69000.0,69000.0,1,1K,15.0,4,2,中井駅,2,7.33,121005.39,98445.68,334,1447,1,0.08693751254233445
https://suumo.jp/chintai/jnc_000105863157/?bc=100497626326,ＡＱＵＡレジデンス中井,東京都新宿区上落合３,46000.0,2000.0,,,1,1R,7.7,37,3,中井駅,5,9.67,121005.39,82826.39,334,879,1,0.050644485442503384
https://suumo.jp/chintai/jnc_000103977451/?bc=100481966411,都営大江戸線 中井駅 2階建 築36年,東京都中野区上高田４,54000.0,,54000.0,,1,1K,14.8,36,2,中井駅,6,9.67,121005.39,98445.68,334,1447,1,0.10605255417573334
https://suumo.jp/chintai/jnc_000107215532/?bc=100500938064,都営大江戸線 中井駅 2階建 築23年,東京都新宿区中落合４,103000.0,5500.0,,103000.0,2,1K,26.08,23,2,中井駅,9,10.00,121005.39,98445.68,334,1447,1,0.1386889506474171
https://suumo.jp/chintai/jnc_000106569706/?bc=100502406447,都営大江戸線 中井駅 2階建 築23年,東京都中野区上高田４,74000.0,2000.0,74000.0,74000.0,1,1K,20.86,23,2,中井駅,7,10.33,121005.39,98445.68,334,1447,1,0.11282914962440355
https://suumo.jp/chintai/jnc_000096772680/?bc=100477406492,西武新宿線 中井駅 8階建 築57年,東京都新宿区中井１,170000.0,15000.0,170000.0,170000.0,8,1LDK,51.84,57,8,中井駅,8,11.33,121005.39,170377.07,334,811,1,0.019578486472788148
https://suumo.jp/chintai/jnc_000105721179/?bc=100496134288,落合ミュージックハイム,東京都新宿区上落合２,250000.0,,250000.0,250000.0,3,2SLDK,90.5,43,3,中井駅,3,6.00,121005.39,276060.00,334,25,-1,-0.014131959023491514
https://suumo.jp/chintai/jnc_000106500615/?bc=100506718123,西武新宿線 中井駅 3階建 築26年,東京都新宿区中井２,126000.0,5000.0,126000.0,126000.0,2,1DK,30.93,26,3,中井駅,4,8.67,121005.39,130743.78,334,402,1,0.1500747931645982
https://suumo.jp/chintai/jnc_000106913368/?bc=100504929192,Ｏｎｅ　Ｓｅａ　Ｂｉｒｄ,東京都新宿区中井１,70000.0,1000.0,70000.0,70000.0,1,1K,17.13,26,4,中井駅,5,8.00,121005.39,98445.68,334,1447,1,0.09588553260449173
https://suumo.jp/chintai/jnc_000105265062/?bc=100445850890,西武新宿線 中井駅 地下1地上9階建 築8年,東京都新宿区中落合２,221000.0,11000.0,,221000.0,1,1LDK,46.83,8,10,中井駅,9,10.00,121005.39,170377.07,334,811,1,0.08125654403684845
https://suumo.jp/chintai/jnc_000106191582/?bc=100499496589,西武新宿線 中井駅 3階建 新築,東京都新宿区中落合１,154000.0,5000.0,154000.0,154000.0,2,1LDK,36.42,0,3,中井駅,5,7.33,121005.39,170377.07,334,811,1,0.10546370290265511
https://suumo.jp/chintai/jnc_000106986201/?bc=100505627580,Plaisir上落合,東京都新宿区上落合２,69000.0,4000.0,69000.0,69000.0,1,1K,15.0,4,2,中井駅,2,5.00,121005.39,98445.68,334,1447,1,0.0717794914474223
https://suumo.jp/chintai/jnc_000106027465/?bc=100498457395,PLATZ中井,東京都新宿区中落合１,115000.0,5000.0,115000.0,115000.0,2,1K,26.1,24,3,中井駅,2,7.00,121005.39,98445.68,334,1447,1,0.12079033501353192
https://suumo.jp/chintai/jnc_000106645700/?bc=100502195536,PLATZ中井,東京都新宿区中落合１,110000.0,5000.0,110000.0,,2,1K,26.1,24,3,中井駅,2,7.00,121005.39,98445.68,334,1447,1,0.12079033501353192
https://suumo.jp/chintai/jnc_000106837391/?bc=100504349483,青葉ハイツ,東京都新宿区中井１,56000.0,,56000.0,,1,1K,21.0,64,2,中井駅,1,8.33,121005.39,98445.68,334,1447,1,0.050855604713491154
https://suumo.jp/chintai/jnc_000106248887/?bc=100500254250,ビアンカ　フォレ,東京都新宿区中落合１,165000.0,5000.0,165000.0,330000.0,1,1LDK,39.72,4,4,中井駅,4,6.00,121005.39,170377.07,334,811,1,0.09080949601883576
https://suumo.jp/chintai/jnc_000106381586/?bc=100501044596,西武新宿線 中井駅 4階建 新築,東京都新宿区中落合１,185000.0,20000.0,,,1,1LDK,39.25,0,4,中井駅,4,4.50,121005.39,170377.07,334,811,1,0.04111062635109741
https://suumo.jp/chintai/jnc_000106480213/?bc=100501922858,西武新宿線 中井駅 3階建 築26年,東京都新宿区中井２,127000.0,5000.0,127000.0,127000.0,2,1DK,30.93,26,3,中井駅,4,8.67,121005.39,130743.78,334,402,1,0.1500747931645982
https://suumo.jp/chintai/jnc_000106597297/?bc=100502685530,ヴェルテ落合,東京都新宿区上落合３,85000.0,5000.0,85000.0,,2,1DK,28.18,36,6,中井駅,5,10.00,121005.39,130743.78,334,402,1,0.14597334969399434
https://suumo.jp/chintai/jnc_000106408937/?bc=100501256622,グランブリッジ中落合,東京都新宿区中落合１,159000.0,10000.0,159000.0,159000.0,2,1LDK,40.51,6,4,中井駅,6,8.00,121005.39,170377.07,334,811,1,0.11612624043034941
https://suumo.jp/chintai/jnc_000106381588/?bc=100501044617,西武新宿線 中井駅 4階建 新築,東京都新宿区中落合１,188000.0,20000.0,,,2,1LDK,39.25,0,4,中井駅,4,4.50,121005.39,170377.07,334,811,1,0.03700553195298506
https://suumo.jp/chintai/jnc_000102417192/?bc=100471582095,クレヴィア新宿中落合WEST,東京都新宿区中落合１,280000.0,20000.0,280000.0,280000.0,5,2SLDK,54.51,3,7,中井駅,6,11.67,121005.39,276060.00,334,25,1,0.024033213562557998
https://suumo.jp/chintai/jnc_000105350403/?bc=100492629897,グランドメゾン落合,東京都新宿区上落合２,158000.0,12000.0,,316000.0,6,1LDK,48.99,34,12,中井駅,2,5.67,121005.39,170377.07,334,811,1,0.008929947692726592
https://suumo.jp/chintai/jnc_000106408907/?bc=100499973301,グランドメゾン落合,東京都新宿区上落合２,163000.0,12000.0,,326000.0,5,1LDK,54.17,34,12,中井駅,2,5.67,121005.39,170377.07,334,811,1,0.014324472140313071
https://suumo.jp/chintai/jnc_000107147329/?bc=100498390937,FABRIC中井due Residence,東京都新宿区中落合１,129000.0,10000.0,129000.0,,3,1K,24.52,2,4,中井駅,1,7.00,121005.39,98445.68,334,1447,1,0.09638197475699556
https://suumo.jp/chintai/jnc_000106034219/?bc=100502685779,FABRIC中井due Residence,東京都新宿区中落合１,133000.0,10000.0,133000.0,,3,1K,24.52,2,4,中井駅,1,7.00,121005.39,98445.68,334,1447,1,0.09638197475699556
https://suumo.jp/chintai/jnc_000105791986/?bc=100502872405,中銀落合マンシオン,東京都新宿区中落合２,137000.0,12000.0,137000.0,137000.0,2,1LDK,38.93,48,9,中井駅,8,9.00,121005.39,170377.07,334,811,1,0.06568146863445262
https://suumo.jp/chintai/jnc_000106061018/?bc=100498478717,グラン・シュシュ,東京都新宿区上落合２,130000.0,4000.0,,130000.0,1,1LDK,36.07,8,3,中井駅,5,6.67,121005.39,170377.07,334,811,1,0.08556602733674618
https://suumo.jp/chintai/jnc_000104540967/?bc=100487080268,西武新宿線 中井駅 3階建 築26年,東京都新宿区中井２,148000.0,5000.0,148000.0,148000.0,2,1DK,30.93,26,3,中井駅,4,8.67,121005.39,130743.78,334,402,1,0.14962374627059993
https://suumo.jp/chintai/jnc_000106255421/?bc=100500234114,都営大江戸線 中井駅 4階建 築4年,東京都新宿区中落合１,165000.0,5000.0,165000.0,330000.0,1,1LDK,39.72,4,4,中井駅,4,6.67,121005.39,170377.07,334,811,1,0.0927916911016371
https://suumo.jp/chintai/jnc_000106720077/?bc=100503762573,東京メトロ丸ノ内線 中野坂上駅 地下2地上4階建 築8年,東京都中野区東中野１,193000.0,10000.0,193000.0,193000.0,4,1LDK,37.15,8,6,中野坂上駅,7,9.67,132941.18,170377.07,34,811,1,0.11131606840523289
https://suumo.jp/chintai/jnc_000106828132/?bc=100504577076,東京メトロ丸ノ内線 中野坂上駅 9階建 築21年,東京都中野区東中野２,105000.0,8000.0,105000.0,105000.0,4,1K,21.39,21,9,中野坂上駅,5,10.33,132941.18,98445.68,34,1447,1,0.14221854992008548
https://suumo.jp/chintai/jnc_000105280821/?bc=100493176016,ウェルスクエアイズム中野坂上,東京都中野区中野１,154000.0,8000.0,,154000.0,4,1LDK,30.15,7,4,中野坂上駅,9,11.67,132941.18,170377.07,34,811,1,0.1126130054485569
https://suumo.jp/chintai/jnc_000033650088/?bc=100506801061,ルーブル中野坂上,東京都中野区中央１,89000.0,10000.0,89000.0,89000.0,5,1K,21.42,25,12,中野坂上駅,4,9.33,132941.18,98445.68,34,1447,1,0.09881403691229212
https://suumo.jp/chintai/jnc_000105042158/?bc=100501230941,フィリップ東中野,東京都中野区東中野２,74000.0,5000.0,74000.0,74000.0,2,1R,9.01,9,2,中野坂上駅,8,12.00,132941.18,82826.39,34,879,1,0.09207617801766477
https://suumo.jp/chintai/jnc_000106831548/?bc=100504315359,東京メトロ丸ノ内線 中野坂上駅 4階建 築2年,東京都中野区中央２,214000.0,12000.0,214000.0,214000.0,3,2LDK,42.54,2,4,中野坂上駅,7,12.00,132941.18,243512.76,34,392,1,0.0949881149618268
https://suumo.jp/chintai/jnc_000106604908/?bc=100491143498,都営大江戸線 中野坂上駅 2階建 築9年,東京都中野区東中野２,70000.0,5000.0,70000.0,70000.0,2,1R,9.01,9,2,中野坂上駅,8,12.00,132941.18,82826.39,34,879,1,0.09262391995516506
https://suumo.jp/chintai/jnc_000106950545/?bc=100505242431,クオリティ松永,東京都中野区東中野２,89000.0,6500.0,89000.0,89000.0,3,1K,22.39,38,3,中野坂上駅,8,11.67,132941.18,98445.68,34,1447,1,0.14333590551311626
https://suumo.jp/chintai/jnc_000098665809/?bc=100503944150,東京メトロ丸ノ内線 中野坂上駅 9階建 築21年,東京都中野区東中野２,113000.0,12000.0,113000.0,,4,1K,21.66,21,9,中野坂上駅,5,10.33,132941.18,98445.68,34,1447,1,0.13132965612516873
https://suumo.jp/chintai/jnc_000106939569/?bc=100505452441,都営大江戸線 中野坂上駅 3階建 築29年,東京都中野区本町２,75000.0,3000.0,75000.0,,2,1K,21.42,29,3,中野坂上駅,2,15.67,132941.18,98445.68,34,1447,1,0.07323901966065066
https://suumo.jp/chintai/jnc_000106848715/?bc=100502587148,プラティーク中野坂上,東京都中野区東中野１,253000.0,15000.0,,,4,1LDK,53.43,0,5,中野坂上駅,6,10.00,132941.18,170377.07,34,811,1,0.07845593949368962
https://suumo.jp/chintai/jnc_000105291940/?bc=100502643093,都営大江戸線 中野坂上駅 5階建 築2年,東京都中野区東中野１,175000.0,15000.0,,,4,1LDK,30.63,2,5,中野坂上駅,6,10.33,132941.18,170377.07,34,811,1,0.10960555564748214
https://suumo.jp/chintai/jnc_000105826253/?bc=100500064804,東京メトロ丸ノ内線 中野坂上駅 地下1地上10階建 築19年,東京都中野区中央２,160000.0,10000.0,160000.0,160000.0,8,1LDK,39.25,19,11,中野坂上駅,3,11.00,132941.18,170377.07,34,811,1,0.06397959244891027
https://suumo.jp/chintai/jnc_000106828131/?bc=100504395917,レガロ中野坂上,東京都中野区東中野２,105000.0,8000.0,105000.0,105000.0,4,1K,21.39,21,9,中野坂上駅,5,9.00,132941.18,98445.68,34,1447,1,0.13845970509560168
https://suumo.jp/chintai/jnc_000106102368/?bc=100498972552,亀田ビル,東京都中野区東中野２,80000.0,,80000.0,,4,1K,24.18,31,6,中野坂上駅,6,7.67,132941.18,98445.68,34,1447,1,0.1251817410986929
https://suumo.jp/chintai/jnc_000106476891/?bc=100506242236,フィリップ東中野,東京都中野区東中野２,70000.0,5000.0,70000.0,70000.0,2,1R,9.01,9,2,中野坂上駅,8,12.00,132941.18,82826.39,34,879,1,0.09262391995516506
https://suumo.jp/chintai/jnc_000105826251/?bc=100496435402,myplan中野坂上（マイプラン中野坂上）,東京都中野区中央１,64000.0,10000.0,,,2,1R,11.38,10,2,中野坂上駅,5,10.67,132941.18,82826.39,34,879,1,0.09187634691292168
https://suumo.jp/chintai/jnc_000105711080/?bc=100501635102,アビオン中野坂上Ａ棟,東京都中野区中央２,175000.0,,175000.0,175000.0,2,1LDK,39.0,23,5,中野坂上駅,5,11.33,132941.18,170377.07,34,811,1,0.1161896620688333
https://suumo.jp/chintai/jnc_000105280834/?bc=100492236978,ラミィ中野坂上,東京都中野区東中野１,175000.0,15000.0,,,4,1LDK,30.63,2,5,中野坂上駅,7,9.33,132941.18,170377.07,34,811,1,0.1074353380212334
https://suumo.jp/chintai/jnc_000106979070/?bc=100505640014,東京メトロ丸ノ内線 中野坂上駅 12階建 築25年,東京都中野区中央１,89000.0,10000.0,89000.0,89000.0,5,1K,21.42,25,12,中野坂上駅,4,9.00,132941.18,98445.68,34,1447,1,0.09827225802275213
https://suumo.jp/chintai/jnc_000105060829/?bc=100490846048,都営大江戸線 中野坂上駅 2階建 築9年,東京都中野区東中野２,74000.0,5000.0,74000.0,74000.0,2,1R,9.01,9,2,中野坂上駅,8,12.00,132941.18,82826.39,34,879,1,0.09207617801766477
https://suumo.jp/chintai/jnc_000107194839/?bc=100506908872,メゾンウィン,東京都中野区中央２,80000.0,2000.0,80000.0,80000.0,3,1R,17.4,41,3,中野坂上駅,5,11.00,132941.18,82826.39,34,879,1,0.08109801041031434
https://suumo.jp/chintai/jnc_000105600459/?bc=100494814651,デュオフラッツ東中野,東京都中野区東中野１,132000.0,10000.0,132000.0,,2,1R,25.67,8,8,中野坂上駅,6,8.67,132941.18,82826.39,34,879,1,0.08969977017446251
https://suumo.jp/chintai/jnc_000105826252/?bc=100500001811,日神デュオステージ中野坂上ＮＥＸＴ,東京都中野区中央２,160000.0,10000.0,160000.0,160000.0,8,1LDK,39.25,19,11,中野坂上駅,3,11.00,132941.18,170377.07,34,811,1,0.06397959244891027
https://suumo.jp/chintai/jnc_000098665808/?bc=100503867433,レガロ中野坂上,東京都中野区東中野２,113000.0,12000.0,113000.0,,4,1K,21.66,21,9,中野坂上駅,5,9.00,132941.18,98445.68,34,1447,1,0.12869408830821738
https://suumo.jp/chintai/jnc_000106659218/?bc=100503154896,アプリーレ東中野,東京都中野区東中野２,218000.0,10000.0,218000.0,218000.0,2,2LDK,41.7,9,9,中野坂上駅,7,8.67,132941.18,243512.76,34,392,1,0.08522345211374421
https://suumo.jp/chintai/jnc_000105496810/?bc=100502462456,都営大江戸線 中野坂上駅 10階建 築5年,東京都中野区東中野２,120000.0,10000.0,120000.0,240000.0,6,1K,25.6,5,10,中野坂上駅,7,10.33,132941.18,98445.68,34,1447,1,0.1120780329132176
https://suumo.jp/chintai/jnc_000106577054/?bc=100502643090,都営大江戸線 中野坂上駅 5階建 築2年,東京都中野区東中野１,174000.0,15000.0,,,1,1LDK,30.8,2,5,中野坂上駅,6,10.33,132941.18,170377.07,34,811,1,0.1075859765266719
https://suumo.jp/chintai/jnc_000107004403/?bc=100505711847,都営大江戸線 中野坂上駅 7階建 築13年,東京都中野区東中野１,118000.0,10000.0,,118000.0,1,1K,25.23,13,7,中野坂上駅,7,10.33,132941.18,98445.68,34,1447,1,0.1421618686959083
https://suumo.jp/chintai/jnc_000107129321/?bc=100506782735,ラグジュアリーアパートメント中野坂上,東京都中野区中央２,89000.0,10000.0,,89000.0,6,1K,21.7,21,11,中野坂上駅,3,9.33,132941.18,98445.68,34,1447,1,0.08536233887858319
https://suumo.jp/chintai/jnc_000106569730/?bc=100502500309,ラミィ中野坂上,東京都中野区東中野１,174000.0,15000.0,,,1,1LDK,30.8,2,5,中野坂上駅,7,9.33,132941.18,170377.07,34,811,1,0.1094866146314819
https://suumo.jp/chintai/jnc_000106848714/?bc=100505250452,プラティーク中野坂上,東京都中野区東中野１,264000.0,15000.0,,,4,1LDK,50.4,0,5,中野坂上駅,6,10.00,132941.18,170377.07,34,811,1,0.07734576851357988
https://suumo.jp/chintai/jnc_000106732508/?bc=100503643873,オープンレジデンシア中野坂上テラス,東京都中野区東中野１,193000.0,10000.0,193000.0,193000.0,4,1LDK,37.15,8,4,中野坂上駅,7,10.67,132941.18,170377.07,34,811,1,0.11816887214145694
https://suumo.jp/chintai/jnc_000106939560/?bc=100505270630,東京メトロ丸ノ内線 中野坂上駅 4階建 築4年,東京都中野区中野１,89000.0,4000.0,,,1,1R,19.04,4,4,中野坂上駅,9,12.00,132941.18,82826.39,34,879,1,0.10168969893618635
https://suumo.jp/chintai/jnc_000106705330/?bc=100503427555,ＪＲ中央線 中野駅 3階建 築44年,東京都中野区中野５,220000.0,5000.0,220000.0,220000.0,2,3LDK,59.0,44,3,中野駅,10,11.33,148250.96,281205.13,314,156,1,0.011220836865454165
https://suumo.jp/chintai/jnc_000105416066/?bc=100502063248,フランボワーズガーデン中野,東京都中野区中野２,240000.0,10000.0,240000.0,,6,1SLDK,52.95,9,7,中野駅,3,13.33,148250.96,231590.91,314,33,1,0.023953583452620664
https://suumo.jp/chintai/jnc_000105416067/?bc=100499244531,ＪＲ総武線 中野駅 6階建 築9年,東京都中野区中野２,240000.0,10000.0,240000.0,,6,1SLDK,52.95,9,6,中野駅,3,13.33,148250.96,231590.91,314,33,1,0.0238421200371971
https://suumo.jp/chintai/jnc_000105864121/?bc=100496685030,NOSTEL中野,東京都中野区新井１,145000.0,10000.0,145000.0,,7,1K,25.55,3,9,中野駅,8,12.33,148250.96,98445.68,314,1447,1,0.09621913954100786
https://suumo.jp/chintai/jnc_000106480653/?bc=100503437185,ＪＲ中央線 中野駅 5階建 築6年,東京都中野区中野５,218000.0,15000.0,218000.0,218000.0,2,1LDK,40.54,6,5,中野駅,5,13.33,148250.96,170377.07,314,811,1,0.08739357283368093
https://suumo.jp/chintai/jnc_000086320500/?bc=100268759308,中野５丁目戸建て,東京都中野区中野５,150000.0,,,150000.0,1,4LDK,89.65,39,2,中野駅,5,10.50,148250.96,309285.71,314,14,1,0.01946640605234562
https://suumo.jp/chintai/jnc_000086320500/?bc=100268759308,中野５丁目戸建て,東京都中野区中野５,150000.0,,,150000.0,2,4LDK,89.65,39,2,中野駅,5,10.50,148250.96,309285.71,314,14,1,0.024376388307638275
https://suumo.jp/chintai/jnc_000100802070/?bc=100454151372,ＪＲ中央線 中野駅 8階建 新築,東京都中野区新井１,237000.0,15000.0,237000.0,,3,1SLDK,43.5,0,8,中野駅,10,11.33,148250.96,231590.91,314,33,1,0.04533490491173714
https://suumo.jp/chintai/jnc_000106569716/?bc=100502376236,パークシティ中野　ザ　タワー　エアーズ,東京都中野区中野４,230000.0,,230000.0,230000.0,8,1LDK,37.62,0,26,中野駅,7,12.67,148250.96,170377.07,314,811,-1,-0.007976784043279506
https://suumo.jp/chintai/jnc_000105233330/?bc=100502933622,ＡＬＴＥＲＮＡ中野,東京都中野区中野５,395000.0,20000.0,,,10,3LDK,69.73,4,11,中野駅,8,13.00,148250.96,281205.13,314,156,-1,-0.06793738837711338
https://suumo.jp/chintai/jnc_000105233330/?bc=100502933622,ＡＬＴＥＲＮＡ中野,東京都中野区中野５,395000.0,20000.0,,,11,3LDK,69.73,4,11,中野駅,8,13.00,148250.96,281205.13,314,156,-1,-0.07073141644672687
https://suumo.jp/chintai/jnc_000091708862/?bc=100504929734,チェロ・デ・トーレ,東京都中野区中野５,75000.0,10000.0,,,2,1R,20.18,33,8,中野駅,10,11.00,148250.96,82826.39,314,879,1,0.061546673003562424
https://suumo.jp/chintai/jnc_000106467395/?bc=100505991347,グランツオーベル中野,東京都中野区中野５,299000.0,20000.0,299000.0,299000.0,3,2LDK,59.59,6,5,中野駅,5,13.67,148250.96,243512.76,314,392,1,0.046106484277867066
https://suumo.jp/chintai/jnc_000106331151/?bc=100501075938,アトリオフラッツ中野,東京都中野区新井２,189000.0,15000.0,189000.0,,1,1LDK,40.71,4,4,中野駅,10,11.33,148250.96,170377.07,314,811,1,0.09700238153541574
https://suumo.jp/chintai/jnc_000021963181/?bc=100424777562,東京メトロ東西線 中野駅 2階建 築59年,東京都中野区中野５,65000.0,,65000.0,65000.0,2,1K,18.0,59,2,中野駅,8,10.33,148250.96,98445.68,314,1447,1,0.0997058632754258
https://suumo.jp/chintai/jnc_000100757874/?bc=100454151380,ＪＲ中央線 中野駅 8階建 新築,東京都中野区新井１,235000.0,15000.0,235000.0,,2,1SLDK,43.28,0,8,中野駅,10,11.33,148250.96,231590.91,314,33,1,0.044511872710066736
https://suumo.jp/chintai/jnc_000104055238/?bc=100506813792,なかのサンクォーレ,東京都中野区中野４,330000.0,10000.0,330000.0,330000.0,10,2LDK,64.72,32,30,中野駅,5,12.33,148250.96,243512.76,314,392,-1,-0.06415022389525304
https://suumo.jp/chintai/jnc_000106192361/?bc=100502393782,アズ中野レジデンス(アズナカノレジデンス),東京都中野区中野６,85000.0,4000.0,85000.0,85000.0,1,1K,20.61,23,4,中野駅,11,13.67,148250.96,98445.68,314,1447,1,0.10989168051273956
https://suumo.jp/chintai/jnc_000105849150/?bc=100496800047,東京メトロ東西線 中野駅 5階建 築29年,東京都中野区新井２,192000.0,8000.0,,,2,2K,39.49,29,5,中野駅,10,12.33,148250.96,136763.16,314,114,1,0.030522509489638028
https://suumo.jp/chintai/jnc_000106705322/?bc=100503470253,エスティメゾン中野,東京都中野区中央５,130000.0,10000.0,130000.0,130000.0,4,1K,21.56,17,10,中野駅,6,13.33,148250.96,98445.68,314,1447,1,0.1166723162620143
https://suumo.jp/chintai/jnc_000106705324/?bc=100503470259,エスティメゾン中野,東京都中野区中央５,133000.0,10000.0,133000.0,133000.0,7,1K,21.56,17,10,中野駅,6,13.33,148250.96,98445.68,314,1447,1,0.09092784456290554
https://suumo.jp/chintai/jnc_000106756556/?bc=100503726476,シェルフォーレ,東京都中野区新井１,138000.0,,,,3,1LDK,44.52,33,5,中野駅,10,15.33,148250.96,170377.07,314,811,1,0.0729991780784302
https://suumo.jp/chintai/jnc_000106045460/?bc=100505641039,ＪＲ中央線 中野駅 5階建 築6年,東京都中野区中野５,156000.0,12000.0,156000.0,156000.0,2,1K,27.06,6,5,中野駅,5,13.33,148250.96,98445.68,314,1447,1,0.11370178713188628
https://suumo.jp/chintai/jnc_000106146967/?bc=100497810002,ＪＲ中央線 中野駅 5階建 築6年,東京都中野区中野５,153000.0,12000.0,153000.0,153000.0,4,1K,26.08,6,5,中野駅,5,13.33,148250.96,98445.68,314,1447,1,0.11449140057721158
https://suumo.jp/chintai/jnc_000104753392/?bc=100489222425,Ｖ－ｍｕｓｉｃ中野,東京都中野区中野５,149000.0,13000.0,,,4,1K,25.8,2,9,中野駅,10,13.33,148250.96,98445.68,314,1447,1,0.09770208321201651
https://suumo.jp/chintai/jnc_000106640989/?bc=100503805697,バウスステージ中野,東京都中野区新井１,147000.0,10000.0,147000.0,147000.0,9,1DK,25.73,4,14,中野駅,7,11.33,148250.96,130743.78,314,402,1,0.1082205158966707
https://suumo.jp/chintai/jnc_000106761869/?bc=100503770609,ガーデン中野,東京都中野区中野５,170000.0,12000.0,170000.0,170000.0,2,1LDK,43.12,21,4,中野駅,7,14.33,148250.96,170377.07,314,811,1,0.08996278638453903
https://suumo.jp/chintai/jnc_000106354784/?bc=100504252492,Ｖ－ｍｕｓｉｃ中野,東京都中野区中野５,158000.0,13000.0,,,5,1K,28.42,2,9,中野駅,10,13.33,148250.96,98445.68,314,1447,1,0.08639881578505332
https://suumo.jp/chintai/jnc_000106053984/?bc=100498427161,trias154,東京都中野区新井１,190000.0,18000.0,,190000.0,2,2LDK,40.04,0,5,中野駅,7,11.33,148250.96,243512.76,314,392,1,0.08831072311783966
https://suumo.jp/chintai/jnc_000105645451/?bc=100505948325,ＪＲ中央線 中野駅 5階建 築4年,東京都中野区新井１,147000.0,6000.0,147000.0,147000.0,3,1LDK,35.07,4,5,中野駅,10,10.67,148250.96,170377.07,314,811,1,0.10678492078317536
https://suumo.jp/chintai/jnc_000105645474/?bc=100497528635,Ａｉｌｅａ Ｎａｋａｎｏ,東京都中野区中野５,203900.0,10000.0,,,1,1LDK,55.46,3,4,中野駅,7,14.33,148250.96,170377.07,314,811,1,0.06523672720523654
https://suumo.jp/chintai/jnc_000105416071/?bc=100493245931,ＪＲ中央線 中野駅 11階建 築2年,東京都中野区中野３,152000.0,15000.0,,,4,1K,25.05,2,11,中野駅,4,12.33,148250.96,98445.68,314,1447,1,0.10248797141607846
https://suumo.jp/chintai/jnc_000106914709/?bc=100505376056,ＪＲ中央線 中野駅 7階建 築37年,東京都中野区新井１,183000.0,10000.0,183000.0,,6,1LDK,47.9,37,7,中野駅,7,12.67,148250.96,170377.07,314,811,1,0.06378678615360805
https://suumo.jp/chintai/jnc_000106914709/?bc=100505376056,ＪＲ中央線 中野駅 7階建 築37年,東京都中野区新井１,183000.0,10000.0,183000.0,,7,1LDK,47.9,37,7,中野駅,7,12.67,148250.96,170377.07,314,811,1,0.06092266887701653
https://suumo.jp/chintai/jnc_000107108895/?bc=100506327730,中野ｎｉｎｅ′ｓ ｃｏｒｅ,東京都中野区新井２,148000.0,3000.0,148000.0,,2,1LDK,44.69,19,4,中野駅,11,16.00,148250.96,170377.07,314,811,1,0.04944484031120078
https://suumo.jp/chintai/jnc_000107108896/?bc=100506342343,中野ｎｉｎｅ′ｓ ｃｏｒｅ,東京都中野区新井２,148000.0,3000.0,148000.0,,3,1LDK,44.69,19,4,中野駅,11,16.00,148250.96,170377.07,314,811,1,0.042832388438238056
https://suumo.jp/chintai/jnc_000106705272/?bc=100503520416,バウスステージ中野,東京都中野区新井１,146000.0,10000.0,146000.0,146000.0,8,1DK,25.28,4,14,中野駅,7,11.33,148250.96,130743.78,314,402,1,0.11044256075762732
https://suumo.jp/chintai/jnc_000106556104/?bc=100502645419,バウスステージ中野,東京都中野区新井１,145000.0,10000.0,145000.0,145000.0,8,1DK,25.28,4,14,中野駅,7,11.33,148250.96,130743.78,314,402,1,0.11044256075762732
https://suumo.jp/chintai/jnc_000106480654/?bc=100501961896,ＪＲ中央線 中野駅 5階建 築6年,東京都中野区中野５,155000.0,12000.0,155000.0,155000.0,5,1K,25.33,6,5,中野駅,5,13.33,148250.96,98445.68,314,1447,1,0.10989204058427227
https://suumo.jp/chintai/jnc_000106140479/?bc=100505423423,ＪＲ中央線 中野駅 5階建 築6年,東京都中野区中野５,155000.0,12000.0,155000.0,155000.0,5,1K,25.3,6,5,中野駅,5,13.33,148250.96,98445.68,314,1447,1,0.10989204058427227
https://suumo.jp/chintai/jnc_000106322004/?bc=100504989683,東京メトロ東西線 中野駅 4階建 築5年,東京都中野区中野６,126000.0,10000.0,,63000.0,3,1R,25.9,5,4,中野駅,9,12.67,148250.96,82826.39,314,879,1,0.0906835508868068
https://suumo.jp/chintai/jnc_000105807347/?bc=100497237974,アトリオフラッツ中野,東京都中野区新井２,128000.0,10000.0,128000.0,,1,1K,25.76,4,4,中野駅,10,11.33,148250.96,98445.68,314,1447,1,0.125368597743939
https://suumo.jp/chintai/jnc_000105679517/?bc=100495808646,東京メトロ東西線 中野駅 4階建 築5年,東京都中野区中野６,125000.0,10000.0,,62500.0,2,1R,25.22,5,4,中野駅,9,12.67,148250.96,82826.39,314,879,1,0.0935094122002208
https://suumo.jp/chintai/jnc_000105656074/?bc=100494999482,ＪＲ中央線 中野駅 3階建 築3年,東京都中野区中野５,203900.0,10000.0,,,1,1LDK,55.46,3,3,中野駅,6,13.00,148250.96,170377.07,314,811,1,0.07369021316762464
https://suumo.jp/chintai/jnc_000106073475/?bc=100498751465,ＧＲＡＮＰＡＳＥＯ中野,東京都中野区中野５,119000.0,15000.0,,,3,1K,25.5,5,4,中野駅,10,10.67,148250.96,98445.68,314,1447,1,0.12118530802080857
https://suumo.jp/chintai/jnc_000106959636/?bc=100505454116,クレセール中野,東京都中野区中野５,69000.0,4000.0,,,2,1R,10.12,7,2,中野駅,5,13.67,148250.96,82826.39,314,879,1,0.08839128929277063
https://suumo.jp/chintai/jnc_000106061569/?bc=100501893066,ＪＲ中央線 中野駅 7階建 築21年,東京都中野区中野５,193000.0,8000.0,193000.0,193000.0,5,1LDK,46.16,21,7,中野駅,3,13.33,148250.96,170377.07,314,811,1,0.06923010062278973
https://suumo.jp/chintai/jnc_000105864120/?bc=100488484788,NOSTEL中野,東京都中野区新井１,167000.0,12000.0,167000.0,,4,1DK,29.46,3,9,中野駅,8,12.33,148250.96,130743.78,314,402,1,0.13671966480272424
https://suumo.jp/chintai/jnc_000103571143/?bc=100482496657,ＪＲ中央線 中野駅 13階建 築5年,東京都中野区新井２,119000.0,12000.0,119000.0,119000.0,6,1K,25.8,5,13,中野駅,9,14.00,148250.96,98445.68,314,1447,1,0.08008373524635615
https://suumo.jp/chintai/jnc_000106889270/?bc=100504830658,ベルグレース,東京都中野区中野５,158000.0,3000.0,158000.0,158000.0,2,3DK,46.97,46,3,中野駅,7,9.00,148250.96,180500.00,314,16,1,0.03784247021819814
https://suumo.jp/chintai/jnc_000107088138/?bc=100506221724,東京メトロ東西線 中野駅 4階建 築5年,東京都中野区中野６,124000.0,10000.0,,,1,1R,25.31,5,4,中野駅,9,12.67,148250.96,82826.39,314,879,1,0.09205260531296128
https://suumo.jp/chintai/jnc_000107068992/?bc=100505452432,ＪＲ中央線 中野駅 7階建 築21年,東京都中野区中野５,132000.0,6000.0,132000.0,132000.0,2,1K,26.85,21,7,中野駅,3,13.33,148250.96,98445.68,314,1447,1,0.11236574677611044
https://suumo.jp/chintai/jnc_000106943946/?bc=100505319073,ＪＲ中央線 中野駅 7階建 築21年,東京都中野区中野５,133000.0,6000.0,133000.0,133000.0,2,1K,26.85,21,7,中野駅,3,13.33,148250.96,98445.68,314,1447,1,0.11236574677611044
https://suumo.jp/chintai/jnc_000106539609/?bc=100504969044,アトレ新井,東京都中野区新井１,86000.0,5000.0,86000.0,86000.0,2,1K,20.04,9,3,中野駅,10,13.33,148250.96,98445.68,314,1447,1,0.1277124696074754
https://suumo.jp/chintai/jnc_000104499481/?bc=100486574092,ＪＲ中央線 中野駅 8階建 新築,東京都中野区新井１,234000.0,20000.0,234000.0,,5,2LDK,42.97,0,8,中野駅,10,11.33,148250.96,243512.76,314,392,1,0.0520865683007013
https://suumo.jp/chintai/jnc_000106663086/?bc=100503441013,日神パレス中野,東京都中野区中野５,75000.0,4000.0,75000.0,75000.0,5,1R,21.06,40,6,中野駅,10,14.00,148250.96,82826.39,314,879,1,0.035715191884743536
https://suumo.jp/chintai/jnc_000102580888/?bc=100473970795,ＪＲ中央線 中野駅 8階建 新築,東京都中野区新井１,290000.0,20000.0,290000.0,290000.0,1,1SLDK,50.8,0,8,中野駅,10,11.33,148250.96,231590.91,314,33,1,0.012139578967312548
https://suumo.jp/chintai/jnc_000105104544/?bc=100492341752,ＪＲ総武線 中野駅 11階建 築4年,東京都中野区中野５,160000.0,10000.0,,,9,1DK,27.96,4,11,中野駅,11,15.67,148250.96,130743.78,314,402,1,0.06122507256980686
https://suumo.jp/chintai/jnc_000105406007/?bc=100496072501,ＧＲＡＮＰＡＳＥＯ中野,東京都中野区中野５,130000.0,15000.0,,,4,1K,28.27,5,4,中野駅,10,10.67,148250.96,98445.68,314,1447,1,0.11349773989773765
https://suumo.jp/chintai/jnc_000098264531/?bc=100504740701,ＪＲ中央線 中野駅 4階建 築4年,東京都中野区新井２,160000.0,12000.0,160000.0,,3,1DK,33.49,4,4,中野駅,10,11.33,148250.96,130743.78,314,402,1,0.14197821999633753
https://suumo.jp/chintai/jnc_000106696865/?bc=100503546472,リベラーレ中野,東京都中野区中野５,142000.0,11000.0,,284000.0,2,1DK,32.02,9,10,中野駅,10,13.33,148250.96,130743.78,314,402,1,0.12224054263382456
https://suumo.jp/chintai/jnc_000105453743/?bc=100502403951,ＡＬＴＥＲＮＡ中野,東京都中野区中野５,157000.0,15000.0,,,5,1DK,27.96,4,11,中野駅,8,13.00,148250.96,130743.78,314,402,1,0.11912134550257863
https://suumo.jp/chintai/jnc_000070100361/?bc=100425764350,中野ハイランドII,東京都中野区中野６,44000.0,2000.0,44000.0,,1,1R,13.0,40,2,中野駅,10,13.67,148250.96,82826.39,314,879,1,0.02243638082194499
https://suumo.jp/chintai/jnc_000106740218/?bc=100503605340,ＪＲ総武線 中野駅 3階建 築6年,東京都中野区新井２,203000.0,12000.0,203000.0,,1,1SLDK,54.59,6,3,中野駅,10,10.00,148250.96,231590.91,314,33,1,0.04093756659293868
https://suumo.jp/chintai/jnc_000106740218/?bc=100503605340,ＪＲ総武線 中野駅 3階建 築6年,東京都中野区新井２,203000.0,12000.0,203000.0,,2,1SLDK,54.59,6,3,中野駅,10,10.00,148250.96,231590.91,314,33,1,0.045263615673892366
https://suumo.jp/chintai/jnc_000106740218/?bc=100503605340,ＪＲ総武線 中野駅 3階建 築6年,東京都中野区新井２,203000.0,12000.0,203000.0,,3,1SLDK,54.59,6,3,中野駅,10,10.00,148250.96,231590.91,314,33,1,0.042702215741991456
https://suumo.jp/chintai/jnc_000105258408/?bc=100502916534,ＪＲ総武線 中野駅 11階建 築4年,東京都中野区中野５,395000.0,20000.0,,,10,3LDK,69.73,4,11,中野駅,11,15.67,148250.96,281205.13,314,156,-1,-0.09810152471983913
https://suumo.jp/chintai/jnc_000105258408/?bc=100502916534,ＪＲ総武線 中野駅 11階建 築4年,東京都中野区中野５,395000.0,20000.0,,,11,3LDK,69.73,4,11,中野駅,11,15.67,148250.96,281205.13,314,156,-1,-0.10103875211824098
https://suumo.jp/chintai/jnc_000106467394/?bc=100501215073,ＪＲ総武線 中野駅 11階建 築4年,東京都中野区中野５,155000.0,10000.0,,,7,1DK,25.34,4,11,中野駅,11,15.67,148250.96,130743.78,314,402,1,0.07111042512478394
https://suumo.jp/chintai/jnc_000106916016/?bc=100505413017,ESARES中野,東京都中野区新井１,183000.0,10000.0,183000.0,,6,1LDK,47.9,37,7,中野駅,7,12.33,148250.96,170377.07,314,811,1,0.06394496799882238
https://suumo.jp/chintai/jnc_000106908849/?bc=100505517750,ＪＲ中央線 中野駅 2階建 築9年,東京都中野区中野５,65000.0,4500.0,65000.0,65000.0,2,1R,10.82,9,2,中野駅,10,13.00,148250.96,82826.39,314,879,1,0.07928882358389916
https://suumo.jp/chintai/jnc_000104836718/?bc=100501222144,ＪＲ総武線 中野駅 11階建 築4年,東京都中野区中野５,151000.0,10000.0,,,7,1DK,25.34,4,11,中野駅,11,15.67,148250.96,130743.78,314,402,1,0.07111042512478394
https://suumo.jp/chintai/jnc_000105864146/?bc=100497502686,ＡＬＴＥＲＮＡ中野,東京都中野区中野５,153000.0,15000.0,,,6,1DK,25.34,4,11,中野駅,8,13.00,148250.96,130743.78,314,402,1,0.11348635485310549
https://suumo.jp/chintai/jnc_000105873784/?bc=100497115388,ＪＲ総武線 中野駅 11階建 築4年,東京都中野区中野５,158000.0,10000.0,,,6,1DK,25.34,4,11,中野駅,11,15.67,148250.96,130743.78,314,402,1,0.07499562629033779
https://suumo.jp/chintai/jnc_000107210253/?bc=100506955979,コーポＤＥＷ,東京都中野区新井２,93000.0,5000.0,93000.0,93000.0,1,1K,26.07,21,3,中野駅,11,12.33,148250.96,98445.68,314,1447,1,0.1217943995780697
https://suumo.jp/chintai/jnc_000107123454/?bc=100498948246,オープンレジデンシア中野ステーションサイド,東京都中野区中野２,145000.0,7000.0,145000.0,145000.0,2,1DK,28.24,5,14,中野駅,2,11.67,148250.96,130743.78,314,402,1,0.10382061161569855
https://suumo.jp/chintai/jnc_000106745374/?bc=100504296866,ＪＲ中央線 中野駅 7階建 築22年,東京都中野区中野３,93000.0,10000.0,93000.0,93000.0,7,1K,20.58,22,7,中野駅,3,10.67,148250.96,98445.68,314,1447,1,0.08985074887671402
https://suumo.jp/chintai/jnc_000106870796/?bc=100504587068,パークホームズ中野,東京都中野区新井２,300000.0,30000.0,300000.0,300000.0,7,3LDK,67.28,15,7,中野駅,9,12.00,148250.96,281205.13,314,156,-1,-0.04816703811192646
https://suumo.jp/chintai/jnc_000095380383/?bc=100505170745,ＪＲ中央線 中野駅 2階建 築8年,東京都中野区新井１,81000.0,5000.0,,,1,1R,12.42,8,2,中野駅,10,10.67,148250.96,82826.39,314,879,1,0.08918522567173554
https://suumo.jp/chintai/jnc_000100802081/?bc=100498823316,ＪＲ中央線 中野駅 8階建 新築,東京都中野区新井１,238000.0,20000.0,238000.0,238000.0,7,2LDK,42.97,0,8,中野駅,10,11.33,148250.96,243512.76,314,392,1,0.04438585727548355
https://suumo.jp/chintai/jnc_000106802094/?bc=100499616296,グランツオーベル中野,東京都中野区中野５,280000.0,20000.0,280000.0,,4,2LDK,59.59,6,5,中野駅,5,13.67,148250.96,243512.76,314,392,1,0.04303518149393171
https://suumo.jp/chintai/jnc_000075207096/?bc=100505602608,ＪＲ中央線 中野駅 4階建 築36年,東京都中野区新井２,70000.0,5000.0,70000.0,70000.0,3,1K,20.3,36,4,中野駅,10,10.00,148250.96,98445.68,314,1447,1,0.129361717433986
https://suumo.jp/chintai/jnc_000107027181/?bc=100505904976,ＪＲ中央線 中野駅 4階建 築36年,東京都中野区新井１,66000.0,3000.0,66000.0,66000.0,3,1K,21.59,36,4,中野駅,8,12.00,148250.96,98445.68,314,1447,1,0.12299964704160826
https://suumo.jp/chintai/jnc_000105272512/?bc=100501468382,グランツオーベル中野,東京都中野区中野５,322000.0,20000.0,322000.0,644000.0,3,2LDK,59.59,6,5,中野駅,5,13.67,148250.96,243512.76,314,392,1,0.04098554650290104
https://suumo.jp/chintai/jnc_000107117068/?bc=100506732645,ＪＲ中央線 中野駅 地下1地上3階建 築19年,東京都中野区新井２,148000.0,3000.0,148000.0,,2,1LDK,44.69,19,4,中野駅,11,16.00,148250.96,170377.07,314,811,1,0.04944484031120078
https://suumo.jp/chintai/jnc_000107027203/?bc=100505838635,ＪＲ中央線 中野駅 4階建 築42年,東京都中野区中野５,70000.0,,,70000.0,1,1K,12.51,42,4,中野駅,4,13.33,148250.96,98445.68,314,1447,1,0.09060779067213309
https://suumo.jp/chintai/jnc_000106278292/?bc=100500819665,パティオ中野,東京都中野区新井１,79000.0,3000.0,79000.0,79000.0,2,1R,24.84,23,2,中野駅,7,12.33,148250.96,82826.39,314,879,1,0.10031015312926722
https://suumo.jp/chintai/jnc_000105013158/?bc=100497627220,コンフォール中野,東京都中野区新井２,192000.0,8000.0,,,2,2K,39.49,29,5,中野駅,10,12.33,148250.96,136763.16,314,114,1,0.030522509489638028
https://suumo.jp/chintai/jnc_000106608152/?bc=100502725432,ロネスタ中野,東京都中野区中野５,158000.0,12000.0,158000.0,158000.0,2,1LDK,40.32,25,4,中野駅,3,13.33,148250.96,170377.07,314,811,1,0.08060786020982191
https://suumo.jp/chintai/jnc_000107148040/?bc=100506472144,エステートアミノ,東京都中野区中野５,115000.0,,115000.0,115000.0,2,2LDK,42.48,34,2,中野駅,5,8.33,148250.96,243512.76,314,392,1,0.08825412551679751
https://suumo.jp/chintai/jnc_000104975669/?bc=100489635982,ハイム富士,東京都中野区中野５,69000.0,2000.0,69000.0,69000.0,3,1R,17.3,41,3,中野駅,10,11.00,148250.96,82826.39,314,879,1,0.07083724926403523
https://suumo.jp/chintai/jnc_000107129326/?bc=100506403804,エクセレント中野,東京都中野区中野２,135000.0,5000.0,270000.0,135000.0,1,1DK,44.21,38,3,中野駅,4,13.67,148250.96,130743.78,314,402,1,0.1197588658336346
https://suumo.jp/chintai/jnc_000105818328/?bc=100498242022,ＪＲ中央線 中野駅 4階建 築4年,東京都中野区新井２,128000.0,10000.0,128000.0,,1,1K,25.76,4,4,中野駅,10,11.33,148250.96,98445.68,314,1447,1,0.125368597743939
https://suumo.jp/chintai/jnc_000106331152/?bc=100500705278,ＪＲ中央線 中野駅 4階建 築4年,東京都中野区新井２,129000.0,10000.0,129000.0,,2,1K,25.76,4,4,中野駅,10,11.33,148250.96,98445.68,314,1447,1,0.12951623556756264
https://suumo.jp/chintai/jnc_000104873401/?bc=100490441109,イーストポイント中野,東京都中野区中野５,210000.0,12000.0,210000.0,420000.0,5,1LDK,44.47,17,5,中野駅,3,9.00,148250.96,170377.07,314,811,1,0.07497530109382272
https://suumo.jp/chintai/jnc_000106972103/?bc=100505078989,ＪＲ総武線 中野駅 9階建 築25年,東京都中野区新井２,190000.0,15000.0,190000.0,190000.0,4,1LDK,42.88,25,9,中野駅,7,10.67,148250.96,170377.07,314,811,1,0.07830956484428359
https://suumo.jp/chintai/jnc_000106959611/?bc=100505528847,エントピア中野,東京都中野区新井２,100000.0,2000.0,100000.0,100000.0,4,2DK,28.0,57,8,中野駅,10,10.00,148250.96,135945.31,314,128,-1,-0.0035271093714007717
https://suumo.jp/chintai/jnc_000105722039/?bc=100495957401,ＪＲ中央線 中野駅 4階建 築4年,東京都中野区新井２,126000.0,8000.0,126000.0,126000.0,3,1K,28.75,4,4,中野駅,9,9.67,148250.96,98445.68,314,1447,1,0.13902495326634723
https://suumo.jp/chintai/jnc_000106577016/?bc=100506043667,ティアレ,東京都中野区新井１,175000.0,5000.0,175000.0,175000.0,3,1LDK,35.22,5,3,中野駅,11,11.67,148250.96,170377.07,314,811,1,0.09294396163667934
https://suumo.jp/chintai/jnc_000106423400/?bc=100504952640,TOKIOレジデンス,東京都中野区野方１,128000.0,2000.0,128000.0,128000.0,2,2DK,42.78,27,2,中野駅,12,13.67,148250.96,135945.31,314,128,1,0.012808432268677117
https://suumo.jp/chintai/jnc_000106966642/?bc=100495717033,サンライズナカノ,東京都中野区新井２,192000.0,8000.0,,288000.0,5,1LDK,52.6,20,5,中野駅,11,12.00,148250.96,170377.07,314,811,1,0.06623524437424722
https://suumo.jp/chintai/jnc_000104689465/?bc=100483617501,ＪＲ中央線 中野駅 2階建 築10年,東京都中野区中野５,70000.0,4000.0,,70000.0,1,1R,10.07,10,2,中野駅,8,14.67,148250.96,82826.39,314,879,1,0.07318755274536082
https://suumo.jp/chintai/jnc_000105689317/?bc=100497576529,オープンレジデンシア中野ステーションサイド,東京都中野区中野２,150000.0,9000.0,150000.0,150000.0,2,1DK,28.24,5,14,中野駅,2,11.67,148250.96,130743.78,314,402,1,0.11425008896101524
https://suumo.jp/chintai/jnc_000103735157/?bc=100500399204,ＪＲ中央線 中野駅 8階建 新築,東京都中野区新井１,237000.0,20000.0,237000.0,,6,2LDK,42.97,0,8,中野駅,10,11.33,148250.96,243512.76,314,392,1,0.044320446084091414
https://suumo.jp/chintai/jnc_000104997331/?bc=100475656049,ハイツミハマ,東京都中野区新井２,28000.0,2000.0,,,2,1R,12.0,58,2,中野駅,11,11.67,148250.96,82826.39,314,879,1,0.0024638934770316867
https://suumo.jp/chintai/jnc_000104997330/?bc=100476571144,ハイツミハマ,東京都中野区新井２,26000.0,2000.0,,,2,1R,10.0,58,2,中野駅,11,11.67,148250.96,82826.39,314,879,1,0.0025726175464831913
https://suumo.jp/chintai/jnc_000092381359/?bc=100505758272,パールシティ中野,東京都中野区中野５,70000.0,,,70000.0,1,1R,12.51,42,4,中野駅,6,13.33,148250.96,82826.39,314,879,1,0.07456787852429125
https://suumo.jp/chintai/jnc_000106802072/?bc=100504045624,谷昭ハイツ,東京都中野区新井１,76000.0,3000.0,76000.0,76000.0,3,1K,22.5,44,3,中野駅,10,12.67,148250.96,98445.68,314,1447,1,0.08790554640378412
https://suumo.jp/chintai/jnc_000105233328/?bc=100498407177,日神パレス中野,東京都中野区中野５,71000.0,5000.0,71000.0,71000.0,2,1K,21.0,40,6,中野駅,10,14.00,148250.96,98445.68,314,1447,1,0.10264943732445819
https://suumo.jp/chintai/jnc_000106897484/?bc=100505072737,ハーモニーテラス中野,東京都中野区中野５,65000.0,4500.0,65000.0,65000.0,2,1R,10.82,9,2,中野駅,10,15.00,148250.96,82826.39,314,879,1,0.06260853372405029
https://suumo.jp/chintai/jnc_000107206604/?bc=100500877281,あいロード穂高,東京都中野区新井１,80000.0,,,80000.0,3,1K,16.5,17,4,中野駅,9,11.33,148250.96,98445.68,314,1447,1,0.13901734954415368
https://suumo.jp/chintai/jnc_000105416044/?bc=100492080651,NOSTEL中野,東京都中野区新井１,134000.0,10000.0,134000.0,,5,1R,25.55,3,9,中野駅,8,12.33,148250.96,82826.39,314,879,1,0.07691526647128394
https://suumo.jp/chintai/jnc_000106309277/?bc=100504863049,my plan中野A,東京都中野区中野５,79000.0,3000.0,,,2,1R,11.74,11,2,中野駅,8,11.67,148250.96,82826.39,314,879,1,0.09246881675851937
https://suumo.jp/chintai/jnc_000107096839/?bc=100500571614,my plan中野A,東京都中野区中野５,76000.0,3000.0,,,2,1R,11.74,11,2,中野駅,8,11.67,148250.96,82826.39,314,879,1,0.09203430355989517
https://suumo.jp/chintai/jnc_000106241048/?bc=100497182211,my plan中野A,東京都中野区中野５,75000.0,3000.0,,,1,1R,11.74,11,2,中野駅,8,11.67,148250.96,82826.39,314,879,1,0.08913686568405105
https://suumo.jp/chintai/jnc_000094415202/?bc=100505671116,Ｖｉｌｌａ花水木,東京都中野区新井１,76000.0,3000.0,76000.0,76000.0,1,1K,18.45,15,2,中野駅,9,11.33,148250.96,98445.68,314,1447,1,0.12503279262282474
https://suumo.jp/chintai/jnc_000107200232/?bc=100506843897,グランコート上高田,東京都中野区上高田１,100000.0,,100000.0,100000.0,2,1DK,36.22,9,2,中野駅,12,12.33,148250.96,130743.78,314,402,1,0.12161751614056254
https://suumo.jp/chintai/jnc_000105698055/?bc=100505951388,ＪＲ中央線 中野駅 3階建 築38年,東京都中野区新井１,97000.0,3000.0,97000.0,97000.0,3,1K,27.41,38,3,中野駅,8,9.67,148250.96,98445.68,314,1447,1,0.12055827273870395
https://suumo.jp/chintai/jnc_000074864861/?bc=100499558209,ＪＲ中央線 中野駅 3階建 築39年,東京都中野区中野６,95000.0,2000.0,95000.0,95000.0,2,1K,31.0,39,3,中野駅,10,12.67,148250.96,98445.68,314,1447,1,0.08530828392039708
https://suumo.jp/chintai/jnc_000106577015/?bc=100502831011,ＪＲ中央線 中野駅 4階建 築12年,東京都中野区新井１,115000.0,5000.0,115000.0,115000.0,4,1R,23.77,12,4,中野駅,8,9.67,148250.96,82826.39,314,879,1,0.10110655930279994
https://suumo.jp/chintai/jnc_000106761871/?bc=100492224606,ＪＲ中央線 中野駅 4階建 築21年,東京都中野区中野５,170000.0,12000.0,170000.0,170000.0,4,1LDK,43.12,21,4,中野駅,7,12.33,148250.96,170377.07,314,811,1,0.1001468710922947
https://suumo.jp/chintai/jnc_000106831560/?bc=100504531651,ＪＲ総武線 中野駅 3階建 築48年,東京都中野区中野５,55000.0,5000.0,55000.0,,3,1R,12.0,48,3,中野駅,6,9.33,148250.96,82826.39,314,879,1,0.07063197850349051
https://suumo.jp/chintai/jnc_000105849147/?bc=100496631870,ＪＲ総武線 中野駅 2階建 築10年,東京都中野区新井１,73000.0,4000.0,,73000.0,2,1R,10.1,10,2,中野駅,10,13.00,148250.96,82826.39,314,879,1,0.07752710273435731
https://suumo.jp/chintai/jnc_000106838048/?bc=100504365461,アーバーヒルズ,東京都中野区中野５,63000.0,2000.0,,,2,1K,20.0,65,2,中野駅,5,12.67,148250.96,98445.68,314,1447,1,0.0466207255083575
https://suumo.jp/chintai/jnc_000106389938/?bc=100501203575,マリポサハウス,東京都中野区中野２,149000.0,5000.0,149000.0,298000.0,2,1LDK,36.6,9,3,中野駅,6,12.67,148250.96,170377.07,314,811,1,0.11392314231734207
https://suumo.jp/chintai/jnc_000107221862/?bc=100498905396,レコルト中野,東京都中野区中野５,150000.0,4000.0,150000.0,150000.0,2,1LDK,37.83,7,3,中野駅,4,11.67,148250.96,170377.07,314,811,1,0.11321076396775026
https://suumo.jp/chintai/jnc_000106326621/?bc=100500678587,ガーデン中野,東京都中野区中野５,113000.0,10000.0,113000.0,113000.0,1,1K,29.44,21,4,中野駅,7,14.33,148250.96,98445.68,314,1447,1,0.12017470375491213
https://suumo.jp/chintai/jnc_000106361348/?bc=100500966613,東京メトロ東西線 中野駅 地下1地上9階建 築2年,東京都中野区中野５,158000.0,13000.0,,,5,1K,28.42,2,10,中野駅,10,14.00,148250.96,98445.68,314,1447,1,0.08119477287329308
https://suumo.jp/chintai/jnc_000105704165/?bc=100495408119,リテラス中野,東京都中野区中野５,168000.0,12000.0,168000.0,168000.0,1,1LDK,45.45,6,3,中野駅,9,10.33,148250.96,170377.07,314,811,1,0.10851513085697012
https://suumo.jp/chintai/jnc_000106476887/?bc=100502322267,プラウドフラット中野,東京都中野区中野５,218000.0,15000.0,218000.0,218000.0,2,1LDK,40.54,6,5,中野駅,6,14.33,148250.96,170377.07,314,811,1,0.08344423538683204
https://suumo.jp/chintai/jnc_000106807927/?bc=100504255472,グランツオーベル中野,東京都中野区中野５,325000.0,,325000.0,325000.0,5,2LDK,55.83,6,5,中野駅,5,13.67,148250.96,243512.76,314,392,1,0.05465677249797901
https://suumo.jp/chintai/jnc_000106309278/?bc=100503108382,ＡＬＴＥＲＮＡ中野,東京都中野区中野５,395000.0,15000.0,,,10,3LDK,69.73,4,11,中野駅,8,13.00,148250.96,281205.13,314,156,-1,-0.05745786273491704
https://suumo.jp/chintai/jnc_000106113510/?bc=100503591222,プリンス中野,東京都中野区新井２,68000.0,3000.0,68000.0,68000.0,3,1R,15.2,34,4,中野駅,9,11.00,148250.96,82826.39,314,879,1,0.0881307993562565
https://suumo.jp/chintai/jnc_000106199596/?bc=100505534066,メゾンドハートレー,東京都中野区中野６,74000.0,3000.0,74000.0,74000.0,3,1K,18.56,40,3,中野駅,10,11.33,148250.96,98445.68,314,1447,1,0.10934560695928375
https://suumo.jp/chintai/jnc_000106772315/?bc=100503991893,ＪＲ中央線 中野駅 4階建 築31年,東京都中野区中野６,172000.0,5000.0,172000.0,172000.0,4,2DK,44.0,31,4,中野駅,12,14.67,148250.96,135945.31,314,128,1,0.013005467949131155
https://suumo.jp/chintai/jnc_000105799912/?bc=100496254156,trias154,東京都中野区新井１,195000.0,18000.0,,195000.0,3,2LDK,40.04,0,5,中野駅,7,11.33,148250.96,243512.76,314,392,1,0.08943581608163897
https://suumo.jp/chintai/jnc_000106705332/?bc=100503398304,東京メトロ東西線 中野駅 3階建 築40年,東京都中野区中野６,74000.0,3000.0,74000.0,74000.0,3,1K,18.0,40,3,中野駅,10,10.67,148250.96,98445.68,314,1447,1,0.10805019735139582
https://suumo.jp/chintai/jnc_000091728498/?bc=100504770232,ＪＲ中央線 中野駅 地下2地上7階建 築33年,東京都中野区中野５,75000.0,10000.0,,,2,1R,18.51,33,9,中野駅,9,13.33,148250.96,82826.39,314,879,1,0.055337183487972785
https://suumo.jp/chintai/jnc_000106597698/?bc=100502619802,リテラス中野,東京都中野区中野５,115000.0,12000.0,115000.0,115000.0,2,1K,28.22,6,3,中野駅,9,10.33,148250.96,98445.68,314,1447,1,0.13547914694358343
https://suumo.jp/chintai/jnc_000096270475/?bc=100506477235,東京メトロ東西線 中野駅 4階建 築5年,東京都中野区中野６,193000.0,15000.0,,96500.0,3,1LDK,40.41,5,4,中野駅,9,12.67,148250.96,170377.07,314,811,1,0.09875763456381598
https://suumo.jp/chintai/jnc_000106382401/?bc=100501055183,リヴシティ中野,東京都中野区中野２,111000.0,10000.0,,111000.0,5,1K,24.95,15,8,中野駅,10,16.00,148250.96,98445.68,314,1447,1,0.08274410146434791
https://suumo.jp/chintai/jnc_000105756235/?bc=100501056107,リヴシティ中野,東京都中野区中野２,103000.0,10000.0,,103000.0,2,1K,20.38,15,8,中野駅,10,16.00,148250.96,98445.68,314,1447,1,0.08827264887378306
https://suumo.jp/chintai/jnc_000105873760/?bc=100496818472,ＪＲ中央線 中野駅 4階建 築4年,東京都中野区新井２,192000.0,8000.0,192000.0,192000.0,1,1DK,42.59,4,4,中野駅,9,9.67,148250.96,130743.78,314,402,1,0.1411509406537771
https://suumo.jp/chintai/jnc_000105873760/?bc=100496818472,ＪＲ中央線 中野駅 4階建 築4年,東京都中野区新井２,192000.0,8000.0,192000.0,192000.0,2,1DK,42.59,4,4,中野駅,9,9.67,148250.96,130743.78,314,402,1,0.14522944217679445
https://suumo.jp/chintai/jnc_000105637623/?bc=100496227294,中野レーベル,東京都中野区新井１,147000.0,6000.0,147000.0,147000.0,3,1LDK,35.07,4,5,中野駅,10,13.33,148250.96,170377.07,314,811,1,0.09207964197767088
https://suumo.jp/chintai/jnc_000107183243/?bc=100506883278,Ａ．Ｉ．Ｃｏｒｐｏ,東京都中野区新井３,125000.0,3000.0,125000.0,125000.0,2,1LDK,40.37,13,2,中野駅,12,13.00,148250.96,170377.07,314,811,1,0.058877543095585294
https://suumo.jp/chintai/jnc_000106278293/?bc=100500294136,ＪＲ中央線 中野駅 2階建 築23年,東京都中野区新井１,79000.0,3000.0,79000.0,79000.0,2,1R,24.84,23,2,中野駅,7,10.33,148250.96,82826.39,314,879,1,0.10121880734594202
https://suumo.jp/chintai/jnc_000106712934/?bc=100503480329,ＪＲ中央線 中野駅 14階建 築4年,東京都中野区新井１,146000.0,10000.0,146000.0,146000.0,8,1DK,25.28,4,14,中野駅,7,12.00,148250.96,130743.78,314,402,1,0.10746589890948982
https://suumo.jp/chintai/jnc_000106831559/?bc=100504588612,フラット中野,東京都中野区中野５,55000.0,5000.0,55000.0,,3,1R,12.0,48,3,中野駅,6,13.67,148250.96,82826.39,314,879,1,0.056159660655798915
https://suumo.jp/chintai/jnc_000106614128/?bc=100503591405,中野薫木荘,東京都中野区中野５,140000.0,8000.0,140000.0,140000.0,1,1DK,33.23,11,3,中野駅,8,14.67,148250.96,130743.78,314,402,1,0.1349863098613766
https://suumo.jp/chintai/jnc_000106614128/?bc=100503591405,中野薫木荘,東京都中野区中野５,140000.0,8000.0,140000.0,140000.0,2,1DK,33.23,11,3,中野駅,8,14.67,148250.96,130743.78,314,402,1,0.13791231646519447
https://suumo.jp/chintai/jnc_000106467390/?bc=100501878788,ＪＲ中央線 中野駅 8階建 築7年,東京都中野区中野２,148000.0,20000.0,148000.0,148000.0,3,1DK,30.02,7,8,中野駅,5,12.33,148250.96,130743.78,314,402,1,0.12458884397234093
https://suumo.jp/chintai/jnc_000107183244/?bc=100506693593,ＪＲ総武線 中野駅 2階建 築13年,東京都中野区新井３,125000.0,3000.0,125000.0,125000.0,2,1LDK,40.37,13,2,中野駅,12,14.00,148250.96,170377.07,314,811,1,0.052814927926334465
https://suumo.jp/chintai/jnc_000106950531/?bc=100505567087,ＪＲ中央線 中野駅 2階建 築7年,東京都中野区中野５,69000.0,4000.0,,,2,1R,10.12,7,2,中野駅,5,14.00,148250.96,82826.39,314,879,1,0.08443440879205988
https://suumo.jp/chintai/jnc_000090799130/?bc=100500867955,ライオンズマンション中野第五,東京都中野区新井１,75000.0,5000.0,,75000.0,4,1K,18.0,35,6,中野駅,9,11.67,148250.96,98445.68,314,1447,1,0.11785089367647944
https://suumo.jp/chintai/jnc_000107091964/?bc=100506315977,ＡＬＴＥＲＮＡ中野,東京都中野区中野５,151000.0,15000.0,,,4,1DK,25.95,4,11,中野駅,8,13.00,148250.96,130743.78,314,402,1,0.12240113595658664
https://suumo.jp/chintai/jnc_000104844919/?bc=100506670451,ＪＲ総武線 中野駅 24階建 築9年,東京都中野区中野５,498000.0,,498000.0,498000.0,21,3LDK,74.38,9,24,中野駅,6,13.67,148250.96,281205.13,314,156,-1,-0.13080541301820559
https://suumo.jp/chintai/jnc_000104897363/?bc=100496644690,ルネサンスコート中野,東京都中野区新井１,131000.0,10000.0,,,2,1K,25.45,6,8,中野駅,9,10.33,148250.96,98445.68,314,1447,1,0.13805877253463472
https://suumo.jp/chintai/jnc_000104192445/?bc=100490472554,ルネサンスコート中野,東京都中野区新井１,133000.0,10000.0,,,4,1K,25.45,6,8,中野駅,9,10.33,148250.96,98445.68,314,1447,1,0.13312069962919432
https://suumo.jp/chintai/jnc_000105901775/?bc=100506135941,ルネサンスコート中野,東京都中野区新井１,136000.0,10000.0,,,6,1K,25.45,6,8,中野駅,9,10.33,148250.96,98445.68,314,1447,1,0.11117099456274754
https://suumo.jp/chintai/jnc_000105893720/?bc=100500088386,ルネサンスコート中野,東京都中野区新井１,136000.0,10000.0,,,6,1K,25.75,6,8,中野駅,9,10.33,148250.96,98445.68,314,1447,1,0.11172466013929655
https://suumo.jp/chintai/jnc_000105924373/?bc=100498244699,シャトウ中野アネックス,東京都中野区中野５,220000.0,5000.0,220000.0,220000.0,2,3LDK,59.0,44,3,中野駅,10,12.67,148250.96,281205.13,314,156,1,0.004290739677736521
https://suumo.jp/chintai/jnc_000100958960/?bc=100500679181,ＡＬＴＥＲＮＡ中野,東京都中野区中野５,350000.0,20000.0,,,10,3LDK,64.37,4,11,中野駅,8,13.00,148250.96,281205.13,314,156,-1,-0.05230078657076809
https://suumo.jp/chintai/jnc_000100958960/?bc=100500679181,ＡＬＴＥＲＮＡ中野,東京都中野区中野５,350000.0,20000.0,,,11,3LDK,64.37,4,11,中野駅,8,13.00,148250.96,281205.13,314,156,-1,-0.05502058241779251
https://suumo.jp/chintai/jnc_000107221863/?bc=100498942368,ＪＲ総武線 中野駅 3階建 築7年,東京都中野区中野５,150000.0,4000.0,150000.0,150000.0,2,1LDK,37.83,7,3,中野駅,3,12.33,148250.96,170377.07,314,811,1,0.10247911648422209
https://suumo.jp/chintai/jnc_000106620091/?bc=100505170451,ＪＲ中央線 中野駅 3階建 築11年,東京都中野区中野５,140000.0,8000.0,140000.0,140000.0,2,1DK,33.23,11,3,中野駅,8,11.00,148250.96,130743.78,314,402,1,0.15739111335545097
https://suumo.jp/chintai/jnc_000107108930/?bc=100506413554,リベラーレ中野,東京都中野区中野５,175000.0,11000.0,,350000.0,7,1LDK,40.12,9,10,中野駅,10,13.33,148250.96,170377.07,314,811,1,0.056680112491682866
https://suumo.jp/chintai/jnc_000105453742/?bc=100493918930,ＡＬＴＥＲＮＡ中野,東京都中野区中野５,152000.0,15000.0,,,5,1DK,25.34,4,11,中野駅,8,13.00,148250.96,130743.78,314,402,1,0.11979783617469397
https://suumo.jp/chintai/jnc_000104844918/?bc=100383492834,ザ・パークハウス中野タワー,東京都中野区中野５,498000.0,,498000.0,498000.0,21,3LDK,74.38,9,25,中野駅,6,8.67,148250.96,281205.13,314,156,-1,-0.14267028201146115
https://suumo.jp/chintai/jnc_000106641006/?bc=100503148773,ジオエント中野,東京都中野区中野２,150000.0,10000.0,150000.0,,3,1K,25.42,4,11,中野駅,5,13.33,148250.96,98445.68,314,1447,1,0.10472043954643773
https://suumo.jp/chintai/jnc_000107027201/?bc=100505820957,メゾン安,東京都中野区中野５,69000.0,5000.0,,103500.0,2,1K,23.2,50,2,中野駅,11,12.00,148250.96,98445.68,314,1447,1,0.093058977137361
https://suumo.jp/chintai/jnc_000106480652/?bc=100506626127,東京メトロ東西線 中野駅 地下1地上6階建 築6年,東京都中野区中野５,299000.0,20000.0,299000.0,299000.0,3,2LDK,59.59,6,7,中野駅,5,13.67,148250.96,243512.76,314,392,1,0.0455565063800899
https://suumo.jp/chintai/jnc_000106813449/?bc=100504862278,東京メトロ東西線 中野駅 地下1地上6階建 築6年,東京都中野区中野５,280000.0,20000.0,280000.0,,4,2LDK,59.59,6,7,中野駅,5,13.67,148250.96,243512.76,314,392,1,0.04248164376518332
https://suumo.jp/chintai/jnc_000106813450/?bc=100504166961,東京メトロ東西線 中野駅 地下1地上6階建 築6年,東京都中野区中野５,325000.0,,325000.0,325000.0,5,2LDK,55.83,6,7,中野駅,5,13.67,148250.96,243512.76,314,392,1,0.05060169844993234
https://suumo.jp/chintai/jnc_000107027200/?bc=100492187654,中野薫木荘,東京都中野区中野５,114000.0,8000.0,114000.0,114000.0,3,1K,25.1,11,3,中野駅,8,14.67,148250.96,98445.68,314,1447,1,0.12703405993641487
https://suumo.jp/chintai/jnc_000104202907/?bc=100483118237,ＪＲ総武線 中野駅 5階建 新築,東京都中野区新井１,212000.0,18000.0,,212000.0,5,2LDK,40.04,0,5,中野駅,7,11.33,148250.96,243512.76,314,392,1,0.07894692090334271
https://suumo.jp/chintai/jnc_000106789042/?bc=100504739826,ＪＲ総武線 中野駅 6階建 築31年,東京都中野区中野３,260000.0,,260000.0,260000.0,2,2LDK,59.07,31,6,中野駅,2,12.33,148250.96,243512.76,314,392,1,0.05213364842467233
https://suumo.jp/chintai/jnc_000106097315/?bc=100498775729,第二稲毛マンション,東京都中野区新井１,69000.0,,69000.0,69000.0,3,1K,23.4,48,4,中野駅,10,10.00,148250.96,98445.68,314,1447,1,0.11073094721122756
https://suumo.jp/chintai/jnc_000105711064/?bc=100496590380,ヴィラ中野,東京都中野区新井１,97000.0,3000.0,97000.0,97000.0,3,1K,27.41,38,3,中野駅,9,12.67,148250.96,98445.68,314,1447,1,0.10805106839527212
https://suumo.jp/chintai/jnc_000105901809/?bc=100497041406,ＪＲ総武線 中野駅 9階建 築23年,東京都中野区中野５,195000.0,35000.0,,390000.0,4,2LDK,50.26,23,9,中野駅,5,11.67,148250.96,243512.76,314,392,1,0.025308745098158947
https://suumo.jp/chintai/jnc_000039017510/?bc=100506992740,中野スリースターズ,東京都中野区中野５,88000.0,2000.0,88000.0,88000.0,2,1K,30.52,21,3,中野駅,5,13.67,148250.96,98445.68,314,1447,1,0.10323798594616174
https://suumo.jp/chintai/jnc_000107088130/?bc=100506136327,ＪＲ中央線 中野駅 4階建 築14年,東京都中野区新井１,90000.0,6000.0,90000.0,90000.0,2,1K,21.03,14,4,中野駅,10,11.33,148250.96,98445.68,314,1447,1,0.14094109529452142
https://suumo.jp/chintai/jnc_000102280404/?bc=100506222015,ＪＲ中央線 中野駅 8階建 新築,東京都中野区新井１,160000.0,10000.0,160000.0,160000.0,7,1DK,25.36,0,8,中野駅,10,11.33,148250.96,130743.78,314,402,1,0.1209471643093476
https://suumo.jp/chintai/jnc_000104348341/?bc=100491075134,レジディア中野(レジディアナカノ),東京都中野区中野３,113000.0,15000.0,,,3,1K,20.67,20,11,中野駅,1,12.67,148250.96,98445.68,314,1447,1,0.07075846993961232
https://suumo.jp/chintai/jnc_000101116168/?bc=100500354438,ヴィレッジ1,東京都中野区新井２,88000.0,,88000.0,88000.0,3,1K,25.0,42,4,中野駅,11,11.67,148250.96,98445.68,314,1447,1,0.11497027855401859
https://suumo.jp/chintai/jnc_000106903883/?bc=100505129103,ＪＲ中央線 中野駅 3階建 築46年,東京都中野区中野５,158000.0,3000.0,158000.0,158000.0,2,3DK,46.97,46,3,中野駅,8,10.67,148250.96,180500.00,314,16,1,0.040827675357470894
https://suumo.jp/chintai/jnc_000106113511/?bc=100499362659,ＪＲ中央線 中野駅 4階建 築34年,東京都中野区新井２,68000.0,3000.0,68000.0,68000.0,3,1R,15.2,34,4,中野駅,8,11.33,148250.96,82826.39,314,879,1,0.09230120773047812
https://suumo.jp/chintai/jnc_000106373225/?bc=100504057380,ＪＲ中央線 中野駅 7階建 築36年,東京都中野区中野５,160000.0,8000.0,320000.0,160000.0,2,1R,42.33,36,7,中野駅,9,12.33,148250.96,82826.39,314,879,1,0.05932703655809485
https://suumo.jp/chintai/jnc_000107170306/?bc=100506854126,ＣＢ中野イリゼ,東京都中野区中野５,130000.0,4300.0,,130000.0,3,1LDK,37.39,6,3,中野駅,9,14.33,148250.96,170377.07,314,811,1,0.08109405768056299
https://suumo.jp/chintai/jnc_000090843711/?bc=100500659471,ＪＲ総武線 中野駅 5階建 築35年,東京都中野区新井１,75000.0,5000.0,,75000.0,4,1K,18.0,35,5,中野駅,9,11.67,148250.96,98445.68,314,1447,1,0.12338413722222774
https://suumo.jp/chintai/jnc_000106838050/?bc=100505056552,ＪＲ総武線 中野駅 4階建 築17年,東京都中野区中野５,95000.0,5000.0,95000.0,95000.0,4,1K,19.87,17,4,中野駅,5,12.67,148250.96,98445.68,314,1447,1,0.13600209324108692
https://suumo.jp/chintai/jnc_000106893941/?bc=100504902822,ＪＲ総武線 中野駅 3階建 築9年,東京都中野区新井１,86000.0,5000.0,86000.0,86000.0,2,1K,20.04,9,3,中野駅,10,13.33,148250.96,98445.68,314,1447,1,0.1277124696074754
https://suumo.jp/chintai/jnc_000107177574/?bc=100506973588,DRホームズ中野,東京都中野区新井２,220000.0,15000.0,220000.0,220000.0,2,2LDK,68.01,34,7,中野駅,9,10.67,148250.96,243512.76,314,392,1,0.0428598510248831
https://suumo.jp/chintai/jnc_000107123457/?bc=100506328154,ＪＲ総武線 中野駅 2階建 築50年,東京都中野区中野５,69000.0,5000.0,,103500.0,2,1K,23.2,50,2,中野駅,11,12.00,148250.96,98445.68,314,1447,1,0.093058977137361
https://suumo.jp/chintai/jnc_000106684417/?bc=100503273072,ＪＲ中央線 中野駅 6階建 築40年,東京都中野区中野５,75000.0,4000.0,75000.0,75000.0,5,1R,21.06,40,6,中野駅,8,14.33,148250.96,82826.39,314,879,1,0.047384960954081234
https://suumo.jp/chintai/jnc_000103192179/?bc=100475642327,ＪＲ中央線 中野駅 4階建 築42年,東京都中野区新井２,54000.0,4000.0,,54000.0,3,1R,12.7,42,4,中野駅,10,10.67,148250.96,82826.39,314,879,1,0.06707022401628882
https://suumo.jp/chintai/jnc_000107020907/?bc=100506613260,ＪＲ中央線 中野駅 4階建 築31年,東京都中野区中野６,165000.0,5000.0,165000.0,165000.0,3,2DK,44.56,31,4,中野駅,12,14.67,148250.96,135945.31,314,128,1,0.020922473939785857
https://suumo.jp/chintai/jnc_000107020876/?bc=100505783205,ＪＲ中央線 中野駅 4階建 築36年,東京都中野区新井１,66000.0,3000.0,66000.0,66000.0,3,1R,21.59,36,4,中野駅,8,12.00,148250.96,82826.39,314,879,1,0.09183243955446252
https://suumo.jp/chintai/jnc_000107068991/?bc=100506423465,クラッサ中野,東京都中野区中野５,132000.0,6000.0,132000.0,132000.0,2,1K,26.85,21,7,中野駅,3,14.33,148250.96,98445.68,314,1447,1,0.1044463872351028
https://suumo.jp/chintai/jnc_000106931712/?bc=100505641507,クラッサ中野,東京都中野区中野５,133000.0,6000.0,133000.0,133000.0,2,1K,26.85,21,7,中野駅,3,14.33,148250.96,98445.68,314,1447,1,0.1044463872351028
https://suumo.jp/chintai/jnc_000105901808/?bc=100497038828,レジデンスさきがけ,東京都中野区中野５,195000.0,35000.0,,390000.0,4,2LDK,50.26,23,9,中野駅,5,11.67,148250.96,243512.76,314,392,1,0.025308745098158947
https://suumo.jp/chintai/jnc_000106769000/?bc=100503924179,ＪＲ総武線 中野駅 5階建 築33年,東京都中野区新井１,138000.0,,,,3,1LDK,44.52,33,5,中野駅,10,12.33,148250.96,170377.07,314,811,1,0.09337824561214997
https://suumo.jp/chintai/jnc_000094415203/?bc=100506670456,ＪＲ総武線 中野駅 2階建 築15年,東京都中野区新井１,76000.0,3000.0,76000.0,76000.0,1,1K,20.0,15,2,中野駅,7,10.00,148250.96,98445.68,314,1447,1,0.12942240286720524
https://suumo.jp/chintai/jnc_000106822289/?bc=100504859567,ＪＲ総武線 中野駅 12階建 築4年,東京都中野区新井１,134000.0,8000.0,134000.0,,8,1K,25.8,4,12,中野駅,9,10.33,148250.96,98445.68,314,1447,1,0.07872125949597303
https://suumo.jp/chintai/jnc_000106389937/?bc=100503243527,マリポサハウス,東京都中野区中野２,170000.0,5000.0,170000.0,340000.0,2,1LDK,50.73,9,3,中野駅,6,12.67,148250.96,170377.07,314,811,1,0.09748776155070843
https://suumo.jp/chintai/jnc_000102252306/?bc=100474285144,ＺＯＯＭ中野,東京都中野区新井１,148000.0,10000.0,148000.0,148000.0,5,1K,29.22,9,7,中野駅,9,9.50,148250.96,98445.68,314,1447,1,0.11584670935616609
https://suumo.jp/chintai/jnc_000107117066/?bc=100506414735,中野ｎｉｎｅ′ｓ ｃｏｒｅ,東京都中野区新井２,98000.0,3000.0,98000.0,,2,1K,25.04,19,4,中野駅,11,16.00,148250.96,98445.68,314,1447,1,0.07636403538929304
https://suumo.jp/chintai/jnc_000104070145/?bc=100502927341,ＪＲ中央線 中野駅 26階建 築32年,東京都中野区中野４,330000.0,10000.0,330000.0,330000.0,10,2LDK,64.72,32,26,中野駅,5,12.33,148250.96,243512.76,314,392,-1,-0.06415022389525304
https://suumo.jp/chintai/jnc_000105506622/?bc=100493894217,PERSICA NAKANO,東京都中野区中野５,194000.0,5000.0,194000.0,194000.0,4,2LDK,40.01,9,5,中野駅,11,13.00,148250.96,243512.76,314,392,1,0.0638991253344181
https://suumo.jp/chintai/jnc_000106818063/?bc=100504232478,ＪＲ中央線 中野駅 2階建 築10年,東京都中野区中野５,75000.0,4000.0,,75000.0,1,1R,10.07,10,2,中野駅,8,14.67,148250.96,82826.39,314,879,1,0.07198001627082579
https://suumo.jp/chintai/jnc_000107045733/?bc=100506222523,東京メトロ東西線 中野駅 4階建 築13年,東京都中野区中野５,108000.0,4100.0,,216000.0,1,1DK,26.25,13,4,中野駅,4,13.33,148250.96,130743.78,314,402,1,0.13609302003673257
https://suumo.jp/chintai/jnc_000105518830/?bc=100504239142,ＪＲ中央線 中野駅 地下1地上5階建 築9年,東京都中野区中野５,194000.0,5000.0,194000.0,194000.0,4,2LDK,40.01,9,6,中野駅,10,14.33,148250.96,243512.76,314,392,1,0.0589028626521349
https://suumo.jp/chintai/jnc_000098590567/?bc=100504216122,ＪＲ中央線 中野駅 地下1地上5階建 築9年,東京都中野区中野５,121000.0,5000.0,121000.0,121000.0,2,1DK,25.0,9,6,中野駅,10,14.33,148250.96,130743.78,314,402,1,0.1255703485508627
https://suumo.jp/chintai/jnc_000106446053/?bc=100489845692,ＡＬＴＥＲＮＡ中野,東京都中野区中野５,155000.0,15000.0,,,7,1DK,25.34,4,11,中野駅,8,13.00,148250.96,130743.78,314,402,1,0.10969524876481335
https://suumo.jp/chintai/jnc_000107206607/?bc=100506929723,ファミール中野,東京都中野区上高田２,67000.0,,67000.0,67000.0,2,1R,20.29,41,3,中野駅,11,13.33,148250.96,82826.39,314,879,1,0.07849179168233283
https://suumo.jp/chintai/jnc_000105977278/?bc=100497768696,ＪＲ中央線 中野駅 26階建 築32年,東京都中野区中野４,260000.0,25000.0,260000.0,260000.0,6,2LDK,60.53,32,26,中野駅,5,12.33,148250.96,243512.76,314,392,-1,-0.041115805665677185
https://suumo.jp/chintai/jnc_000106783995/?bc=100503843170,ＪＲ中央線 中野駅 3階建 築2年,東京都中野区中野５,163000.0,8000.0,163000.0,163000.0,2,1LDK,37.05,2,3,中野駅,6,13.00,148250.96,170377.07,314,811,1,0.1120350236338628
https://suumo.jp/chintai/jnc_000105984208/?bc=100502643187,ＪＲ総武線 中野駅 11階建 築4年,東京都中野区中野５,157000.0,15000.0,,,5,1DK,27.96,4,11,中野駅,11,15.67,148250.96,130743.78,314,402,1,0.07281771223843214
https://suumo.jp/chintai/jnc_000106005828/?bc=100505023664,ＪＲ中央線 中野駅 3階建 築32年,東京都中野区中野１,158000.0,3000.0,158000.0,158000.0,2,2LDK,42.98,32,3,中野駅,10,13.67,148250.96,243512.76,314,392,1,0.06196976179489866
https://suumo.jp/chintai/jnc_000107162423/?bc=100506639998,ＪＲ中央線 中野駅 3階建 築6年,東京都中野区中野５,130000.0,4300.0,,130000.0,3,1LDK,37.39,6,3,中野駅,9,12.50,148250.96,170377.07,314,811,1,0.09719251570892412
https://suumo.jp/chintai/jnc_000105578268/?bc=100494837131,ＪＲ総武線 中野駅 11階建 築4年,東京都中野区中野５,152000.0,15000.0,,,5,1DK,25.34,4,11,中野駅,11,15.67,148250.96,130743.78,314,402,1,0.07408132411882773
https://suumo.jp/chintai/jnc_000100802067/?bc=100466962008,ＪＲ中央線 中野駅 8階建 新築,東京都中野区新井１,238000.0,15000.0,238000.0,238000.0,1,1SLDK,43.5,0,8,中野駅,10,11.33,148250.96,231590.91,314,33,1,0.04091684630759035
https://suumo.jp/chintai/jnc_000107082746/?bc=100506766746,ＪＲ総武線 中野駅 11階建 築4年,東京都中野区中野５,151000.0,15000.0,,,4,1DK,25.95,4,11,中野駅,11,15.67,148250.96,130743.78,314,402,1,0.07693702818891907
https://suumo.jp/chintai/jnc_000106761870/?bc=100503870173,ガーデン中野,東京都中野区中野５,170000.0,12000.0,170000.0,170000.0,4,1LDK,43.12,21,4,中野駅,7,14.33,148250.96,170377.07,314,811,1,0.08621476358730307
https://suumo.jp/chintai/jnc_000098251860/?bc=100504906242,アトリオフラッツ中野,東京都中野区新井２,160000.0,12000.0,160000.0,,3,1DK,33.49,4,4,中野駅,10,11.33,148250.96,130743.78,314,402,1,0.14197821999633753
https://suumo.jp/chintai/jnc_000100786889/?bc=100479843466,ＪＲ中央線 中野駅 8階建 新築,東京都中野区新井１,145000.0,10000.0,145000.0,,3,1K,25.57,0,8,中野駅,10,11.33,148250.96,98445.68,314,1447,1,0.12079909763121399
https://suumo.jp/chintai/jnc_000105664217/?bc=100495091220,グリーンハイツＢＣ棟,東京都中野区中野５,65000.0,2000.0,,,1,1R,17.01,41,2,中野駅,5,13.00,148250.96,82826.39,314,879,1,0.07074215110090382
https://suumo.jp/chintai/jnc_000106582765/?bc=100505870557,ヴィレッジ1,東京都中野区新井２,88000.0,,88000.0,88000.0,2,1DK,25.0,42,4,中野駅,11,11.67,148250.96,130743.78,314,402,1,0.12542885557468264
https://suumo.jp/chintai/jnc_000102332225/?bc=100473972333,ＪＲ中央線 中野駅 8階建 新築,東京都中野区新井１,159000.0,10000.0,159000.0,159000.0,6,1K,25.36,0,8,中野駅,10,11.33,148250.96,98445.68,314,1447,1,0.09456918268757347
https://suumo.jp/chintai/jnc_000065105718/?bc=100474325316,グランドール中野,東京都中野区中野６,67000.0,3000.0,67000.0,67000.0,1,1R,13.77,11,2,中野駅,9,12.67,148250.96,82826.39,314,879,1,0.08598274734534722
https://suumo.jp/chintai/jnc_000106073428/?bc=100498793324,ＪＲ中央線 中野駅 8階建 新築,東京都中野区新井１,160000.0,10000.0,160000.0,160000.0,7,1K,25.36,0,8,中野駅,10,11.33,148250.96,98445.68,314,1447,1,0.09025242636471853
https://suumo.jp/chintai/jnc_000105628456/?bc=100504279905,ＪＲ総武線 中野駅 11階建 築4年,東京都中野区中野５,150000.0,15000.0,,,3,1DK,25.46,4,11,中野駅,11,15.67,148250.96,130743.78,314,402,1,0.0762720668004433
https://suumo.jp/chintai/jnc_000105887943/?bc=100496922667,ＪＲ中央線 中野駅 8階建 築6年,東京都中野区新井１,136000.0,10000.0,,,6,1K,25.45,6,8,中野駅,9,11.00,148250.96,98445.68,314,1447,1,0.11197652120072532
https://suumo.jp/chintai/jnc_000105912971/?bc=100501252651,ＪＲ中央線 中野駅 8階建 築6年,東京都中野区新井１,136000.0,10000.0,,,6,1K,25.75,6,8,中野駅,9,11.00,148250.96,98445.68,314,1447,1,0.11252909749783274
https://suumo.jp/chintai/jnc_000105962050/?bc=100505991768,クアードロ中野サウス,東京都中野区新井２,203000.0,12000.0,203000.0,,1,1SLDK,54.59,6,3,中野駅,10,10.00,148250.96,231590.91,314,33,1,0.04093756659293868
https://suumo.jp/chintai/jnc_000105962050/?bc=100505991768,クアードロ中野サウス,東京都中野区新井２,203000.0,12000.0,203000.0,,2,1SLDK,54.59,6,3,中野駅,10,10.00,148250.96,231590.91,314,33,1,0.045263615673892366
https://suumo.jp/chintai/jnc_000105962050/?bc=100505991768,クアードロ中野サウス,東京都中野区新井２,203000.0,12000.0,203000.0,,3,1SLDK,54.59,6,3,中野駅,10,10.00,148250.96,231590.91,314,33,1,0.042702215741991456
https://suumo.jp/chintai/jnc_000106577017/?bc=100502527617,ＪＲ中央線 中野駅 3階建 築5年,東京都中野区新井１,175000.0,5000.0,175000.0,175000.0,3,1LDK,35.22,5,3,中野駅,8,9.00,148250.96,170377.07,314,811,1,0.10895179598491633
https://suumo.jp/chintai/jnc_000107020905/?bc=100505687733,ＪＲ中央線 中野駅 3階建 築2年,東京都中野区中野５,160000.0,8000.0,160000.0,160000.0,1,1LDK,37.05,2,3,中野駅,6,13.00,148250.96,170377.07,314,811,1,0.10927680154509867
https://suumo.jp/chintai/jnc_000107117067/?bc=100506523504,ＪＲ中央線 中野駅 地下1地上3階建 築19年,東京都中野区新井２,98000.0,3000.0,98000.0,,2,1K,25.04,19,4,中野駅,11,16.00,148250.96,98445.68,314,1447,1,0.07636403538929304
https://suumo.jp/chintai/jnc_000106678295/?bc=100503203065,クアードロ中野サウス,東京都中野区新井２,93000.0,7000.0,93000.0,,1,1R,22.77,6,3,中野駅,10,10.00,148250.96,82826.39,314,879,1,0.10337283567594874
https://suumo.jp/chintai/jnc_000105467185/?bc=100494416072,ワクラス中野,東京都中野区中野６,105000.0,5000.0,105000.0,105000.0,3,1K,19.4,7,3,中野駅,10,12.00,148250.96,98445.68,314,1447,1,0.13289147880657837
https://suumo.jp/chintai/jnc_000017819667/?bc=100500692572,ハイツ西川,東京都中野区中野５,65000.0,,65000.0,,2,1K,20.0,59,2,中野駅,10,12.33,148250.96,98445.68,314,1447,1,0.08841268282452974
https://suumo.jp/chintai/jnc_000106326619/?bc=100500705276,ＪＲ中央線 中野駅 4階建 築4年,東京都中野区新井２,189000.0,15000.0,189000.0,,1,1LDK,40.71,4,4,中野駅,10,11.33,148250.96,170377.07,314,811,1,0.09700238153541574
https://suumo.jp/chintai/jnc_000101777285/?bc=100506843848,ＪＲ中央線 中野駅 地下1地上6階建 築34年,東京都中野区新井２,220000.0,15000.0,220000.0,220000.0,3,2LDK,68.01,34,7,中野駅,8,10.00,148250.96,243512.76,314,392,1,0.05042657022805841
https://suumo.jp/chintai/jnc_000107200233/?bc=100506843858,ＪＲ中央線 中野駅 2階建 築9年,東京都中野区上高田１,100000.0,,100000.0,100000.0,2,1DK,36.22,9,2,中野駅,12,12.33,148250.96,130743.78,314,402,1,0.12161751614056254
https://suumo.jp/chintai/jnc_000106620093/?bc=100505098572,レジェーロ中野レジデンス,東京都中野区中野５,74000.0,4000.0,74000.0,,2,1R,13.35,22,3,中野駅,3,12.67,148250.96,82826.39,314,879,1,0.09007575160177234
https://suumo.jp/chintai/jnc_000106838049/?bc=100504957980,コンフォートＭＦ中野,東京都中野区中野５,95000.0,5000.0,,,4,1K,19.25,17,4,中野駅,5,11.67,148250.96,98445.68,314,1447,1,0.139609032909069
https://suumo.jp/chintai/jnc_000107123456/?bc=100506326131,ＪＲ中央線 中野駅 10階建 築9年,東京都中野区中野５,175000.0,11000.0,,350000.0,7,1LDK,40.12,9,10,中野駅,10,12.00,148250.96,170377.07,314,811,1,0.06487516264540194
https://suumo.jp/chintai/jnc_000103099947/?bc=100475584986,ＪＲ中央線 中野駅 2階建 築10年,東京都中野区中野５,71000.0,4000.0,,71000.0,2,1R,10.08,10,2,中野駅,8,14.67,148250.96,82826.39,314,879,1,0.07545995872133543
https://suumo.jp/chintai/jnc_000106081817/?bc=100498744920,ＪＲ中央線 中野駅 地下4地上4階建 築5年,東京都中野区中野５,119000.0,15000.0,,,3,1K,25.5,5,8,中野駅,10,13.00,148250.96,98445.68,314,1447,1,0.10552385886836663
https://suumo.jp/chintai/jnc_000106991784/?bc=100506327569,東京メトロ東西線 中野駅 8階建 築55年,東京都中野区新井２,100000.0,2000.0,100000.0,100000.0,4,2DK,28.0,55,8,中野駅,8,10.00,148250.96,135945.31,314,128,1,0.0007783063769521981
https://suumo.jp/chintai/jnc_000105424413/?bc=100503606414,ＧＲＡＮＰＡＳＥＯ中野,東京都中野区中野５,220000.0,15000.0,,,1,1LDK,46.35,5,4,中野駅,10,10.67,148250.96,170377.07,314,811,1,0.08591558740307881
https://suumo.jp/chintai/jnc_000106813451/?bc=100504169100,リハティーヒルズ中野,東京都中野区中野５,65000.0,5000.0,65000.0,65000.0,2,1R,17.01,37,4,中野駅,6,12.67,148250.96,82826.39,314,879,1,0.1033520283226137
https://suumo.jp/chintai/jnc_000106959612/?bc=100503596280,東京メトロ東西線 中野駅 8階建 築55年,東京都中野区新井２,100000.0,2000.0,100000.0,100000.0,4,1DK,28.0,55,8,中野駅,8,10.00,148250.96,130743.78,314,402,1,0.07737669224016203
https://suumo.jp/chintai/jnc_000100802087/?bc=100473971103,ＪＲ中央線 中野駅 8階建 新築,東京都中野区新井１,243000.0,15000.0,243000.0,243000.0,8,1LDK,41.88,0,8,中野駅,10,11.33,148250.96,170377.07,314,811,1,0.04490114236857434
https://suumo.jp/chintai/jnc_000105416073/?bc=100500633278,ＪＲ中央線 中野駅 地下4地上4階建 築5年,東京都中野区中野５,130000.0,15000.0,,,4,1K,28.27,5,8,中野駅,10,13.00,148250.96,98445.68,314,1447,1,0.09945525715880033
https://suumo.jp/chintai/jnc_000106340085/?bc=100504148742,ＪＲ中央線 中野駅 10階建 築9年,東京都中野区新井１,195000.0,10000.0,195000.0,195000.0,6,1LDK,40.37,9,10,中野駅,7,13.67,148250.96,170377.07,314,811,1,0.07371726750630453
https://suumo.jp/chintai/jnc_000106959610/?bc=100505318122,ＪＲ中央線 中野駅 10階建 築28年,東京都中野区新井１,170000.0,,170000.0,,6,1LDK,42.75,28,10,中野駅,5,12.00,148250.96,170377.07,314,811,1,0.07142710228331717
https://suumo.jp/chintai/jnc_000106783993/?bc=100502045588,Ｍ－ＣＲＥＳＴ　ＡＮＮＥＸ,東京都中野区中野５,161000.0,8000.0,161000.0,161000.0,2,1LDK,37.05,2,3,中野駅,5,13.33,148250.96,170377.07,314,811,1,0.10926324294286027
https://suumo.jp/chintai/jnc_000106943936/?bc=100505755223,グレースヒルＴＭＹ,東京都中野区新井１,170000.0,,170000.0,,6,1LDK,42.75,21,10,中野駅,5,11.33,148250.96,170377.07,314,811,1,0.07793500726460273
https://suumo.jp/chintai/jnc_000105459179/?bc=100492341819,ＪＲ中央線 中野駅 地下4地上4階建 築5年,東京都中野区中野５,220000.0,15000.0,,,1,1LDK,46.35,5,8,中野駅,10,13.00,148250.96,170377.07,314,811,1,0.063104161811746
https://suumo.jp/chintai/jnc_000107004393/?bc=100506483845,ピッツ・ベルニナ,東京都中野区中野５,108000.0,4100.0,,216000.0,1,1K,26.25,13,4,中野駅,4,12.67,148250.96,98445.68,314,1447,1,0.13081182993942259
https://suumo.jp/chintai/jnc_000107108932/?bc=100506210692,ピッツ・ベルニナ,東京都中野区中野５,108000.0,4100.0,,216000.0,1,1DK,26.25,13,4,中野駅,4,12.67,148250.96,130743.78,314,402,1,0.14221007046706963
https://suumo.jp/chintai/jnc_000106783992/?bc=100498003465,Ｍ－ＣＲＥＳＴ　ＡＮＮＥＸ,東京都中野区中野５,160000.0,8000.0,160000.0,160000.0,1,1LDK,37.05,2,3,中野駅,5,13.33,148250.96,170377.07,314,811,1,0.10487357132977959
https://suumo.jp/chintai/jnc_000098590566/?bc=100504347963,PERSICA NAKANO,東京都中野区中野５,121000.0,5000.0,121000.0,121000.0,2,1DK,25.0,9,5,中野駅,11,13.00,148250.96,130743.78,314,402,1,0.13165390585576775
https://suumo.jp/chintai/jnc_000105637651/?bc=100496241350,ＡＬＴＥＲＮＡ中野,東京都中野区中野５,150000.0,15000.0,,,3,1DK,25.46,4,11,中野駅,8,13.00,148250.96,130743.78,314,402,1,0.1236611975096788
https://suumo.jp/chintai/jnc_000100953447/?bc=100500108447,ＪＲ総武線 中野駅 11階建 築4年,東京都中野区中野５,355000.0,15000.0,,,11,3LDK,64.37,4,11,中野駅,11,15.67,148250.96,281205.13,314,156,-1,-0.0779587731972895
https://suumo.jp/chintai/jnc_000106347333/?bc=100500808686,ヴィラージュ當間,東京都中野区中野５,160000.0,8000.0,320000.0,160000.0,2,1R,42.33,36,7,中野駅,10,10.67,148250.96,82826.39,314,879,1,0.055027960423505495
https://suumo.jp/chintai/jnc_000105972528/?bc=100498185250,バウスステージ中野,東京都中野区新井１,211000.0,12000.0,211000.0,211000.0,9,1LDK,38.26,4,14,中野駅,7,11.33,148250.96,170377.07,314,811,1,0.05172663216643175
https://suumo.jp/chintai/jnc_000106092816/?bc=100498744917,ＪＲ中央線 中野駅 地下4地上4階建 築5年,東京都中野区中野５,197000.0,15000.0,,,3,1LDK,40.39,5,8,中野駅,10,13.00,148250.96,170377.07,314,811,1,0.07796856459518486
https://suumo.jp/chintai/jnc_000106795047/?bc=100504064564,ＪＲ中央線 中野駅 8階建 築3年,東京都中野区新井１,272000.0,15000.0,272000.0,,8,1LDK,47.33,3,8,中野駅,9,12.67,148250.96,170377.07,314,811,1,0.025497688360593296
https://suumo.jp/chintai/jnc_000105722040/?bc=100495557659,ＪＲ中央線 中野駅 2階建 築64年,東京都中野区新井２,135000.0,3000.0,135000.0,135000.0,1,1SLDK,45.13,64,2,中野駅,9,9.67,148250.96,231590.91,314,33,-1,-0.0008502816466280372
https://suumo.jp/chintai/jnc_000100757879/?bc=100473970437,ＪＲ中央線 中野駅 8階建 新築,東京都中野区新井１,232000.0,20000.0,232000.0,,4,2LDK,42.97,0,8,中野駅,10,11.33,148250.96,243512.76,314,392,1,0.0561299790292456
https://suumo.jp/chintai/jnc_000105873759/?bc=100504813640,GREEN COURT中野,東京都中野区新井２,192000.0,8000.0,192000.0,192000.0,1,1DK,42.59,4,4,中野駅,9,13.33,148250.96,130743.78,314,402,1,0.1332298829057455
https://suumo.jp/chintai/jnc_000105873759/?bc=100504813640,GREEN COURT中野,東京都中野区新井２,192000.0,8000.0,192000.0,192000.0,2,1DK,42.59,4,4,中野駅,9,13.33,148250.96,130743.78,314,402,1,0.13642830224958807
https://suumo.jp/chintai/jnc_000107117064/?bc=100506478640,フェリシダ中野,東京都中野区新井２,95000.0,2000.0,95000.0,95000.0,1,1K,23.94,3,3,中野駅,13,14.33,148250.96,98445.68,314,1447,1,0.06371475507222929
https://suumo.jp/chintai/jnc_000105398240/?bc=100506528217,フェルテ中野,東京都中野区中野３,118000.0,6000.0,118000.0,118000.0,5,1K,24.07,15,11,中野駅,6,13.00,148250.96,98445.68,314,1447,1,0.11075411652053879
https://suumo.jp/chintai/jnc_000106515693/?bc=100505956324,ヴィレッジ1,東京都中野区新井２,88000.0,,88000.0,88000.0,2,1DK,27.2,42,4,中野駅,11,11.67,148250.96,130743.78,314,402,1,0.1253031668004566
https://suumo.jp/chintai/jnc_000017424711/?bc=100502893586,コーポ５,東京都中野区新井２,129000.0,3000.0,,,2,3DK,48.6,37,2,中野駅,12,14.00,148250.96,180500.00,314,16,1,0.012268279268718207
https://suumo.jp/chintai/jnc_000104836717/?bc=100501494861,ＡＬＴＥＲＮＡ中野,東京都中野区中野５,151000.0,10000.0,,,7,1DK,25.34,4,11,中野駅,8,13.00,148250.96,130743.78,314,402,1,0.12024258790454018
https://suumo.jp/chintai/jnc_000106292133/?bc=100501546762,シャトウ中野アネックス,東京都中野区中野５,209000.0,5000.0,209000.0,209000.0,2,3LDK,60.0,44,3,中野駅,10,12.67,148250.96,281205.13,314,156,1,0.004290739677736521
https://suumo.jp/chintai/jnc_000106396376/?bc=100501383971,ＪＲ中央線 中野駅 3階建 築9年,東京都中野区中野２,149000.0,5000.0,149000.0,298000.0,2,1LDK,36.6,9,3,中野駅,6,12.00,148250.96,170377.07,314,811,1,0.11754299329402212
https://suumo.jp/chintai/jnc_000107123444/?bc=100506419135,ＪＲ中央線 中野駅 地下1地上3階建 築19年,東京都中野区新井２,148000.0,3000.0,148000.0,,3,1LDK,44.69,19,4,中野駅,11,16.00,148250.96,170377.07,314,811,1,0.042832388438238056
https://suumo.jp/chintai/jnc_000089638258/?bc=100501971625,メゾン四季,東京都中野区中野６,51000.0,,,,1,1R,15.0,39,3,中野駅,9,12.33,148250.96,82826.39,314,879,1,0.07952884242276431
https://suumo.jp/chintai/jnc_000105398215/?bc=100474329978,NOSTEL中野,東京都中野区新井１,272000.0,15000.0,272000.0,,8,1LDK,47.33,3,9,中野駅,8,12.33,148250.96,170377.07,314,811,1,0.026015714499251663
https://suumo.jp/chintai/jnc_000105398215/?bc=100474329978,NOSTEL中野,東京都中野区新井１,272000.0,15000.0,272000.0,,9,1LDK,47.33,3,9,中野駅,8,12.33,148250.96,170377.07,314,811,1,0.02477378611054387
https://suumo.jp/chintai/jnc_000107210287/?bc=100507038169,メゾンセレステ,東京都中野区中野５,69000.0,3000.0,69000.0,69000.0,2,1K,19.98,48,3,中野駅,10,14.67,148250.96,98445.68,314,1447,1,0.06493151408087922
https://suumo.jp/chintai/jnc_000107068990/?bc=100504358746,ＪＲ中央線 中野駅 3階建 築11年,東京都中野区中野５,114000.0,8000.0,114000.0,114000.0,3,1K,25.1,11,3,中野駅,8,11.00,148250.96,98445.68,314,1447,1,0.15148092530717916
https://suumo.jp/chintai/jnc_000106843777/?bc=100504385635,ＪＲ中央線 中野駅 2階建 築14年,東京都中野区中野５,61000.0,,,,1,1R,13.05,14,2,中野駅,5,13.33,148250.96,82826.39,314,879,1,0.09061379900571032
https://suumo.jp/chintai/jnc_000075212580/?bc=100505682103,サティ中野,東京都中野区新井２,70000.0,5000.0,70000.0,70000.0,3,1K,20.3,36,4,中野駅,10,10.33,148250.96,98445.68,314,1447,1,0.13192489735971852
https://suumo.jp/chintai/jnc_000107194829/?bc=100506788519,ＪＲ中央線 中野駅 3階建 築14年,東京都中野区上高田１,91000.0,3000.0,91000.0,91000.0,3,1K,28.89,14,3,中野駅,12,13.33,148250.96,98445.68,314,1447,1,0.09467253750078847
https://suumo.jp/chintai/jnc_000052676969/?bc=100496250809,ＪＲ中央線 中野駅 3階建 築36年,東京都中野区新井２,79000.0,,79000.0,79000.0,1,1R,23.0,36,3,中野駅,10,12.33,148250.96,82826.39,314,879,1,0.09101047895261577
https://suumo.jp/chintai/jnc_000107210254/?bc=100506955983,ＪＲ中央線 中野駅 3階建 築21年,東京都中野区新井２,93000.0,5000.0,93000.0,93000.0,1,1K,26.07,21,3,中野駅,11,12.67,148250.96,98445.68,314,1447,1,0.118573571073679
https://suumo.jp/chintai/jnc_000030945987/?bc=100502527612,ＪＲ中央線 中野駅 2階建 築37年,東京都中野区新井２,129000.0,3000.0,,,2,3DK,48.6,37,2,中野駅,12,12.33,148250.96,180500.00,314,16,1,0.02191029063979416
https://suumo.jp/chintai/jnc_000107177575/?bc=100506782787,ＪＲ中央線 中野駅 地下1地上6階建 築34年,東京都中野区新井２,220000.0,15000.0,220000.0,220000.0,2,2LDK,68.01,34,7,中野駅,8,10.00,148250.96,243512.76,314,392,1,0.048794495834160456
https://suumo.jp/chintai/jnc_000105308879/?bc=100492634281,ＪＲ中央線 中野駅 6階建 築23年,東京都中野区中野３,170000.0,6000.0,170000.0,170000.0,6,1LDK,40.82,23,6,中野駅,4,13.00,148250.96,170377.07,314,811,1,0.06772052258281747
https://suumo.jp/chintai/jnc_000106034615/?bc=100498563340,プラウドフラット中野,東京都中野区中野５,156000.0,12000.0,156000.0,156000.0,2,1K,27.06,6,5,中野駅,6,14.33,148250.96,98445.68,314,1447,1,0.10629729136121113
https://suumo.jp/chintai/jnc_000106126877/?bc=100497334514,プラウドフラット中野,東京都中野区中野５,153000.0,12000.0,153000.0,153000.0,4,1K,26.08,6,5,中野駅,6,14.33,148250.96,98445.68,314,1447,1,0.10738095243880608
https://suumo.jp/chintai/jnc_000106476888/?bc=100502067182,プラウドフラット中野,東京都中野区中野５,155000.0,12000.0,155000.0,155000.0,5,1K,25.33,6,5,中野駅,6,14.33,148250.96,98445.68,314,1447,1,0.10270106524617445
https://suumo.jp/chintai/jnc_000106126878/?bc=100494230908,プラウドフラット中野,東京都中野区中野５,155000.0,12000.0,155000.0,155000.0,5,1K,25.3,6,5,中野駅,6,14.33,148250.96,98445.68,314,1447,1,0.10270106524617445
https://suumo.jp/chintai/jnc_000105722038/?bc=100505767102,GREEN COURT中野,東京都中野区新井２,126000.0,8000.0,126000.0,126000.0,3,1K,28.75,4,4,中野駅,9,13.33,148250.96,98445.68,314,1447,1,0.12895254101344278
https://suumo.jp/chintai/jnc_000096287346/?bc=100493671274,quador中野,東京都中野区中野６,193000.0,15000.0,,96500.0,3,1LDK,40.41,5,4,中野駅,10,12.67,148250.96,170377.07,314,811,1,0.09425593966127388
https://suumo.jp/chintai/jnc_000106843778/?bc=100504386211,Verda中野（ヴェルダ中野）,東京都中野区中野５,61000.0,3000.0,,,1,1R,13.05,15,2,中野駅,5,7.67,148250.96,82826.39,314,879,1,0.08509102651106093
https://suumo.jp/chintai/jnc_000093714253/?bc=100403250653,マイハイム,東京都中野区中野５,55000.0,3000.0,55000.0,,1,1R,17.05,41,2,中野駅,11,12.33,148250.96,82826.39,314,879,1,0.06772312487299148
https://suumo.jp/chintai/jnc_000107020874/?bc=100506028703,マイステージ中野II,東京都中野区新井１,66000.0,3000.0,66000.0,66000.0,3,1R,21.59,36,4,中野駅,10,13.67,148250.96,82826.39,314,879,1,0.06235366341323517
https://suumo.jp/chintai/jnc_000106347334/?bc=100496900428,メゾンアミノ,東京都中野区中野５,67000.0,3000.0,67000.0,67000.0,1,1K,18.2,57,3,中野駅,7,12.67,148250.96,98445.68,314,1447,1,0.07859567676606743
https://suumo.jp/chintai/jnc_000107129316/?bc=100506581904,ＤＥＮハイム中野,東京都中野区新井１,82000.0,3000.0,,82000.0,2,1K,22.23,25,2,中野駅,10,12.33,148250.96,98445.68,314,1447,1,0.11936549552067643
https://suumo.jp/chintai/jnc_000106848697/?bc=100505212574,Verda中野,東京都中野区中野５,61000.0,3000.0,,61000.0,1,1R,13.05,14,2,中野駅,5,11.67,148250.96,82826.39,314,879,1,0.09808168499968889
https://suumo.jp/chintai/jnc_000107091951/?bc=100506412847,ulula,東京都中野区新井１,90000.0,6000.0,90000.0,90000.0,2,1R,21.03,14,4,中野駅,10,11.33,148250.96,82826.39,314,879,1,0.09960125992633706
https://suumo.jp/chintai/jnc_000106326617/?bc=100504696455,パークリュクス中野,東京都中野区新井１,195000.0,10000.0,195000.0,195000.0,6,1LDK,40.37,9,10,中野駅,7,9.00,148250.96,170377.07,314,811,1,0.0784120449051996
https://suumo.jp/chintai/jnc_000105984183/?bc=100497652061,trias154,東京都中野区新井１,649000.0,,1298000.0,649000.0,1,1R,65.04,0,5,中野駅,7,11.33,148250.96,82826.39,314,879,1,0.015121629265392844
https://suumo.jp/chintai/jnc_000107033223/?bc=100505999918,ＪＲ中央線 中野駅 3階建 築40年,東京都中野区中野５,60000.0,,60000.0,60000.0,2,1R,18.0,40,3,中野駅,4,12.00,148250.96,82826.39,314,879,1,0.10292082392579965
https://suumo.jp/chintai/jnc_000105984182/?bc=100497652060,trias154,東京都中野区新井１,363000.0,,726000.0,363000.0,1,1R,42.54,0,5,中野駅,7,11.33,148250.96,82826.39,314,879,1,0.049091386829921535
https://suumo.jp/chintai/jnc_000106912053/?bc=100505054186,ＪＲ総武線 中野駅 2階建 築27年,東京都中野区野方１,128000.0,2000.0,128000.0,128000.0,2,2DK,42.78,27,2,中野駅,12,13.67,148250.96,135945.31,314,128,1,0.012808432268677117
https://suumo.jp/chintai/jnc_000107203792/?bc=100506897428,ＪＲ中央線 中野駅 3階建 築40年,東京都中野区上高田２,67000.0,,67000.0,67000.0,2,1R,20.29,40,3,中野駅,11,12.33,148250.96,82826.39,314,879,1,0.08532719885248785
https://suumo.jp/chintai/jnc_000106696866/?bc=100503345175,ＪＲ中央線 中野駅 10階建 築9年,東京都中野区中野５,142000.0,11000.0,,284000.0,3,1DK,32.02,9,10,中野駅,10,12.00,148250.96,130743.78,314,402,1,0.13234574769740598
https://suumo.jp/chintai/jnc_000104689464/?bc=100483728954,Sea Sound 中野,東京都中野区中野５,70000.0,4000.0,,70000.0,1,1R,10.07,10,2,中野駅,8,14.33,148250.96,82826.39,314,879,1,0.07373703553826977
https://suumo.jp/chintai/jnc_000106818062/?bc=100504464018,Sea Sound 中野,東京都中野区中野５,75000.0,4000.0,,,1,1R,10.07,10,2,中野駅,8,14.33,148250.96,82826.39,314,879,1,0.07253098205155645
https://suumo.jp/chintai/jnc_000106309279/?bc=100500620273,quador中野,東京都中野区中野６,126000.0,10000.0,,63000.0,3,1R,25.9,5,4,中野駅,10,12.67,148250.96,82826.39,314,879,1,0.08200314497410116
https://suumo.jp/chintai/jnc_000106863249/?bc=100504838343,プレール・ドゥーク中野,東京都中野区中野５,101000.0,8000.0,,101000.0,4,1K,26.27,11,9,中野駅,11,13.33,148250.96,98445.68,314,1447,1,0.10825614546993895
https://suumo.jp/chintai/jnc_000105679516/?bc=100495534763,quador中野,東京都中野区中野６,125000.0,10000.0,,62500.0,2,1R,25.22,5,4,中野駅,10,12.67,148250.96,82826.39,314,879,1,0.08488606181877811
https://suumo.jp/chintai/jnc_000107082747/?bc=100506112856,quador中野,東京都中野区中野６,124000.0,10000.0,,62000.0,1,1R,25.31,5,4,中野駅,10,12.67,148250.96,82826.39,314,879,1,0.08310393147615941
https://suumo.jp/chintai/jnc_000105035027/?bc=100491006424,メゾン・ド・プティ,東京都中野区中野６,160000.0,5000.0,160000.0,240000.0,2,1LDK,35.8,3,3,中野駅,11,12.00,148250.96,170377.07,314,811,1,0.09439412117175877
https://suumo.jp/chintai/jnc_000106577014/?bc=100502450545,Plumeria,東京都中野区新井１,115000.0,5000.0,115000.0,115000.0,4,1R,23.77,12,4,中野駅,8,9.67,148250.96,82826.39,314,879,1,0.10110655930279994
https://suumo.jp/chintai/jnc_000105849146/?bc=100496604377,Partire Nakano,東京都中野区新井１,73000.0,4000.0,,73000.0,2,1R,10.1,10,2,中野駅,10,10.67,148250.96,82826.39,314,879,1,0.08759046602453258
https://suumo.jp/chintai/jnc_000106192378/?bc=100495372729,西武新宿線 新井薬師前駅 3階建 築41年,東京都中野区松が丘２,62000.0,3000.0,,,3,1K,15.2,41,3,中野駅 バス4分 (バス停)下田橋,4,9.00,62000.00,98445.68,1,1447,1,0.08645336688435346
https://suumo.jp/chintai/jnc_000106789239/?bc=100504102010,ＪＲ常磐線 亀有駅 2階建 築11年,東京都足立区中川１,49800.0,5000.0,,,1,1R,10.02,11,2,亀有駅,5,14.00,49800.00,82826.39,1,879,1,0.07809950880401006
https://suumo.jp/chintai/jnc_000107039757/?bc=100503273544,ルノン千川,東京都豊島区長崎６,140000.0,5000.0,140000.0,140000.0,2,1LDK,37.25,0,3,千川駅,8,14.00,132333.33,170377.07,18,811,1,0.08819328720484343
https://suumo.jp/chintai/jnc_000107039754/?bc=100504954838,ルノン千川,東京都豊島区長崎６,135000.0,5000.0,135000.0,135000.0,1,1LDK,31.46,0,3,千川駅,8,14.00,132333.33,170377.07,18,811,1,0.08785262967870144
https://suumo.jp/chintai/jnc_000106641087/?bc=100505054666,レガリア千川,東京都豊島区千早４,97000.0,,97000.0,97000.0,4,1R,22.4,13,4,千川駅,5,13.67,132333.33,82826.39,18,879,1,0.10011886909536694
https://suumo.jp/chintai/jnc_000106651116/?bc=100505054539,東京メトロ有楽町線 千川駅 4階建 築13年,東京都豊島区千早４,97000.0,,97000.0,97000.0,4,1R,22.4,13,4,千川駅,5,13.67,132333.33,82826.39,18,879,1,0.10011886909536694
https://suumo.jp/chintai/jnc_000107039755/?bc=100502955592,ルノン千川,東京都豊島区長崎６,137000.0,5000.0,137000.0,137000.0,1,1LDK,31.05,0,3,千川駅,8,14.00,132333.33,170377.07,18,811,1,0.08566859652336217
https://suumo.jp/chintai/jnc_000107021030/?bc=100506126989,東京メトロ有楽町線 千川駅 3階建 築31年,東京都豊島区千早３,178000.0,10000.0,178000.0,,3,3LDK,62.24,31,3,千川駅,7,11.00,132333.33,281205.13,18,156,1,0.030684929302292885
https://suumo.jp/chintai/jnc_000084507575/?bc=100501427228,ファミーユ本多,東京都豊島区千早３,55000.0,,55000.0,55000.0,2,1R,15.0,38,2,千川駅,7,10.33,132333.33,82826.39,18,879,1,0.09703159411380019
https://suumo.jp/chintai/jnc_000106624522/?bc=100502920834,ルノン千川,東京都豊島区長崎６,145000.0,5000.0,145000.0,145000.0,2,1LDK,37.25,0,3,千川駅,8,14.00,132333.33,170377.07,18,811,1,0.08934856393508817
https://suumo.jp/chintai/jnc_000107109046/?bc=100506437586,サンシティー要町,東京都豊島区要町２,153000.0,4000.0,153000.0,153000.0,2,2DK,44.28,33,4,千川駅,5,14.33,132333.33,135945.31,18,128,1,0.03705070613196676
https://suumo.jp/chintai/jnc_000106624520/?bc=100502920833,ルノン千川,東京都豊島区長崎６,140000.0,5000.0,140000.0,140000.0,1,1LDK,31.05,0,3,千川駅,8,14.00,132333.33,170377.07,18,811,1,0.08744254536382234
https://suumo.jp/chintai/jnc_000107039756/?bc=100503378538,ルノン千川,東京都豊島区長崎６,140000.0,5000.0,140000.0,140000.0,2,1LDK,38.91,0,3,千川駅,8,14.00,132333.33,170377.07,18,811,1,0.08814557586471128
https://suumo.jp/chintai/jnc_000106655568/?bc=100506002911,グレイシャス千早,東京都豊島区千早２,158500.0,8700.0,,317000.0,3,1LDK,40.05,4,4,千川駅,6,14.33,132333.33,170377.07,18,811,1,0.09846006143989428
https://suumo.jp/chintai/jnc_000107117231/?bc=100506289786,東京メトロ有楽町線 千川駅 3階建 新築,東京都豊島区長崎６,140000.0,5000.0,140000.0,140000.0,2,1LDK,37.25,0,3,千川駅,8,14.00,132333.33,170377.07,18,811,1,0.08819328720484343
https://suumo.jp/chintai/jnc_000106918020/?bc=100505144126,東京メトロ有楽町線 千川駅 3階建 新築,東京都豊島区長崎６,140000.0,5000.0,140000.0,140000.0,1,1LDK,31.46,0,3,千川駅,8,14.00,132333.33,170377.07,18,811,1,0.08744254536382234
https://suumo.jp/chintai/jnc_000106624523/?bc=100502920825,ルノン千川,東京都豊島区長崎６,157000.0,5000.0,157000.0,157000.0,3,1LDK,48.84,0,3,千川駅,8,14.00,132333.33,170377.07,18,811,1,0.07576593582368896
https://suumo.jp/chintai/jnc_000106624519/?bc=100502920832,ルノン千川,東京都豊島区長崎６,140000.0,5000.0,140000.0,140000.0,1,1LDK,31.46,0,3,千川駅,8,14.00,132333.33,170377.07,18,811,1,0.08744254536382234
https://suumo.jp/chintai/jnc_000106624521/?bc=100502920830,ルノン千川,東京都豊島区長崎６,145000.0,5000.0,145000.0,145000.0,2,1LDK,38.91,0,3,千川駅,8,14.00,132333.33,170377.07,18,811,1,0.08930098006443288
https://suumo.jp/chintai/jnc_000106705505/?bc=100503741078,ＦＯＲＴＩＳ,東京都豊島区千早２,84500.0,15000.0,84500.0,84500.0,4,1K,23.6,24,5,千川駅,6,14.67,132333.33,98445.68,18,1447,1,0.10146674389910426
https://suumo.jp/chintai/jnc_000106342733/?bc=100411792741,パークアクシス新宿百人町,東京都新宿区百人町３,294000.0,18000.0,294000.0,,6,2LDK,52.78,3,7,大久保駅,6,11.00,201341.98,243512.76,81,392,1,0.061165762253447054
https://suumo.jp/chintai/jnc_000106870310/?bc=100428126367,パークアクシス新宿百人町,東京都新宿区百人町３,213000.0,18000.0,213000.0,,7,1LDK,36.03,3,7,大久保駅,6,11.00,201341.98,170377.07,81,811,1,0.05072575413403002
https://suumo.jp/chintai/jnc_000105983616/?bc=100498353733,ＪＲ中央線 大久保駅 7階建 築3年,東京都新宿区百人町３,182000.0,18000.0,182000.0,,3,1LDK,32.19,3,7,大久保駅,6,10.00,201341.98,170377.07,81,811,1,0.0809885554230989
https://suumo.jp/chintai/jnc_000106794372/?bc=100504033233,ＦＩＴ北新宿,東京都新宿区北新宿３,100000.0,5000.0,100000.0,100000.0,1,1R,20.9,3,2,大久保駅,8,12.00,201341.98,82826.39,81,879,1,0.10860294707707363
https://suumo.jp/chintai/jnc_000104783893/?bc=100489391891,ＪＲ中央線 大久保駅 9階建 築26年,東京都新宿区北新宿４,86000.0,9000.0,86000.0,86000.0,2,1K,20.11,26,9,大久保駅,9,12.00,201341.98,98445.68,81,1447,1,0.12843551293083577
https://suumo.jp/chintai/jnc_000105300129/?bc=100501878245,パークアクシス新宿百人町,東京都新宿区百人町３,255000.0,18000.0,255000.0,,6,2LDK,45.03,3,7,大久保駅,6,11.00,201341.98,243512.76,81,392,1,0.06595117167950698
https://suumo.jp/chintai/jnc_000107096484/?bc=100506802837,ＪＲ総武線 東中野駅 10階建 築20年,東京都新宿区北新宿４,91000.0,8000.0,,91000.0,6,1K,20.44,20,10,大久保駅,9,10.33,201341.98,98445.68,81,1447,1,0.10863373167163576
https://suumo.jp/chintai/jnc_000106342727/?bc=100502406819,パークアクシス新宿百人町,東京都新宿区百人町３,158000.0,15000.0,158000.0,,1,1DK,28.27,3,7,大久保駅,6,11.00,201341.98,130743.78,81,402,1,0.14550988262949566
https://suumo.jp/chintai/jnc_000106360998/?bc=100500933568,ＪＲ中央線 大久保駅 7階建 築3年,東京都新宿区百人町３,294000.0,18000.0,294000.0,,6,2LDK,52.78,3,7,大久保駅,6,10.00,201341.98,243512.76,81,392,1,0.062449792151412886
https://suumo.jp/chintai/jnc_000106870304/?bc=100505066763,パークアクシス新宿百人町,東京都新宿区百人町３,209000.0,18000.0,209000.0,,3,1LDK,36.03,3,7,大久保駅,6,11.00,201341.98,170377.07,81,811,1,0.07831137307870573
https://suumo.jp/chintai/jnc_000096808379/?bc=100501096560,ＪＲ中央線 大久保駅 7階建 築3年,東京都新宿区百人町３,247000.0,18000.0,247000.0,,7,2LDK,44.54,3,7,大久保駅,6,10.00,201341.98,243512.76,81,392,1,0.06379857939023481
https://suumo.jp/chintai/jnc_000106342731/?bc=100502480848,パークアクシス新宿百人町,東京都新宿区百人町３,176000.0,15000.0,176000.0,,5,1LDK,30.38,3,7,大久保駅,6,11.00,201341.98,170377.07,81,811,1,0.09359183113246916
https://suumo.jp/chintai/jnc_000106335598/?bc=100382056976,パークアクシス新宿百人町,東京都新宿区百人町３,150000.0,15000.0,150000.0,,1,1DK,27.67,3,7,大久保駅,6,11.00,201341.98,130743.78,81,402,1,0.14520333706156435
https://suumo.jp/chintai/jnc_000059146906/?bc=100480344940,泉荘,東京都新宿区北新宿４,53700.0,,53700.0,107400.0,2,1K,17.82,69,2,大久保駅,10,10.00,201341.98,98445.68,81,1447,1,0.07214684463488807
https://suumo.jp/chintai/jnc_000106361000/?bc=100501482278,ＪＲ中央線 大久保駅 7階建 築3年,東京都新宿区百人町３,188000.0,15000.0,188000.0,,6,1DK,31.85,3,7,大久保駅,6,10.00,201341.98,130743.78,81,402,1,0.12290165613050741
https://suumo.jp/chintai/jnc_000106360997/?bc=100501482260,ＪＲ中央線 大久保駅 7階建 築3年,東京都新宿区百人町３,210000.0,15000.0,210000.0,,5,1DK,30.21,3,7,大久保駅,6,10.00,201341.98,130743.78,81,402,1,0.13261156999870033
https://suumo.jp/chintai/jnc_000106342734/?bc=100385486513,パークアクシス新宿百人町,東京都新宿区百人町３,254000.0,18000.0,254000.0,,6,2LDK,44.54,3,7,大久保駅,6,11.00,201341.98,243512.76,81,392,1,0.06625868288396508
https://suumo.jp/chintai/jnc_000105972215/?bc=100497767402,パークアクシス新宿百人町,東京都新宿区百人町３,248000.0,18000.0,248000.0,,7,1LDK,42.35,3,7,大久保駅,6,11.00,201341.98,170377.07,81,811,1,0.04109127137076152
https://suumo.jp/chintai/jnc_000106339844/?bc=100500783286,パークアクシス新宿百人町,東京都新宿区百人町３,187000.0,15000.0,187000.0,,7,1DK,30.21,3,7,大久保駅,6,11.00,201341.98,130743.78,81,402,1,0.12216780430662011
https://suumo.jp/chintai/jnc_000106381563/?bc=100505759943,朝日プラザ北新宿,東京都新宿区北新宿４,93000.0,8000.0,93000.0,93000.0,2,1R,22.88,40,7,大久保駅,12,13.33,201341.98,82826.39,81,879,1,0.05089668637702682
https://suumo.jp/chintai/jnc_000106939188/?bc=100502834677,ＪＲ総武線 大久保駅 2階建 築64年,東京都新宿区北新宿３,82000.0,5000.0,,82000.0,2,1K,23.18,64,2,大久保駅,7,10.67,201341.98,98445.68,81,1447,1,0.09761751911655836
https://suumo.jp/chintai/jnc_000106096854/?bc=100498964023,ＪＲ中央線 大久保駅 5階建 築49年,東京都新宿区北新宿４,120000.0,,,,3,1K,33.04,49,5,大久保駅,6,10.67,201341.98,98445.68,81,1447,1,0.11956196094505767
https://suumo.jp/chintai/jnc_000106761445/?bc=100503778780,ＪＲ中央線 大久保駅 5階建 築49年,東京都新宿区北新宿４,70000.0,9000.0,,,1,1DK,28.12,49,5,大久保駅,6,10.67,201341.98,130743.78,81,402,1,0.12426637182234618
https://suumo.jp/chintai/jnc_000106655068/?bc=100503085432,Pont du Gard,東京都新宿区北新宿３,84000.0,8000.0,,,1,1R,13.39,6,3,大久保駅,5,9.67,201341.98,82826.39,81,879,1,0.10847383546806838
https://suumo.jp/chintai/jnc_000106335599/?bc=100356317262,パークアクシス新宿百人町,東京都新宿区百人町３,368000.0,18000.0,368000.0,,5,2LDK,60.08,3,7,大久保駅,6,11.00,201341.98,243512.76,81,392,1,0.028832374981982767
https://suumo.jp/chintai/jnc_000105983617/?bc=100498353721,ＪＲ中央線 大久保駅 7階建 築3年,東京都新宿区百人町３,162000.0,15000.0,162000.0,,3,1DK,26.97,3,7,大久保駅,6,10.00,201341.98,130743.78,81,402,1,0.1471462529361433
https://suumo.jp/chintai/jnc_000107137682/?bc=100407566142,パークアクシス新宿百人町,東京都新宿区百人町３,257000.0,18000.0,257000.0,,3,2LDK,47.53,3,7,大久保駅,6,11.00,201341.98,243512.76,81,392,1,0.08178845452929717
https://suumo.jp/chintai/jnc_000104548540/?bc=100486425956,フォーマット北新宿,東京都新宿区北新宿４,300000.0,,300000.0,300000.0,3,3LDK,89.63,34,6,大久保駅,10,11.67,201341.98,281205.13,81,156,-1,-0.02025223810852217
https://suumo.jp/chintai/jnc_000106876622/?bc=100504614863,ＪＲ中央線 大久保駅 7階建 築3年,東京都新宿区百人町３,210000.0,18000.0,210000.0,,5,1LDK,36.03,3,7,大久保駅,6,10.00,201341.98,170377.07,81,811,1,0.06302178186338148
https://suumo.jp/chintai/jnc_000107091723/?bc=100485653141,パークアクシス新宿百人町,東京都新宿区百人町３,165000.0,15000.0,165000.0,,2,1DK,28.27,3,7,大久保駅,6,11.00,201341.98,130743.78,81,402,1,0.14890430940532856
https://suumo.jp/chintai/jnc_000106360994/?bc=100500933543,ＪＲ中央線 大久保駅 7階建 築3年,東京都新宿区百人町３,275000.0,18000.0,275000.0,,3,2LDK,50.47,3,7,大久保駅,6,10.00,201341.98,243512.76,81,392,1,0.07835686601569603
https://suumo.jp/chintai/jnc_000106876591/?bc=100505199981,ＪＲ中央線 大久保駅 24階建 築19年,東京都新宿区北新宿３,220000.0,15000.0,220000.0,220000.0,12,1LDK,48.96,19,24,大久保駅,3,8.33,201341.98,170377.07,81,811,-1,-0.03982326065303876
https://suumo.jp/chintai/jnc_000107137684/?bc=100492654371,パークアクシス新宿百人町,東京都新宿区百人町３,240000.0,18000.0,240000.0,,6,2LDK,44.54,3,7,大久保駅,6,11.00,201341.98,243512.76,81,392,1,0.06609597070622769
https://suumo.jp/chintai/jnc_000105983620/?bc=100498353765,ＪＲ中央線 大久保駅 7階建 築3年,東京都新宿区百人町３,166000.0,15000.0,166000.0,,5,1DK,28.17,3,7,大久保駅,6,10.00,201341.98,130743.78,81,402,1,0.14014894435847164
https://suumo.jp/chintai/jnc_000105983623/?bc=100498353731,ＪＲ中央線 大久保駅 7階建 築3年,東京都新宿区百人町３,166000.0,15000.0,166000.0,,7,1DK,26.1,3,7,大久保駅,6,10.00,201341.98,130743.78,81,402,1,0.12358110885313756
https://suumo.jp/chintai/jnc_000105300119/?bc=100506512874,パークアクシス新宿百人町,東京都新宿区百人町３,336000.0,18000.0,336000.0,,4,2LDK,60.08,3,7,大久保駅,6,11.00,201341.98,243512.76,81,392,1,0.044882677130248017
https://suumo.jp/chintai/jnc_000106924744/?bc=100501811545,ＫＡＺＵ新宿,東京都新宿区北新宿３,82000.0,5000.0,,82000.0,2,1K,23.18,64,2,大久保駅,7,12.00,201341.98,98445.68,81,1447,1,0.0902654839496172
https://suumo.jp/chintai/jnc_000106354056/?bc=100501482283,ＪＲ中央線 大久保駅 7階建 築3年,東京都新宿区百人町３,150000.0,15000.0,150000.0,,1,1DK,27.67,3,7,大久保駅,6,10.00,201341.98,130743.78,81,402,1,0.1430052592221127
https://suumo.jp/chintai/jnc_000105300124/?bc=100505066703,パークアクシス新宿百人町,東京都新宿区百人町３,292000.0,18000.0,292000.0,,5,2LDK,52.78,3,7,大久保駅,6,11.00,201341.98,243512.76,81,392,1,0.06902733958610657
https://suumo.jp/chintai/jnc_000106870306/?bc=100471936928,パークアクシス新宿百人町,東京都新宿区百人町３,370000.0,18000.0,370000.0,,5,2LDK,60.08,3,7,大久保駅,6,11.00,201341.98,243512.76,81,392,1,0.028832374981982767
https://suumo.jp/chintai/jnc_000105300118/?bc=100389672104,パークアクシス新宿百人町,東京都新宿区百人町３,193000.0,18000.0,193000.0,,4,1LDK,34.22,3,7,大久保駅,6,11.00,201341.98,170377.07,81,811,1,0.07988616500962165
https://suumo.jp/chintai/jnc_000106903619/?bc=100505260551,いづみニッテイハイツ北新宿,東京都新宿区北新宿４,66000.0,,66000.0,66000.0,4,1R,19.88,42,8,大久保駅,7,10.67,201341.98,82826.39,81,879,1,0.0825295278682141
https://suumo.jp/chintai/jnc_000107137632/?bc=100506742123,いづみニッテイハイツ北新宿,東京都新宿区北新宿４,87000.0,3000.0,87000.0,87000.0,3,1R,21.3,42,8,大久保駅,7,10.67,201341.98,82826.39,81,879,1,0.07441000773527234
https://suumo.jp/chintai/jnc_000105817584/?bc=100496337509,アローヘッドビル,東京都新宿区百人町３,88000.0,5000.0,88000.0,88000.0,1,1K,23.05,22,5,大久保駅,7,9.67,201341.98,98445.68,81,1447,1,0.1465630479290811
https://suumo.jp/chintai/jnc_000105300111/?bc=100424555139,パークアクシス新宿百人町,東京都新宿区百人町３,249000.0,18000.0,249000.0,,1,2LDK,45.03,3,7,大久保駅,6,11.00,201341.98,243512.76,81,392,1,0.07316187838112165
https://suumo.jp/chintai/jnc_000106870308/?bc=100504825074,パークアクシス新宿百人町,東京都新宿区百人町３,245000.0,18000.0,245000.0,,6,1LDK,41.9,3,7,大久保駅,6,11.00,201341.98,170377.07,81,811,1,0.04616851994970894
https://suumo.jp/chintai/jnc_000106342732/?bc=100500848647,パークアクシス新宿百人町,東京都新宿区百人町３,195000.0,18000.0,195000.0,,6,1LDK,34.22,3,7,大久保駅,6,11.00,201341.98,170377.07,81,811,1,0.06072744118877488
https://suumo.jp/chintai/jnc_000106342729/?bc=100502419086,パークアクシス新宿百人町,東京都新宿区百人町３,275000.0,18000.0,275000.0,,3,2LDK,50.47,3,7,大久保駅,6,11.00,201341.98,243512.76,81,392,1,0.07720021396790272
https://suumo.jp/chintai/jnc_000088634842/?bc=100503475957,ＪＲ中央線 大久保駅 7階建 築3年,東京都新宿区百人町３,222000.0,18000.0,222000.0,,1,1LDK,42.14,3,7,大久保駅,6,10.00,201341.98,170377.07,81,811,1,0.0681346096398654
https://suumo.jp/chintai/jnc_000105972216/?bc=100497827042,パークアクシス新宿百人町,東京都新宿区百人町３,197000.0,18000.0,197000.0,,7,1LDK,34.43,3,7,大久保駅,6,11.00,201341.98,170377.07,81,811,1,0.05438128675433446
https://suumo.jp/chintai/jnc_000105357759/?bc=100502958208,ＪＲ中央線 大久保駅 7階建 築3年,東京都新宿区百人町３,197000.0,18000.0,197000.0,,7,1LDK,34.43,3,7,大久保駅,6,10.00,201341.98,170377.07,81,811,1,0.05068908931123978
https://suumo.jp/chintai/jnc_000088317460/?bc=100492621613,パークアクシス新宿百人町,東京都新宿区百人町３,294000.0,18000.0,294000.0,,5,2LDK,52.78,3,7,大久保駅,6,11.00,201341.98,243512.76,81,392,1,0.06902733958610657
https://suumo.jp/chintai/jnc_000107137683/?bc=100492627737,パークアクシス新宿百人町,東京都新宿区百人町３,238000.0,18000.0,238000.0,,4,2LDK,44.54,3,7,大久保駅,6,11.00,201341.98,243512.76,81,392,1,0.07886150059059432
https://suumo.jp/chintai/jnc_000105972211/?bc=100497946100,パークアクシス新宿百人町,東京都新宿区百人町３,162000.0,15000.0,162000.0,,3,1DK,26.97,3,7,大久保駅,6,11.00,201341.98,130743.78,81,402,1,0.14821750587303806
https://suumo.jp/chintai/jnc_000104590209/?bc=100506115727,ベルコーポ,東京都新宿区百人町３,140000.0,,,,4,1K,24.17,27,4,大久保駅,10,12.67,201341.98,98445.68,81,1447,1,0.1181444343019456
https://suumo.jp/chintai/jnc_000106342735/?bc=100500871793,パークアクシス新宿百人町,東京都新宿区百人町３,188000.0,15000.0,188000.0,,6,1DK,31.85,3,7,大久保駅,6,11.00,201341.98,130743.78,81,402,1,0.12568264721255618
https://suumo.jp/chintai/jnc_000106870303/?bc=100505066757,パークアクシス新宿百人町,東京都新宿区百人町３,176000.0,15000.0,176000.0,,3,1DK,28.27,3,7,大久保駅,6,11.00,201341.98,130743.78,81,402,1,0.14842571327589538
https://suumo.jp/chintai/jnc_000088256864/?bc=100504990031,パークアクシス新宿百人町,東京都新宿区百人町３,202000.0,18000.0,202000.0,,7,1LDK,36.03,3,7,大久保駅,6,11.00,201341.98,170377.07,81,811,1,0.054867549639250224
https://suumo.jp/chintai/jnc_000105317956/?bc=100502131484,ＪＲ中央線 大久保駅 7階建 築3年,東京都新宿区百人町３,151000.0,15000.0,151000.0,,5,1DK,26.1,3,7,大久保駅,6,10.00,201341.98,130743.78,81,402,1,0.14131498034674794
https://suumo.jp/chintai/jnc_000106360996/?bc=100501482263,ＪＲ中央線 大久保駅 7階建 築3年,東京都新宿区百人町３,368000.0,18000.0,368000.0,,5,2LDK,60.08,3,7,大久保駅,6,10.00,201341.98,243512.76,81,392,1,0.031274925895374006
https://suumo.jp/chintai/jnc_000106342736/?bc=100501523272,ＪＲ中央線 大久保駅 7階建 築3年,東京都新宿区百人町３,167000.0,15000.0,167000.0,,6,1DK,28.17,3,7,大久保駅,6,10.00,201341.98,130743.78,81,402,1,0.12898710751146336
https://suumo.jp/chintai/jnc_000106862551/?bc=100504991054,パークアクシス新宿百人町,東京都新宿区百人町３,270000.0,18000.0,270000.0,,7,2LDK,44.54,3,7,大久保駅,6,11.00,201341.98,243512.76,81,392,1,0.05562098938437471
https://suumo.jp/chintai/jnc_000096800773/?bc=100425589489,パークアクシス新宿百人町,東京都新宿区百人町３,247000.0,18000.0,247000.0,,7,2LDK,44.54,3,7,大久保駅,6,11.00,201341.98,243512.76,81,392,1,0.06189803427584262
https://suumo.jp/chintai/jnc_000106870300/?bc=100505066741,パークアクシス新宿百人町,東京都新宿区百人町３,330000.0,18000.0,330000.0,,1,2LDK,60.08,3,7,大久保駅,6,11.00,201341.98,243512.76,81,392,1,0.04226357696502098
https://suumo.jp/chintai/jnc_000105972207/?bc=100497767407,パークアクシス新宿百人町,東京都新宿区百人町３,274000.0,18000.0,274000.0,,2,2LDK,50.47,3,7,大久保駅,6,11.00,201341.98,243512.76,81,392,1,0.07495278234670816
https://suumo.jp/chintai/jnc_000105328530/?bc=100499522819,ＪＲ中央線 大久保駅 7階建 築3年,東京都新宿区百人町３,249000.0,18000.0,249000.0,,1,2LDK,45.03,3,7,大久保駅,6,10.00,201341.98,243512.76,81,392,1,0.07523398654709235
https://suumo.jp/chintai/jnc_000106870301/?bc=100505066762,パークアクシス新宿百人町,東京都新宿区百人町３,333000.0,18000.0,333000.0,,2,2LDK,60.76,3,7,大久保駅,6,11.00,201341.98,243512.76,81,392,1,0.04812875758641166
https://suumo.jp/chintai/jnc_000106870302/?bc=100504614806,パークアクシス新宿百人町,東京都新宿区百人町３,160000.0,15000.0,160000.0,,2,1DK,26.97,3,7,大久保駅,6,11.00,201341.98,130743.78,81,402,1,0.14722224555278968
https://suumo.jp/chintai/jnc_000106870309/?bc=100504898760,パークアクシス新宿百人町,東京都新宿区百人町３,166000.0,15000.0,166000.0,,6,1DK,26.1,3,7,大久保駅,6,11.00,201341.98,130743.78,81,402,1,0.13013579221681348
https://suumo.jp/chintai/jnc_000106361001/?bc=100501482267,ＪＲ中央線 大久保駅 7階建 築3年,東京都新宿区百人町３,187000.0,15000.0,187000.0,,7,1DK,30.21,3,7,大久保駅,6,10.00,201341.98,130743.78,81,402,1,0.11910601110634789
https://suumo.jp/chintai/jnc_000106361002/?bc=100501523280,ＪＲ中央線 大久保駅 7階建 築3年,東京都新宿区百人町３,173000.0,15000.0,173000.0,,7,1DK,26.97,3,7,大久保駅,6,10.00,201341.98,130743.78,81,402,1,0.12123931142491157
https://suumo.jp/chintai/jnc_000106335600/?bc=100431407936,パークアクシス新宿百人町,東京都新宿区百人町３,210000.0,15000.0,210000.0,,5,1DK,30.21,3,7,大久保駅,6,11.00,201341.98,130743.78,81,402,1,0.13516968898455062
https://suumo.jp/chintai/jnc_000106034208/?bc=100498240846,ＪＲ中央線 大久保駅 8階建 築9年,東京都新宿区北新宿４,145000.0,10000.0,,145000.0,3,1K,25.41,9,8,大久保駅,7,11.67,201341.98,98445.68,81,1447,1,0.13433066777456404
https://suumo.jp/chintai/jnc_000106870305/?bc=100504825618,パークアクシス新宿百人町,東京都新宿区百人町３,311000.0,18000.0,311000.0,,4,2LDK,52.78,3,7,大久保駅,6,11.00,201341.98,243512.76,81,392,1,0.069229367292027
https://suumo.jp/chintai/jnc_000107137681/?bc=100497767412,パークアクシス新宿百人町,東京都新宿区百人町３,235000.0,18000.0,235000.0,,3,1LDK,42.35,3,7,大久保駅,6,11.00,201341.98,170377.07,81,811,1,0.0730758380658384
https://suumo.jp/chintai/jnc_000088628278/?bc=100506220792,パークアクシス新宿百人町,東京都新宿区百人町３,222000.0,18000.0,222000.0,,1,1LDK,42.14,3,7,大久保駅,6,11.00,201341.98,170377.07,81,811,1,0.06888805152175242
https://suumo.jp/chintai/jnc_000106745052/?bc=100504181953,ＪＲ中央線 大久保駅 8階建 築9年,東京都新宿区北新宿４,145000.0,15000.0,145000.0,145000.0,4,1K,25.28,9,8,大久保駅,7,11.67,201341.98,98445.68,81,1447,1,0.12427234470168269
https://suumo.jp/chintai/jnc_000106339845/?bc=100500762199,パークアクシス新宿百人町,東京都新宿区百人町３,173000.0,15000.0,173000.0,,7,1DK,26.97,3,7,大久保駅,6,11.00,201341.98,130743.78,81,402,1,0.12196329561436159
https://suumo.jp/chintai/jnc_000107182821/?bc=100506731687,ＪＲ中央線 大久保駅 8階建 築9年,東京都新宿区北新宿４,146000.0,15000.0,146000.0,146000.0,8,1K,25.28,9,8,大久保駅,7,11.67,201341.98,98445.68,81,1447,1,0.0955173862337953
https://suumo.jp/chintai/jnc_000105887396/?bc=100503883065,ＪＲ中央線 大久保駅 地下1地上5階建 築48年,東京都新宿区北新宿３,175000.0,5000.0,,175000.0,1,2DK,41.25,48,6,大久保駅,7,12.00,201341.98,135945.31,81,128,1,0.04295294031473168
https://suumo.jp/chintai/jnc_000106360999/?bc=100501523282,ＪＲ中央線 大久保駅 7階建 築3年,東京都新宿区百人町３,254000.0,18000.0,254000.0,,6,2LDK,44.54,3,7,大久保駅,6,10.00,201341.98,243512.76,81,392,1,0.06814116082632687
https://suumo.jp/chintai/jnc_000106102375/?bc=100498844215,ツインビレッジ有波Ｂ,東京都中野区松が丘１,66000.0,2000.0,66000.0,66000.0,2,1K,19.8,33,2,新井薬師前駅,2,13.33,124976.91,98445.68,524,1447,1,0.08472129147326096
https://suumo.jp/chintai/jnc_000092016121/?bc=100499277718,上高田4丁目団地1号棟,東京都中野区上高田４,100000.0,8000.0,100000.0,100000.0,5,2DK,50.6,56,11,新井薬師前駅,9,13.33,124976.91,135945.31,524,128,-1,-0.006558912262479288
https://suumo.jp/chintai/jnc_000086846347/?bc=100455016049,鈴木ハイツ,東京都中野区上高田５,55000.0,2000.0,55000.0,55000.0,1,1K,18.0,59,2,新井薬師前駅,2,12.67,124976.91,98445.68,524,1447,1,0.041161614024190774
https://suumo.jp/chintai/jnc_000106467376/?bc=100501916960,ＪＲ中央線 中野駅 5階建 築1年,東京都中野区上高田２,228000.0,15000.0,,,2,2DK,44.73,1,5,新井薬師前駅,10,12.67,124976.91,135945.31,524,128,1,0.03318458640752481
https://suumo.jp/chintai/jnc_000107096827/?bc=100506843872,ＪＲ中央線 中野駅 4階建 築38年,東京都中野区新井１,130000.0,10000.0,130000.0,130000.0,3,2DK,43.52,38,4,新井薬師前駅,7,10.33,124976.91,135945.31,524,128,1,0.05943508886681975
https://suumo.jp/chintai/jnc_000106582770/?bc=100505685231,ウェンゲン上高田,東京都中野区上高田５,116000.0,4000.0,116000.0,116000.0,2,2DK,37.51,26,3,新井薬師前駅,7,10.67,124976.91,135945.31,524,128,1,0.07129985272422806
https://suumo.jp/chintai/jnc_000106916017/?bc=100504952642,ウェンゲン上高田,東京都中野区上高田５,112000.0,3000.0,112000.0,112000.0,1,2DK,37.51,26,3,新井薬師前駅,7,10.67,124976.91,135945.31,524,128,1,0.05419783912510601
https://suumo.jp/chintai/jnc_000106916017/?bc=100504952642,ウェンゲン上高田,東京都中野区上高田５,112000.0,3000.0,112000.0,112000.0,2,2DK,37.51,26,3,新井薬師前駅,7,10.67,124976.91,135945.31,524,128,1,0.056732252256355586
https://suumo.jp/chintai/jnc_000091186618/?bc=100505290276,ＭＦマンション,東京都中野区新井５,96000.0,2000.0,96000.0,,3,1DK,36.82,34,3,新井薬師前駅,5,9.33,124976.91,130743.78,524,402,1,0.12024772503540648
https://suumo.jp/chintai/jnc_000106221397/?bc=100502835709,ＪＲ中央線 中野駅 3階建 築29年,東京都中野区上高田２,145000.0,5000.0,145000.0,145000.0,2,2DK,40.0,29,3,新井薬師前駅,7,11.00,124976.91,135945.31,524,128,1,0.06677090615235842
https://suumo.jp/chintai/jnc_000106950517/?bc=100505413183,メゾン・フジ,東京都中野区上高田５,95000.0,,95000.0,95000.0,2,2DK,35.0,45,2,新井薬師前駅,4,15.00,124976.91,135945.31,524,128,1,0.02709545562666954
https://suumo.jp/chintai/jnc_000106221396/?bc=100472207823,Alivis中野,東京都中野区上高田２,218000.0,15000.0,,218000.0,3,2DK,42.75,0,5,新井薬師前駅,10,13.00,124976.91,135945.31,524,128,1,0.03224143107401012
https://suumo.jp/chintai/jnc_000049778451/?bc=100498914666,石沢ビル,東京都中野区松が丘２,100000.0,5000.0,100000.0,100000.0,2,2DK,32.0,45,3,新井薬師前駅,5,7.00,124976.91,135945.31,524,128,1,0.062195396719766205
https://suumo.jp/chintai/jnc_000101699152/?bc=100502709841,Stellar上高田,東京都中野区上高田５,168000.0,5000.0,,,3,1DK,35.56,0,4,新井薬師前駅,3,3.00,124976.91,130743.78,524,402,1,0.09366365685607775
https://suumo.jp/chintai/jnc_000106183521/?bc=100469304253,Ｂｒａｎｃｈｅ中野哲学堂,東京都中野区松が丘１,188000.0,7000.0,,,3,2DK,50.45,13,5,新井薬師前駅,9,11.67,124976.91,135945.31,524,128,1,0.052854367831752846
https://suumo.jp/chintai/jnc_000106221434/?bc=100499823231,TRINITE  Bleu,東京都中野区松が丘２,105000.0,5000.0,,,3,1K,33.57,29,3,新井薬師前駅,9,16.67,124976.91,98445.68,524,1447,1,0.09000695066114378
https://suumo.jp/chintai/jnc_000106260799/?bc=100475977550,Alivis中野,東京都中野区上高田２,228000.0,15000.0,,228000.0,2,2DK,44.73,0,5,新井薬師前駅,10,13.00,124976.91,135945.31,524,128,1,0.030417301192688095
https://suumo.jp/chintai/jnc_000100545721/?bc=100456050706,ラティエラ中野新井,東京都中野区新井１,235000.0,15000.0,235000.0,,2,1SLDK,43.28,0,8,新井薬師前駅,9,11.00,124976.91,231590.91,524,33,1,0.05420438676088518
https://suumo.jp/chintai/jnc_000100545730/?bc=100454412098,ラティエラ中野新井,東京都中野区新井１,237000.0,15000.0,237000.0,,3,1SLDK,43.5,0,8,新井薬師前駅,9,11.00,124976.91,231590.91,524,33,1,0.05480801925795831
https://suumo.jp/chintai/jnc_000102971524/?bc=100501277651,Alivis中野,東京都中野区上高田２,212500.0,15000.0,,212500.0,1,1SLDK,44.73,0,5,新井薬師前駅,10,13.00,124976.91,231590.91,524,33,1,0.0387186563362204
https://suumo.jp/chintai/jnc_000107162409/?bc=100506853881,グランヴェル中野,東京都中野区上高田２,65000.0,5000.0,,,2,1DK,20.62,39,3,新井薬師前駅,5,13.00,124976.91,130743.78,524,402,1,0.1291537219598738
https://suumo.jp/chintai/jnc_000043048516/?bc=100473970687,西武新宿線 新井薬師前駅 2階建 築46年,東京都中野区松が丘１,54000.0,1000.0,54000.0,54000.0,2,1DK,22.0,46,2,新井薬師前駅,5,12.00,124976.91,130743.78,524,402,1,0.09554220138731012
https://suumo.jp/chintai/jnc_000105962079/?bc=100497653302,アジュール新井薬師,東京都中野区松が丘１,65000.0,2000.0,65000.0,65000.0,2,1K,17.0,24,2,新井薬師前駅,6,11.33,124976.91,98445.68,524,1447,1,0.10660780278307458
https://suumo.jp/chintai/jnc_000106659203/?bc=100503096239,アトレ中野,東京都中野区新井１,93000.0,3000.0,,,1,1K,21.28,12,3,新井薬師前駅,10,12.67,124976.91,98445.68,524,1447,1,0.11783442369652086
https://suumo.jp/chintai/jnc_000104034686/?bc=100482360340,アプリコットハウス上高田,東京都中野区上高田４,84000.0,5000.0,84000.0,,1,1K,15.56,0,4,新井薬師前駅,7,11.33,124976.91,98445.68,524,1447,1,0.12604492686787971
https://suumo.jp/chintai/jnc_000100545718/?bc=100454507305,ラティエラ中野新井,東京都中野区新井１,238000.0,15000.0,238000.0,238000.0,1,1SLDK,43.5,0,8,新井薬師前駅,9,11.00,124976.91,231590.91,524,33,1,0.050682548882424794
https://suumo.jp/chintai/jnc_000089451040/?bc=100506424612,アマビーレ新井薬師,東京都中野区上高田３,63000.0,3000.0,63000.0,63000.0,2,1K,13.5,11,2,新井薬師前駅,4,9.50,124976.91,98445.68,524,1447,1,0.0984278988086868
https://suumo.jp/chintai/jnc_000106268327/?bc=100500204607,アミューズ上高田,東京都中野区上高田２,56000.0,3000.0,56000.0,56000.0,1,1K,14.0,39,2,新井薬師前駅,7,12.67,124976.91,98445.68,524,1447,1,0.08927010999861684
https://suumo.jp/chintai/jnc_000102563657/?bc=100471039853,ラティエラ中野新井,東京都中野区新井１,290000.0,20000.0,290000.0,290000.0,1,1SLDK,50.8,0,8,新井薬師前駅,9,11.00,124976.91,231590.91,524,33,1,0.0211498610799985
https://suumo.jp/chintai/jnc_000087677431/?bc=100405715016,鶴岡荘,東京都中野区上高田１,27000.0,3000.0,27000.0,27000.0,2,1R,12.96,47,2,新井薬師前駅,13,14.67,124976.91,82826.39,524,879,1,0.008299032063112
https://suumo.jp/chintai/jnc_000107096832/?bc=100506236573,Ｖｉｌｌａｇｅ・Ｐｌａｎｃｈｅ,東京都中野区上高田４,95000.0,5000.0,47500.0,95000.0,-1,1K,28.6,5,4,新井薬師前駅,4,11.33,124976.91,98445.68,524,1447,1,0.1132400694945479
https://suumo.jp/chintai/jnc_000106828124/?bc=100504578235,中野新井薬師レジデンス,東京都中野区上高田１,126000.0,9000.0,,126000.0,1,1DK,25.83,3,7,新井薬師前駅,7,11.00,124976.91,130743.78,524,402,1,0.15184667145310066
https://suumo.jp/chintai/jnc_000107189122/?bc=100506776631,ルナリアウエスト上高田,東京都中野区上高田１,260000.0,12000.0,,520000.0,1,2LDK,70.35,0,3,新井薬師前駅,12,14.00,124976.91,243512.76,524,392,1,0.008768395264965645
https://suumo.jp/chintai/jnc_000083225489/?bc=100492982668,鶴岡荘,東京都中野区上高田１,27000.0,3000.0,27000.0,27000.0,2,1R,10.0,47,2,新井薬師前駅,13,15.67,124976.91,82826.39,524,879,-1,-0.011535269593842212
https://suumo.jp/chintai/jnc_000106651034/?bc=100503041711,ＪＲ中央線 中野駅 8階建 築6年,東京都中野区新井１,164500.0,5800.0,164500.0,164500.0,2,1LDK,43.93,6,8,新井薬師前駅,9,10.67,124976.91,170377.07,524,811,1,0.10240809875228452
https://suumo.jp/chintai/jnc_000106241033/?bc=100502776902,パティーナ中野,東京都中野区新井４,122000.0,10000.0,,,1,1DK,29.0,3,4,新井薬師前駅,6,9.33,124976.91,130743.78,524,402,1,0.1468975857679461
https://suumo.jp/chintai/jnc_000105779288/?bc=100505170926,西武新宿線 新井薬師前駅 6階建 築4年,東京都中野区上高田１,108000.0,13000.0,108000.0,108000.0,4,1DK,25.5,4,6,新井薬師前駅,9,12.33,124976.91,130743.78,524,402,1,0.14220213933914577
https://suumo.jp/chintai/jnc_000107221877/?bc=100506954315,西武新宿線 新井薬師前駅 5階建 築13年,東京都中野区松が丘１,160000.0,5000.0,,,4,1LDK,48.24,13,5,新井薬師前駅,9,11.67,124976.91,170377.07,524,811,1,0.09797220363545389
https://suumo.jp/chintai/jnc_000106939547/?bc=100505166994,GRAND HILL,東京都中野区上高田２,105000.0,10000.0,105000.0,105000.0,2,1K,28.31,3,5,新井薬師前駅,4,10.67,124976.91,98445.68,524,1447,1,0.13108709716248668
https://suumo.jp/chintai/jnc_000099363898/?bc=100443606825,ウエダハイム,東京都中野区新井５,45000.0,,45000.0,45000.0,1,1K,16.5,55,2,新井薬師前駅,3,9.33,124976.91,98445.68,524,1447,1,0.07399818573136696
https://suumo.jp/chintai/jnc_000099363899/?bc=100443606818,ウエダハイム,東京都中野区新井５,45000.0,,45000.0,45000.0,2,1K,14.6,55,2,新井薬師前駅,3,9.33,124976.91,98445.68,524,1447,1,0.06568218731598346
https://suumo.jp/chintai/jnc_000100104369/?bc=100433082007,上高田戸建,東京都中野区上高田２,350000.0,,700000.0,350000.0,1,3LDK,114.1,5,2,新井薬師前駅,7,11.67,124976.91,281205.13,524,156,-1,-0.04112192583735863
https://suumo.jp/chintai/jnc_000100104369/?bc=100433082007,上高田戸建,東京都中野区上高田２,350000.0,,700000.0,350000.0,2,3LDK,114.1,5,2,新井薬師前駅,7,11.67,124976.91,281205.13,524,156,-1,-0.03496296637003504
https://suumo.jp/chintai/jnc_000049274284/?bc=100470769867,赤羽根荘,東京都中野区上高田５,29000.0,,29000.0,29000.0,2,1R,9.72,67,2,新井薬師前駅,7,12.00,124976.91,82826.39,524,879,1,0.014511888883091073
https://suumo.jp/chintai/jnc_000106807918/?bc=100504964163,西武新宿線 新井薬師前駅 9階建 築10年,東京都中野区上高田３,122000.0,12000.0,,,8,1R,25.41,10,9,新井薬師前駅,8,10.00,124976.91,82826.39,524,879,1,0.05116706051765085
https://suumo.jp/chintai/jnc_000106604903/?bc=100502796822,西武新宿線 新井薬師前駅 7階建 築22年,東京都中野区新井１,85000.0,8000.0,85000.0,85000.0,3,1R,24.25,22,7,新井薬師前駅,8,10.33,124976.91,82826.39,524,879,1,0.09493025272939698
https://suumo.jp/chintai/jnc_000104280466/?bc=100477094134,西武新宿線 新井薬師前駅 5階建 築9年,東京都中野区上高田３,97000.0,7000.0,,,3,1R,23.8,9,5,新井薬師前駅,5,13.67,124976.91,82826.39,524,879,1,0.10196469564860272
https://suumo.jp/chintai/jnc_000106102350/?bc=100497462042,西武新宿線 新井薬師前駅 4階建 築41年,東京都中野区上高田５,53000.0,,53000.0,,3,1R,15.0,41,4,新井薬師前駅,4,11.33,124976.91,82826.39,524,879,1,0.08940445209302816
https://suumo.jp/chintai/jnc_000106255869/?bc=100500053906,西武新宿線 新井薬師前駅 4階建 築41年,東京都中野区上高田５,52000.0,,52000.0,,1,1R,16.0,41,4,新井薬師前駅,4,11.33,124976.91,82826.39,524,879,1,0.09165712091048134
https://suumo.jp/chintai/jnc_000104997349/?bc=100505684589,西武新宿線 新井薬師前駅 4階建 築2年,東京都中野区上高田３,144000.0,11000.0,,144000.0,3,1R,25.65,2,4,新井薬師前駅,7,11.67,124976.91,82826.39,524,879,1,0.09593815785760634
https://suumo.jp/chintai/jnc_000105358233/?bc=100455056329,西武新宿線 新井薬師前駅 4階建 築2年,東京都中野区上高田３,144000.0,11000.0,,144000.0,3,1R,25.5,2,4,新井薬師前駅,7,11.67,124976.91,82826.39,524,879,1,0.09593815785760634
https://suumo.jp/chintai/jnc_000105358231/?bc=100445882588,西武新宿線 新井薬師前駅 4階建 築2年,東京都中野区上高田３,143000.0,11000.0,,143000.0,2,1R,25.68,2,4,新井薬師前駅,7,11.67,124976.91,82826.39,524,879,1,0.09777166221597511
https://suumo.jp/chintai/jnc_000105358227/?bc=100455056326,西武新宿線 新井薬師前駅 4階建 築2年,東京都中野区上高田３,143000.0,11000.0,,143000.0,2,1R,25.65,2,4,新井薬師前駅,7,11.67,124976.91,82826.39,524,879,1,0.09777166221597511
https://suumo.jp/chintai/jnc_000106863223/?bc=100493238968,中野ダイヤモンドマンション,東京都中野区新井１,200000.0,,200000.0,200000.0,5,3DK,58.16,56,7,新井薬師前駅,8,11.67,124976.91,180500.00,524,16,1,0.020593826326972597
https://suumo.jp/chintai/jnc_000105358229/?bc=100450516182,西武新宿線 新井薬師前駅 4階建 築2年,東京都中野区上高田３,143000.0,11000.0,,143000.0,2,1R,25.5,2,4,新井薬師前駅,7,11.67,124976.91,82826.39,524,879,1,0.09777166221597511
https://suumo.jp/chintai/jnc_000102155054/?bc=100477121278,西武新宿線 新井薬師前駅 4階建 築13年,東京都中野区新井５,94000.0,5000.0,94000.0,94000.0,3,1R,25.05,13,4,新井薬師前駅,3,10.67,124976.91,82826.39,524,879,1,0.10584792174974195
https://suumo.jp/chintai/jnc_000106838028/?bc=100504508587,エスパーダ新井薬師,東京都中野区新井５,92000.0,3000.0,92000.0,92000.0,2,1K,28.2,10,3,新井薬師前駅,3,9.00,124976.91,98445.68,524,1447,1,0.12549629364570886
https://suumo.jp/chintai/jnc_000106922694/?bc=100503997599,エスペランサ中野松が丘,東京都中野区松が丘１,101000.0,10000.0,101000.0,101000.0,4,1K,25.2,5,4,新井薬師前駅,3,10.67,124976.91,98445.68,524,1447,1,0.12764233969298555
https://suumo.jp/chintai/jnc_000106670055/?bc=100506802844,西武新宿線 新井薬師前駅 4階建 築12年,東京都中野区上高田２,93000.0,7000.0,93000.0,93000.0,3,1R,25.31,12,4,新井薬師前駅,6,12.67,124976.91,82826.39,524,879,1,0.10943351015799568
https://suumo.jp/chintai/jnc_000106092800/?bc=100498942369,西武新宿線 新井薬師前駅 4階建 築10年,東京都中野区新井１,95000.0,12000.0,,,4,1R,16.84,10,4,新井薬師前駅,9,11.33,124976.91,82826.39,524,879,1,0.0805355519235777
https://suumo.jp/chintai/jnc_000105398230/?bc=100503471489,西武新宿線 新井薬師前駅 3階建 築41年,東京都中野区上高田５,55000.0,5000.0,55000.0,,3,1R,14.85,41,3,新井薬師前駅,4,14.67,124976.91,82826.39,524,879,1,0.07413857463331269
https://suumo.jp/chintai/jnc_000106241078/?bc=100504968652,西武新宿線 新井薬師前駅 3階建 築36年,東京都中野区松が丘２,70000.0,5000.0,70000.0,70000.0,3,1R,20.67,36,3,新井薬師前駅,7,7.00,124976.91,82826.39,524,879,1,0.0994585037597609
https://suumo.jp/chintai/jnc_000106439990/?bc=100501577614,西武新宿線 新井薬師前駅 5階建 築44年,東京都中野区上高田１,85000.0,5000.0,85000.0,,1,1DK,25.31,44,5,新井薬師前駅,8,13.67,124976.91,130743.78,524,402,1,0.11277446550803377
https://suumo.jp/chintai/jnc_000102747043/?bc=100494507288,ＪＲ中央線 中野駅 5階建 築1年,東京都中野区上高田２,175000.0,15000.0,,175000.0,1,1DK,35.78,1,5,新井薬師前駅,10,12.67,124976.91,130743.78,524,402,1,0.12481000464465702
https://suumo.jp/chintai/jnc_000107045712/?bc=100506729656,ガリシア中野新井薬師,東京都中野区上高田１,139000.0,15000.0,,139000.0,5,1DK,33.12,4,6,新井薬師前駅,9,11.00,124976.91,130743.78,524,402,1,0.13368310576307824
https://suumo.jp/chintai/jnc_000107148029/?bc=100506501048,西武新宿線 新井薬師前駅 3階建 築36年,東京都中野区上高田５,67000.0,2000.0,,,3,1R,17.02,36,3,新井薬師前駅,2,13.33,124976.91,82826.39,524,879,1,0.06562647057021431
https://suumo.jp/chintai/jnc_000103038501/?bc=100475977455,Alivis中野,東京都中野区上高田２,175000.0,15000.0,,175000.0,1,1DK,35.78,0,5,新井薬師前駅,10,13.00,124976.91,130743.78,524,402,1,0.1214324559480956
https://suumo.jp/chintai/jnc_000105578256/?bc=100494990483,西武新宿線 新井薬師前駅 3階建 築35年,東京都中野区上高田３,67000.0,3000.0,,,3,1R,20.0,35,3,新井薬師前駅,8,11.33,124976.91,82826.39,524,879,1,0.10153448486329558
https://suumo.jp/chintai/jnc_000092200683/?bc=100392073980,西武新宿線 新井薬師前駅 2階建 築70年,東京都中野区上高田１,27000.0,3000.0,27000.0,,2,1R,10.35,70,2,新井薬師前駅,12,14.00,124976.91,82826.39,524,879,-1,-0.016541211942376233
https://suumo.jp/chintai/jnc_000063680151/?bc=100473971864,西武新宿線 新井薬師前駅 2階建 築59年,東京都中野区松が丘１,54000.0,1000.0,54000.0,,2,1R,17.0,59,2,新井薬師前駅,6,12.33,124976.91,82826.39,524,879,1,0.03440167486003343
https://suumo.jp/chintai/jnc_000063680152/?bc=100473970345,西武新宿線 新井薬師前駅 2階建 築59年,東京都中野区松が丘１,44000.0,1000.0,44000.0,,2,1R,15.0,59,2,新井薬師前駅,6,12.33,124976.91,82826.39,524,879,1,0.01916102697922084
https://suumo.jp/chintai/jnc_000105818324/?bc=100496547028,エルスタンザ中野新井,東京都中野区新井１,98000.0,12000.0,98000.0,98000.0,2,1K,27.12,19,6,新井薬師前駅,8,11.67,124976.91,98445.68,524,1447,1,0.13566079249931867
https://suumo.jp/chintai/jnc_000102165540/?bc=100467297878,エルファーロ中野新井薬師,東京都中野区新井５,116000.0,8000.0,,,3,1K,25.65,4,4,新井薬師前駅,5,11.00,124976.91,98445.68,524,1447,1,0.1522158347926013
https://suumo.jp/chintai/jnc_000102998252/?bc=100473970354,西武新宿線 新井薬師前駅 2階建 築56年,東京都中野区新井４,28000.0,2000.0,28000.0,28000.0,2,1R,9.31,56,2,新井薬師前駅,6,10.00,124976.91,82826.39,524,879,1,0.023695215224790733
https://suumo.jp/chintai/jnc_000106831538/?bc=100504389686,西武新宿線 新井薬師前駅 2階建 築4年,東京都中野区新井４,62000.0,4000.0,,62000.0,2,1R,11.04,4,2,新井薬師前駅,7,9.67,124976.91,82826.39,524,879,1,0.09354388668055513
https://suumo.jp/chintai/jnc_000104363629/?bc=100477029682,西武新宿線 新井薬師前駅 2階建 築47年,東京都中野区上高田５,53000.0,3000.0,,,1,1R,16.2,47,2,新井薬師前駅,5,14.00,124976.91,82826.39,524,879,1,0.05494800426426849
https://suumo.jp/chintai/jnc_000105227882/?bc=100491878748,中野新井薬師レジデンス,東京都中野区上高田１,127000.0,9000.0,,,2,1DK,26.01,3,7,新井薬師前駅,7,11.00,124976.91,130743.78,524,402,1,0.15657563310935624
https://suumo.jp/chintai/jnc_000106870803/?bc=100504879635,ガリシア中野新井薬師,東京都中野区上高田１,124000.0,15000.0,124000.0,124000.0,4,1DK,30.03,4,6,新井薬師前駅,9,11.00,124976.91,130743.78,524,402,1,0.14052541176105504
https://suumo.jp/chintai/jnc_000106739674/?bc=100503597711,西武新宿線 新井薬師前駅 2階建 築42年,東京都新宿区西落合２,54000.0,2000.0,54000.0,54000.0,1,1R,12.72,42,2,新井薬師前駅,6,9.67,124976.91,82826.39,524,879,1,0.0593693373627075
https://suumo.jp/chintai/jnc_000092564163/?bc=100502095894,西武新宿線 新井薬師前駅 2階建 築37年,東京都中野区上高田３,57000.0,1000.0,57000.0,57000.0,2,1R,14.87,37,2,新井薬師前駅,7,13.00,124976.91,82826.39,524,879,1,0.07009330436988204
https://suumo.jp/chintai/jnc_000107138589/?bc=100506438808,西武新宿線 新井薬師前駅 2階建 築37年,東京都中野区上高田３,48000.0,,50000.0,,1,1R,11.71,37,2,新井薬師前駅,7,12.00,124976.91,82826.39,524,879,1,0.06857895616881515
https://suumo.jp/chintai/jnc_000105265712/?bc=100492013886,西武新宿線 新井薬師前駅 2階建 築36年,東京都中野区上高田２,44000.0,3000.0,,,2,1R,9.91,36,2,新井薬師前駅,8,11.00,124976.91,82826.39,524,879,1,0.06356074917551102
https://suumo.jp/chintai/jnc_000106241075/?bc=100499992221,西武新宿線 新井薬師前駅 2階建 築12年,東京都中野区松が丘１,150000.0,6800.0,150000.0,150000.0,1,1LDK,43.84,12,2,新井薬師前駅,6,11.00,124976.91,170377.07,524,811,1,0.11058093648204359
https://suumo.jp/chintai/jnc_000104689484/?bc=100487428144,オレンジハウス,東京都中野区松が丘１,74000.0,,74000.0,74000.0,2,1K,20.0,34,2,新井薬師前駅,4,13.67,124976.91,98445.68,524,1447,1,0.11420707559697008
https://suumo.jp/chintai/jnc_000106249526/?bc=100506949063,ガリシア中野新井薬師,東京都中野区上高田１,124000.0,15000.0,124000.0,124000.0,2,1DK,30.07,4,6,新井薬師前駅,9,11.00,124976.91,130743.78,524,402,1,0.14490115598476377
https://suumo.jp/chintai/jnc_000105405996/?bc=100493558619,西武新宿線 新井薬師前駅 2階建 築2年,東京都中野区上高田２,63000.0,4000.0,,63000.0,2,1R,11.09,2,2,新井薬師前駅,7,14.33,124976.91,82826.39,524,879,1,0.07607513196463006
https://suumo.jp/chintai/jnc_000106831542/?bc=100504309196,西武新宿線 新井薬師前駅 2階建 築2年,東京都中野区上高田２,64000.0,4000.0,,64000.0,1,1R,11.99,2,2,新井薬師前駅,7,14.33,124976.91,82826.39,524,879,1,0.07370912510591632
https://suumo.jp/chintai/jnc_000099334270/?bc=100504310917,西武新宿線 新井薬師前駅 2階建 築2年,東京都中野区上高田２,63000.0,4000.0,,63000.0,1,1R,11.99,2,2,新井薬師前駅,7,14.33,124976.91,82826.39,524,879,1,0.07370912510591632
https://suumo.jp/chintai/jnc_000104830752/?bc=100496260277,西武新宿線 新井薬師前駅 2階建 築16年,東京都中野区松が丘１,80000.0,5000.0,,80000.0,2,1R,20.71,16,2,新井薬師前駅,8,15.33,124976.91,82826.39,524,879,1,0.0755091178833936
https://suumo.jp/chintai/jnc_000105544738/?bc=100504148755,西武新宿線 新井薬師前駅 2階建 築16年,東京都中野区松が丘１,82000.0,5000.0,,82000.0,2,1R,19.87,16,2,新井薬師前駅,8,15.33,124976.91,82826.39,524,879,1,0.07634960906280253
https://suumo.jp/chintai/jnc_000105479490/?bc=100502955428,ピノ・レジデンス,東京都中野区松が丘１,202000.0,10000.0,202000.0,404000.0,3,2LDK,57.0,4,3,新井薬師前駅,5,11.67,124976.91,243512.76,524,392,1,0.0896671645018654
https://suumo.jp/chintai/jnc_000106802076/?bc=100504083166,カームビレッジ,東京都中野区新井５,72000.0,,,,1,1K,19.0,31,2,新井薬師前駅,2,12.67,124976.91,98445.68,524,1447,1,0.10710338466445263
https://suumo.jp/chintai/jnc_000102732898/?bc=100472273872,ＪＲ中央線 中野駅 5階建 築1年,東京都中野区上高田２,175500.0,15000.0,,175500.0,2,1DK,35.78,1,5,新井薬師前駅,10,12.67,124976.91,130743.78,524,402,1,0.12699807510238054
https://suumo.jp/chintai/jnc_000107148061/?bc=100506487472,西武新宿線 新井薬師前駅 2階建 築11年,東京都中野区松が丘１,67000.0,3000.0,67000.0,,2,1R,12.77,11,2,新井薬師前駅,3,11.33,124976.91,82826.39,524,879,1,0.0868507132035563
https://suumo.jp/chintai/jnc_000106778211/?bc=100504063401,カスタリア中野,東京都中野区新井２,147000.0,10000.0,147000.0,147000.0,3,1K,36.94,20,12,新井薬師前駅,9,10.00,124976.91,98445.68,524,1447,1,0.0934989032167784
https://suumo.jp/chintai/jnc_000102755804/?bc=100472208243,Alivis中野,東京都中野区上高田２,175500.0,15000.0,,175500.0,2,1DK,35.78,0,5,新井薬師前駅,10,13.00,124976.91,130743.78,524,402,1,0.12363919829520975
https://suumo.jp/chintai/jnc_000106959615/?bc=100505313239,ＪＲ中央線 中野駅 6階建 築40年,東京都中野区新井５,172000.0,10000.0,172000.0,206400.0,3,2LDK,52.08,40,6,新井薬師前駅,5,10.67,124976.91,243512.76,524,392,1,0.08119946762972763
https://suumo.jp/chintai/jnc_000107148060/?bc=100506487479,西武新宿線 新井薬師前駅 2階建 築11年,東京都中野区松が丘１,65000.0,3000.0,65000.0,,1,1R,12.79,11,2,新井薬師前駅,3,11.33,124976.91,82826.39,524,879,1,0.08414456811968984
https://suumo.jp/chintai/jnc_000107129317/?bc=100480527655,ＪＲ中央線 中野駅 6階建 築19年,東京都中野区上高田２,197000.0,10000.0,197000.0,197000.0,-1,1LDK,67.3,19,6,新井薬師前駅,10,12.00,124976.91,170377.07,524,811,1,0.028148608226448157
https://suumo.jp/chintai/jnc_000107129317/?bc=100480527655,ＪＲ中央線 中野駅 6階建 築19年,東京都中野区上高田２,197000.0,10000.0,197000.0,197000.0,0,1LDK,67.3,19,6,新井薬師前駅,10,12.00,124976.91,170377.07,524,811,1,0.03192777903360011
https://suumo.jp/chintai/jnc_000107129317/?bc=100480527655,ＪＲ中央線 中野駅 6階建 築19年,東京都中野区上高田２,197000.0,10000.0,197000.0,197000.0,1,1LDK,67.3,19,6,新井薬師前駅,10,12.00,124976.91,170377.07,524,811,1,0.03674316718324144
https://suumo.jp/chintai/jnc_000106034606/?bc=100502090733,カルフール,東京都中野区上高田３,103000.0,3000.0,103000.0,103000.0,2,1K,35.49,18,2,新井薬師前駅,6,11.00,124976.91,98445.68,524,1447,1,0.12004216129662548
https://suumo.jp/chintai/jnc_000106081793/?bc=100498887512,西武新宿線 新井薬師前駅 5階建 築19年,東京都中野区新井１,192000.0,12000.0,192000.0,192000.0,4,1LDK,55.2,19,5,新井薬師前駅,8,10.67,124976.91,170377.07,524,811,1,0.08028428757137479
https://suumo.jp/chintai/jnc_000106608120/?bc=100502798725,キャパシタス中野,東京都中野区新井１,85000.0,8000.0,85000.0,85000.0,3,1K,24.25,22,7,新井薬師前駅,8,10.33,124976.91,98445.68,524,1447,1,0.14879569734773068
https://suumo.jp/chintai/jnc_000104541562/?bc=100485013574,野村Ｖビル,東京都中野区新井４,200000.0,,200000.0,200000.0,5,2SLDK,63.85,28,5,新井薬師前駅,5,10.00,124976.91,276060.00,524,25,1,0.048039349819234856
https://suumo.jp/chintai/jnc_000106628558/?bc=100506468878,クラージュ中野,東京都中野区上高田２,92000.0,7000.0,92000.0,92000.0,2,1K,25.05,12,4,新井薬師前駅,6,12.67,124976.91,98445.68,524,1447,1,0.14987420197185058
https://suumo.jp/chintai/jnc_000106292115/?bc=100502624569,クラージュ中野,東京都中野区上高田２,92000.0,7000.0,92000.0,92000.0,3,1K,25.31,12,4,新井薬師前駅,6,12.67,124976.91,98445.68,524,1447,1,0.14942849749793802
https://suumo.jp/chintai/jnc_000106635238/?bc=100505987412,クラージュ中野,東京都中野区上高田２,93000.0,7000.0,93000.0,93000.0,3,1K,25.31,12,4,新井薬師前駅,6,12.67,124976.91,98445.68,524,1447,1,0.14942849749793802
https://suumo.jp/chintai/jnc_000107013404/?bc=100505704847,クラヴィエ松が丘,東京都中野区松が丘２,78000.0,6000.0,,78000.0,1,1K,24.5,18,2,新井薬師前駅,9,12.00,124976.91,98445.68,524,1447,1,0.1356311357744226
https://suumo.jp/chintai/jnc_000106415177/?bc=100502938439,西武新宿線 新井薬師前駅 3階建 築34年,東京都中野区上高田３,75000.0,,75000.0,75000.0,2,1DK,25.0,34,3,新井薬師前駅,6,12.33,124976.91,130743.78,524,402,1,0.15187149860100163
https://suumo.jp/chintai/jnc_000102771889/?bc=100494507281,ＪＲ中央線 中野駅 5階建 築1年,東京都中野区上高田２,176000.0,15000.0,,176000.0,3,1DK,35.78,1,5,新井薬師前駅,10,12.67,124976.91,130743.78,524,402,1,0.12654938233890106
https://suumo.jp/chintai/jnc_000107068982/?bc=100506084089,アレーズ,東京都中野区上高田４,237000.0,3000.0,237000.0,237000.0,1,3LDK,86.95,9,2,新井薬師前駅,7,12.67,124976.91,281205.13,524,156,1,0.0015700291163807112
https://suumo.jp/chintai/jnc_000106863231/?bc=100497895297,アレーズ,東京都中野区上高田４,247000.0,3000.0,247000.0,247000.0,1,3LDK,80.74,9,2,新井薬師前駅,7,12.67,124976.91,281205.13,524,156,1,0.005490896847706761
https://suumo.jp/chintai/jnc_000102771886/?bc=100494815966,ＪＲ中央線 中野駅 5階建 築1年,東京都中野区上高田２,203000.0,15000.0,,,3,2LDK,42.75,1,5,新井薬師前駅,10,12.67,124976.91,243512.76,524,392,1,0.06701921131727523
https://suumo.jp/chintai/jnc_000107155461/?bc=100498420377,アレーズ,東京都中野区上高田４,230000.0,3000.0,230000.0,230000.0,1,3LDK,86.95,9,2,新井薬師前駅,7,12.67,124976.91,281205.13,524,156,1,0.0026260147185799276
https://suumo.jp/chintai/jnc_000107155461/?bc=100498420377,アレーズ,東京都中野区上高田４,230000.0,3000.0,230000.0,230000.0,2,3LDK,86.95,9,2,新井薬師前駅,7,12.67,124976.91,281205.13,524,156,1,0.007492828333147905
https://suumo.jp/chintai/jnc_000107206608/?bc=100498001600,アレーズ,東京都中野区上高田４,237000.0,3000.0,237000.0,237000.0,1,3LDK,86.95,9,2,新井薬師前駅,7,12.67,124976.91,281205.13,524,156,1,0.0015700291163807112
https://suumo.jp/chintai/jnc_000107206608/?bc=100498001600,アレーズ,東京都中野区上高田４,237000.0,3000.0,237000.0,237000.0,2,3LDK,86.95,9,2,新井薬師前駅,7,12.67,124976.91,281205.13,524,156,1,0.006446764457218479
https://suumo.jp/chintai/jnc_000107033215/?bc=100505991968,ガリシア中野新井薬師,東京都中野区上高田１,124000.0,15000.0,,124000.0,2,1DK,30.03,4,6,新井薬師前駅,9,11.00,124976.91,130743.78,524,402,1,0.14490115598476377
https://suumo.jp/chintai/jnc_000107053542/?bc=100506036181,Y＆M B棟,東京都中野区上高田５,92000.0,2000.0,92000.0,92000.0,1,1DK,29.31,11,2,新井薬師前駅,4,14.33,124976.91,130743.78,524,402,1,0.09456462081670153
https://suumo.jp/chintai/jnc_000103205284/?bc=100482780673,エスティメゾン哲学堂,東京都中野区松が丘２,203000.0,12000.0,203000.0,203000.0,2,2LDK,56.3,17,8,新井薬師前駅,10,13.00,124976.91,243512.76,524,392,1,0.0694427117306729
https://suumo.jp/chintai/jnc_000103231664/?bc=100476142930,Alivis中野,東京都中野区上高田２,176500.0,15000.0,,176500.0,4,1DK,35.78,0,5,新井薬師前駅,10,13.00,124976.91,130743.78,524,402,1,0.11876467173628447
https://suumo.jp/chintai/jnc_000106361341/?bc=100501916973,ＪＲ中央線 中野駅 5階建 築1年,東京都中野区上高田２,242000.0,15000.0,,,2,2LDK,47.73,1,5,新井薬師前駅,10,12.67,124976.91,243512.76,524,392,1,0.07263143850070597
https://suumo.jp/chintai/jnc_000105438429/?bc=100493497130,ミライズ中野哲学堂レジデンス,東京都中野区松が丘１,138000.0,10000.0,,138000.0,4,1LDK,34.53,2,5,新井薬師前駅,6,11.67,124976.91,170377.07,524,811,1,0.1124642768908618
https://suumo.jp/chintai/jnc_000104936083/?bc=100489299774,Ｂｒａｎｃｈｅ中野哲学堂,東京都中野区松が丘１,160000.0,5000.0,,,4,1LDK,48.24,13,5,新井薬師前駅,9,11.67,124976.91,170377.07,524,811,1,0.09797220363545389
https://suumo.jp/chintai/jnc_000106456438/?bc=100501703618,カームハウス,東京都中野区新井４,115000.0,,115000.0,115000.0,3,1DK,32.09,36,6,新井薬師前駅,8,10.33,124976.91,130743.78,524,402,1,0.14462537874637754
https://suumo.jp/chintai/jnc_000107216280/?bc=100431058203,ミライズ中野哲学堂レジデンス,東京都中野区松が丘１,118000.0,10000.0,,118000.0,1,1LDK,29.75,2,5,新井薬師前駅,6,11.67,124976.91,170377.07,524,811,1,0.10210728979563649
https://suumo.jp/chintai/jnc_000106428957/?bc=100501465846,パークサイドマンション松ヶ丘,東京都中野区松が丘２,155000.0,,155000.0,,2,1LDK,33.98,42,5,新井薬師前駅,10,12.67,124976.91,170377.07,524,811,1,0.0859025609016505
https://suumo.jp/chintai/jnc_000105563002/?bc=100499207108,西武新宿線 新井薬師前駅 地下1地上9階建 築5年,東京都中野区松が丘１,143000.0,12000.0,143000.0,143000.0,6,1LDK,30.43,5,10,新井薬師前駅,2,13.33,124976.91,170377.07,524,811,1,0.05073517534803784
https://suumo.jp/chintai/jnc_000089344085/?bc=100504645305,西武新宿線 新井薬師前駅 8階建 築37年,東京都中野区江古田１,150000.0,15000.0,150000.0,150000.0,2,1LDK,50.0,37,8,新井薬師前駅,12,14.33,124976.91,170377.07,524,811,1,0.03634981165147272
https://suumo.jp/chintai/jnc_000103223482/?bc=100504299521,ＪＲ中央線 中野駅 5階建 築1年,東京都中野区上高田２,176500.0,15000.0,,176500.0,4,1DK,35.78,1,5,新井薬師前駅,10,12.67,124976.91,130743.78,524,402,1,0.1221647933316648
https://suumo.jp/chintai/jnc_000107117072/?bc=100506373626,西武新宿線 新井薬師前駅 3階建 築10年,東京都中野区新井５,124000.0,3000.0,124000.0,124000.0,1,1LDK,41.06,10,3,新井薬師前駅,3,9.00,124976.91,170377.07,524,811,1,0.07492104806661182
https://suumo.jp/chintai/jnc_000103231665/?bc=100476138577,Alivis中野,東京都中野区上高田２,222000.0,15000.0,,222000.0,4,1LDK,46.39,0,5,新井薬師前駅,10,13.00,124976.91,170377.07,524,811,1,0.06894272750106467
https://suumo.jp/chintai/jnc_000089199947/?bc=100492207458,アトリオフラッツ中野新井薬師,東京都中野区松が丘１,180000.0,12000.0,180000.0,,3,1LDK,42.08,3,4,新井薬師前駅,3,13.67,124976.91,170377.07,524,811,1,0.0889688715529976
https://suumo.jp/chintai/jnc_000106146937/?bc=100504992179,プライムアーバン中野上高田,東京都中野区上高田４,158000.0,7000.0,158000.0,,3,1LDK,32.13,19,3,新井薬師前駅,5,12.67,124976.91,170377.07,524,811,1,0.11218427210108128
https://suumo.jp/chintai/jnc_000106211914/?bc=100499755054,西山ガーデンハウス,東京都中野区上高田２,97000.0,6000.0,97000.0,,4,1R,29.74,8,4,新井薬師前駅,4,10.00,124976.91,82826.39,524,879,1,0.09549143520227193
https://suumo.jp/chintai/jnc_000106439985/?bc=100501803537,藤香マンション,東京都中野区新井５,90000.0,,,,2,1R,18.0,38,4,新井薬師前駅,4,9.33,124976.91,82826.39,524,879,1,0.0997307988116875
https://suumo.jp/chintai/jnc_000101487465/?bc=100456228491,美樹ハウス,東京都中野区上高田２,50000.0,,50000.0,50000.0,1,1R,11.0,46,2,新井薬師前駅,5,11.67,124976.91,82826.39,524,879,1,0.06194149407150923
https://suumo.jp/chintai/jnc_000106162193/?bc=100499313654,白菊レディースハイツ新井薬師,東京都中野区新井５,61000.0,5000.0,61000.0,61000.0,2,1R,22.79,38,4,新井薬師前駅,5,11.00,124976.91,82826.39,524,879,1,0.10753296553183195
https://suumo.jp/chintai/jnc_000063736532/?bc=100505685041,森ハウス,東京都中野区松が丘１,54000.0,1000.0,54000.0,,2,1R,17.0,59,2,新井薬師前駅,6,12.33,124976.91,82826.39,524,879,1,0.03440167486003343
https://suumo.jp/chintai/jnc_000062563427/?bc=100455112176,森ハウス,東京都中野区松が丘１,44000.0,1000.0,44000.0,,2,1R,15.0,59,2,新井薬師前駅,6,12.33,124976.91,82826.39,524,879,1,0.01916102697922084
https://suumo.jp/chintai/jnc_000106183520/?bc=100499494973,Ｂｒａｎｃｈｅ中野哲学堂,東京都中野区松が丘１,94000.0,5000.0,,,1,1R,25.0,13,5,新井薬師前駅,9,11.67,124976.91,82826.39,524,879,1,0.10829638737826375
https://suumo.jp/chintai/jnc_000106614105/?bc=100504113277,クレアティフ中野,東京都中野区新井１,166000.0,12000.0,,,8,1K,28.11,4,9,新井薬師前駅,8,9.33,124976.91,98445.68,524,1447,1,0.08414984001497738
https://suumo.jp/chintai/jnc_000103558027/?bc=100464929651,ＪＲ中央線 中野駅 12階建 築5年,東京都中野区新井１,127000.0,10000.0,127000.0,127000.0,8,1K,25.1,5,12,新井薬師前駅,9,10.67,124976.91,98445.68,524,1447,1,0.07879240294914036
https://suumo.jp/chintai/jnc_000106228543/?bc=100500004431,西武新宿線 新井薬師前駅 4階建 築3年,東京都中野区新井４,122000.0,10000.0,,,1,1DK,29.0,3,4,新井薬師前駅,8,11.00,124976.91,130743.78,524,402,1,0.14761769268576252
https://suumo.jp/chintai/jnc_000107096831/?bc=100506170868,グレイスクオーレ,東京都中野区上高田１,61000.0,4000.0,,,1,1K,13.5,40,2,新井薬師前駅,10,12.00,124976.91,98445.68,524,1447,1,0.09626550009317586
https://suumo.jp/chintai/jnc_000100875965/?bc=100505684546,本間荘,東京都中野区新井４,28000.0,2000.0,28000.0,28000.0,2,1R,9.31,56,2,新井薬師前駅,6,10.00,124976.91,82826.39,524,879,1,0.023695215224790733
https://suumo.jp/chintai/jnc_000107108892/?bc=100503290074,西武新宿線 新井薬師前駅 3階建 新築,東京都中野区新井１,164000.0,5000.0,,164000.0,2,1LDK,40.55,0,3,新井薬師前駅,7,9.67,124976.91,170377.07,524,811,1,0.1149099538081581
https://suumo.jp/chintai/jnc_000106635239/?bc=100505684329,日興パレセゾン中野,東京都中野区上高田３,60000.0,,60000.0,60000.0,4,1R,17.27,41,6,新井薬師前駅,9,10.00,124976.91,82826.39,524,879,1,0.07314249180241078
https://suumo.jp/chintai/jnc_000106422896/?bc=100497422555,メゾン芙蓉,東京都新宿区西落合２,159000.0,7000.0,,159000.0,1,1LDK,41.61,14,3,新井薬師前駅,11,13.67,124976.91,170377.07,524,811,1,0.09615851726093627
https://suumo.jp/chintai/jnc_000107189125/?bc=100506776635,ルナリアウエスト上高田,東京都中野区上高田１,168000.0,14000.0,,336000.0,2,1LDK,46.1,0,3,新井薬師前駅,12,14.00,124976.91,170377.07,524,811,1,0.06624550282444713
https://suumo.jp/chintai/jnc_000107059768/?bc=100506048716,平和ハイツ中野,東京都中野区上高田５,68000.0,4200.0,68000.0,,1,1R,16.31,12,2,新井薬師前駅,8,13.00,124976.91,82826.39,524,879,1,0.10017451820654244
https://suumo.jp/chintai/jnc_000106316011/?bc=100502392833,インテグラーレ哲学堂,東京都中野区江古田１,210000.0,,210000.0,210000.0,4,2LDK,75.6,37,8,新井薬師前駅,12,14.33,124976.91,243512.76,524,392,1,0.002355417968138762
https://suumo.jp/chintai/jnc_000106651038/?bc=100504339412,西武新宿線 新井薬師前駅 2階建 築7年,東京都中野区上高田３,145000.0,11000.0,,145000.0,1,1LDK,40.38,7,2,新井薬師前駅,7,12.33,124976.91,170377.07,524,811,1,0.10616578969944118
https://suumo.jp/chintai/jnc_000106456452/?bc=100501792000,コートM＆A Part4,東京都中野区松が丘２,60000.0,5000.0,60000.0,,1,1K,17.4,55,3,新井薬師前駅,9,13.00,124976.91,98445.68,524,1447,1,0.082107520275501
https://suumo.jp/chintai/jnc_000037939345/?bc=100504499110,上高田ハイム,東京都中野区上高田３,57000.0,1000.0,57000.0,57000.0,2,1R,14.87,37,2,新井薬師前駅,8,14.33,124976.91,82826.39,524,879,1,0.056207907587866035
https://suumo.jp/chintai/jnc_000107004411/?bc=100301375446,Wood Land Hill,東京都中野区松が丘１,145000.0,8000.0,,217500.0,2,1LDK,47.03,6,2,新井薬師前駅,3,9.67,124976.91,170377.07,524,811,1,0.10443792941186048
https://suumo.jp/chintai/jnc_000107162407/?bc=100506590296,ＪＲ中央線 中野駅 2階建 築25年,東京都中野区新井１,82000.0,3000.0,,82000.0,2,1K,22.23,25,2,新井薬師前駅,9,11.00,124976.91,98445.68,524,1447,1,0.12962681779313917
https://suumo.jp/chintai/jnc_000092985038/?bc=100505505061,ミハス中野新井薬師III,東京都中野区上高田２,151000.0,15000.0,,151000.0,1,2LDK,40.65,2,3,新井薬師前駅,4,13.00,124976.91,243512.76,524,392,1,0.0629141364298208
https://suumo.jp/chintai/jnc_000085063660/?bc=100504148744,ＪＲ中央線 中野駅 2階建 築36年,東京都中野区上高田２,47000.0,1000.0,,,2,1K,12.45,36,2,新井薬師前駅,4,12.00,124976.91,98445.68,524,1447,1,0.07153827896396359
https://suumo.jp/chintai/jnc_000106126866/?bc=100499045664,レジデンスK3,東京都中野区上高田３,96000.0,3000.0,96000.0,96000.0,3,1R,25.0,19,3,新井薬師前駅,9,10.33,124976.91,82826.39,524,879,1,0.09601482130345612
https://suumo.jp/chintai/jnc_000107138588/?bc=100506407312,西武新宿線 新井薬師前駅 2階建 築7年,東京都中野区上高田３,131000.0,11000.0,,131000.0,1,1LDK,40.38,7,2,新井薬師前駅,7,12.33,124976.91,170377.07,524,811,1,0.09811683333663035
https://suumo.jp/chintai/jnc_000105505616/?bc=100501416348,メゾン芙蓉,東京都新宿区西落合２,160000.0,7000.0,,320000.0,1,1LDK,41.61,14,3,新井薬師前駅,11,13.67,124976.91,170377.07,524,811,1,0.09615851726093627
https://suumo.jp/chintai/jnc_000102637984/?bc=100471341124,メゾンアイ,東京都中野区松が丘１,160000.0,,160000.0,160000.0,2,2LDK,56.0,50,2,新井薬師前駅,5,13.00,124976.91,243512.76,524,392,1,0.06021386342717844
https://suumo.jp/chintai/jnc_000107189124/?bc=100506776632,ルナリアウエスト上高田,東京都中野区上高田１,166000.0,14000.0,,332000.0,2,1LDK,44.75,0,3,新井薬師前駅,12,14.00,124976.91,170377.07,524,811,1,0.0680185721732357
https://suumo.jp/chintai/jnc_000098502258/?bc=100492960421,セレスティア松が丘,東京都中野区松が丘２,239000.0,6000.0,,,1,3LDK,58.64,0,2,新井薬師前駅,6,12.33,124976.91,281205.13,524,156,1,0.033216372244317116
https://suumo.jp/chintai/jnc_000103084161/?bc=100479367941,西武新宿線 新井薬師前駅 3階建 築16年,東京都中野区上高田５,116000.0,3500.0,,232000.0,2,1LDK,36.59,16,3,新井薬師前駅,3,11.67,124976.91,170377.07,524,811,1,0.09008096847593855
https://suumo.jp/chintai/jnc_000106740224/?bc=100478053471,西武新宿線 新井薬師前駅 2階建 築46年,東京都中野区上高田２,120000.0,3000.0,120000.0,120000.0,1,1LDK,36.5,46,2,新井薬師前駅,6,14.00,124976.91,170377.07,524,811,1,0.04249430298039475
https://suumo.jp/chintai/jnc_000106423382/?bc=100506250049,リエス中野上高田,東京都中野区上高田２,85000.0,5000.0,85000.0,85000.0,4,1R,16.46,37,4,新井薬師前駅,9,12.00,124976.91,82826.39,524,879,1,0.08546663309107194
https://suumo.jp/chintai/jnc_000104525886/?bc=100487194208,ライフピア上高田,東京都中野区上高田１,47000.0,3000.0,,,1,1R,11.81,21,2,新井薬師前駅,9,11.00,124976.91,82826.39,524,879,1,0.06699281796763851
https://suumo.jp/chintai/jnc_000106789038/?bc=100504990121,B CITY APARTMENT NAKANO EAST,東京都中野区上高田３,122000.0,12000.0,,,8,1R,25.41,10,9,新井薬師前駅,8,10.67,124976.91,82826.39,524,879,1,0.050961437426779777
https://suumo.jp/chintai/jnc_000106366590/?bc=100500951739,ライフピアデュオ,東京都中野区上高田５,50000.0,2000.0,,,1,1R,10.61,40,2,新井薬師前駅,5,12.00,124976.91,82826.39,524,879,1,0.0526613892843561
https://suumo.jp/chintai/jnc_000030247479/?bc=100491555583,ライフピアチクマ,東京都中野区沼袋１,60000.0,2000.0,60000.0,60000.0,2,1R,19.5,35,3,新井薬師前駅,4,9.00,124976.91,82826.39,524,879,1,0.08711189147700193
https://suumo.jp/chintai/jnc_000106635241/?bc=100502927026,ＢＬＥＳＳ中野哲学堂　Ｗｅｓｔ,東京都中野区上高田５,154000.0,6000.0,154000.0,154000.0,3,1LDK,45.0,11,3,新井薬師前駅,6,14.67,124976.91,170377.07,524,811,1,0.09288481789935604
https://suumo.jp/chintai/jnc_000107177581/?bc=100506888819,メゾン上高田,東京都中野区上高田３,48000.0,,50000.0,,1,1R,11.71,37,2,新井薬師前駅,7,12.33,124976.91,82826.39,524,879,1,0.06896879131881939
https://suumo.jp/chintai/jnc_000106720051/?bc=100503520185,ＪＲ中央線 中野駅 3階建 築11年,東京都中野区新井１,76000.0,3000.0,38000.0,76000.0,2,1K,22.11,11,3,新井薬師前駅,5,9.00,124976.91,98445.68,524,1447,1,0.13303634917386808
https://suumo.jp/chintai/jnc_000096617415/?bc=100492989714,B CITY APARTMENT NAKANO EAST,東京都中野区上高田３,122000.0,12000.0,,,5,1R,25.59,10,9,新井薬師前駅,8,10.67,124976.91,82826.39,524,879,1,0.06997431272106575
https://suumo.jp/chintai/jnc_000106979060/?bc=100499804800,メゾンドラシーヌ,東京都中野区新井５,58000.0,,58000.0,58000.0,4,1R,16.5,42,5,新井薬師前駅,4,9.67,124976.91,82826.39,524,879,1,0.08536688776545226
https://suumo.jp/chintai/jnc_000105479446/?bc=100505684967,メゾン・ド・パンセ,東京都中野区上高田２,50000.0,5000.0,,,4,1R,14.13,45,4,新井薬師前駅,6,12.00,124976.91,82826.39,524,879,1,0.059073598649452
https://suumo.jp/chintai/jnc_000104399633/?bc=100486007737,デュオステージ中野,東京都中野区新井１,148000.0,10000.0,148000.0,148000.0,4,1LDK,30.53,3,7,新井薬師前駅,10,13.67,124976.91,170377.07,524,811,1,0.08132253375457815
https://suumo.jp/chintai/jnc_000105773248/?bc=100496961842,西武新宿線 新井薬師前駅 2階建 築12年,東京都中野区江古田１,130000.0,7000.0,,260000.0,2,1LDK,42.55,12,2,新井薬師前駅,13,13.67,124976.91,170377.07,524,811,1,0.07767274901598153
https://suumo.jp/chintai/jnc_000104903327/?bc=100489098364,ミライズ中野哲学堂レジデンス,東京都中野区松が丘１,112000.0,10000.0,,112000.0,4,1R,27.31,2,5,新井薬師前駅,6,11.67,124976.91,82826.39,524,879,1,0.09847227133124253
https://suumo.jp/chintai/jnc_000105984228/?bc=100497835145,ホワイト松が丘,東京都中野区松が丘１,49000.0,2000.0,,,1,1R,12.4,39,2,新井薬師前駅,3,11.67,124976.91,82826.39,524,879,1,0.04654530069962731
https://suumo.jp/chintai/jnc_000104844917/?bc=100488626017,ホワイトヒルズ,東京都中野区中野５,75000.0,3000.0,,,2,1R,15.0,57,2,新井薬師前駅,10,11.33,124976.91,82826.39,524,879,1,0.04567334086280034
https://suumo.jp/chintai/jnc_000106192360/?bc=100499592813,ホワイトヒルズ,東京都中野区中野５,45000.0,6000.0,,,1,1R,9.0,57,2,新井薬師前駅,10,11.33,124976.91,82826.39,524,879,1,0.018584737250760708
https://suumo.jp/chintai/jnc_000104997344/?bc=100484059010,プレール・ドゥーク中野上高田,東京都中野区上高田３,144000.0,11000.0,,144000.0,3,1R,25.65,2,4,新井薬師前駅,7,10.67,124976.91,82826.39,524,879,1,0.09402245408195081
https://suumo.jp/chintai/jnc_000096533354/?bc=100418892507,プレール・ドゥーク中野上高田,東京都中野区上高田３,141000.0,11000.0,,141000.0,3,1R,25.65,2,4,新井薬師前駅,7,10.67,124976.91,82826.39,524,879,1,0.09526950353464497
https://suumo.jp/chintai/jnc_000104997346/?bc=100494865935,プレール・ドゥーク中野上高田,東京都中野区上高田３,144000.0,11000.0,,144000.0,3,1R,25.5,2,4,新井薬師前駅,7,10.67,124976.91,82826.39,524,879,1,0.09402245408195081
https://suumo.jp/chintai/jnc_000106446028/?bc=100504359257,西武新宿線 新井薬師前駅 6階建 築4年,東京都中野区上高田１,113000.0,10000.0,113000.0,113000.0,4,1DK,27.71,4,6,新井薬師前駅,9,12.33,124976.91,130743.78,524,402,1,0.14261717207354596
https://suumo.jp/chintai/jnc_000096533356/?bc=100418881191,プレール・ドゥーク中野上高田,東京都中野区上高田３,141000.0,11000.0,,141000.0,3,1R,25.5,2,4,新井薬師前駅,7,10.67,124976.91,82826.39,524,879,1,0.09526950353464497
https://suumo.jp/chintai/jnc_000096533352/?bc=100499635581,プレール・ドゥーク中野上高田,東京都中野区上高田３,140000.0,11000.0,,140000.0,2,1R,25.68,2,4,新井薬師前駅,7,10.67,124976.91,82826.39,524,879,1,0.09594318857625639
https://suumo.jp/chintai/jnc_000104997343/?bc=100505684408,プレール・ドゥーク中野上高田,東京都中野区上高田３,143000.0,11000.0,,143000.0,2,1R,25.68,2,4,新井薬師前駅,7,10.67,124976.91,82826.39,524,879,1,0.09586422943778988
https://suumo.jp/chintai/jnc_000106882314/?bc=100506222113,西武新宿線 新井薬師前駅 6階建 築4年,東京都中野区上高田１,124000.0,15000.0,,124000.0,4,1DK,30.03,4,6,新井薬師前駅,9,12.33,124976.91,130743.78,524,402,1,0.13855494140103752
https://suumo.jp/chintai/jnc_000096533348/?bc=100499635608,プレール・ドゥーク中野上高田,東京都中野区上高田３,140000.0,11000.0,,140000.0,2,1R,25.65,2,4,新井薬師前駅,7,10.67,124976.91,82826.39,524,879,1,0.09594318857625639
https://suumo.jp/chintai/jnc_000104997339/?bc=100505685109,プレール・ドゥーク中野上高田,東京都中野区上高田３,143000.0,11000.0,,143000.0,2,1R,25.65,2,4,新井薬師前駅,7,10.67,124976.91,82826.39,524,879,1,0.09586422943778988
https://suumo.jp/chintai/jnc_000096533350/?bc=100499635580,プレール・ドゥーク中野上高田,東京都中野区上高田３,140000.0,11000.0,,140000.0,2,1R,25.5,2,4,新井薬師前駅,7,10.67,124976.91,82826.39,524,879,1,0.09594318857625639
https://suumo.jp/chintai/jnc_000107027182/?bc=100505804676,ベールクレール,東京都中野区新井１,140000.0,3000.0,140000.0,280000.0,1,1LDK,43.25,21,2,新井薬師前駅,8,13.67,124976.91,170377.07,524,811,1,0.06516794050153119
https://suumo.jp/chintai/jnc_000104997341/?bc=100505684994,プレール・ドゥーク中野上高田,東京都中野区上高田３,143000.0,11000.0,,143000.0,2,1R,25.5,2,4,新井薬師前駅,7,10.67,124976.91,82826.39,524,879,1,0.09586422943778988
https://suumo.jp/chintai/jnc_000105984185/?bc=100498371577,サンライト新井薬師,東京都中野区新井５,82000.0,5000.0,82000.0,,4,1K,19.07,18,4,新井薬師前駅,5,9.00,124976.91,98445.68,524,1447,1,0.13773190106894712
https://suumo.jp/chintai/jnc_000107189123/?bc=100506776633,ルナリアウエスト上高田,東京都中野区上高田１,230000.0,14000.0,,460000.0,2,2LDK,58.65,0,3,新井薬師前駅,12,14.00,124976.91,243512.76,524,392,1,0.0350004781032035
https://suumo.jp/chintai/jnc_000101970838/?bc=100504040879,プレジール中嶋,東京都中野区上高田１,158000.0,10000.0,158000.0,158000.0,3,1LDK,40.23,37,5,新井薬師前駅,7,8.67,124976.91,170377.07,524,811,1,0.10366650827130347
https://suumo.jp/chintai/jnc_000106162200/?bc=100499301241,西武新宿線 新井薬師前駅 3階建 築19年,東京都中野区上高田４,158000.0,7000.0,158000.0,,3,1LDK,32.13,19,3,新井薬師前駅,5,11.33,124976.91,170377.07,524,811,1,0.11748270687010681
https://suumo.jp/chintai/jnc_000098572257/?bc=100437928170,メゾン松ヶ丘,東京都中野区松が丘１,80000.0,,80000.0,80000.0,1,1DK,29.16,46,3,新井薬師前駅,7,12.33,124976.91,130743.78,524,402,1,0.13347432963960093
https://suumo.jp/chintai/jnc_000105055552/?bc=100496202784,ミモザ哲学堂,東京都中野区松が丘２,149000.0,3000.0,,,2,1LDK,47.43,2,3,新井薬師前駅,10,12.33,124976.91,170377.07,524,811,1,0.07414341808362296
https://suumo.jp/chintai/jnc_000105055552/?bc=100496202784,ミモザ哲学堂,東京都中野区松が丘２,149000.0,3000.0,,,3,1LDK,47.43,2,3,新井薬師前駅,10,12.33,124976.91,170377.07,524,811,1,0.06803183894117903
https://suumo.jp/chintai/jnc_000106931699/?bc=100505137688,藤永方,東京都中野区上高田１,75000.0,3000.0,75000.0,75000.0,1,1DK,24.5,34,2,新井薬師前駅,10,11.00,124976.91,130743.78,524,402,1,0.12129495575962473
https://suumo.jp/chintai/jnc_000105826242/?bc=100496457315,プリマヴェーラ,東京都中野区上高田２,72000.0,2000.0,72000.0,,1,1R,16.0,20,2,新井薬師前駅,6,10.00,124976.91,82826.39,524,879,1,0.08956967842702862
https://suumo.jp/chintai/jnc_000106645986/?bc=100506088721,ＪＲ中央線 中野駅 3階建 築6年,東京都中野区新井４,80000.0,3000.0,80000.0,80000.0,1,1K,20.07,6,3,新井薬師前駅,5,9.00,124976.91,98445.68,524,1447,1,0.1305713971160336
https://suumo.jp/chintai/jnc_000106183523/?bc=100499494812,西武新宿線 新井薬師前駅 3階建 築2年,東京都中野区松が丘２,149000.0,3000.0,,,2,1LDK,43.46,2,3,新井薬師前駅,10,12.33,124976.91,170377.07,524,811,1,0.07525241824817575
https://suumo.jp/chintai/jnc_000106897491/?bc=100504907023,ロイヤルガーデン哲学堂,東京都中野区松が丘１,145000.0,6500.0,,,3,1LDK,39.44,27,7,新井薬師前駅,8,12.00,124976.91,170377.07,524,811,1,0.09804483463745517
https://suumo.jp/chintai/jnc_000106778262/?bc=100503928242,フラットかちどき,東京都中野区松が丘１,55000.0,2000.0,55000.0,,2,1R,21.0,66,2,新井薬師前駅,4,11.67,124976.91,82826.39,524,879,1,0.027836570455011922
https://suumo.jp/chintai/jnc_000105799979/?bc=100503524601,シェリオン中野通り,東京都中野区松が丘１,79000.0,6000.0,79000.0,79000.0,3,1K,18.63,8,3,新井薬師前駅,7,12.00,124976.91,98445.68,524,1447,1,0.14023015197896482
https://suumo.jp/chintai/jnc_000103481472/?bc=100477605601,西武新宿線 新井薬師前駅 8階建 築17年,東京都中野区松が丘２,97000.0,10000.0,97000.0,97000.0,8,1K,22.87,17,8,新井薬師前駅,10,13.33,124976.91,98445.68,524,1447,1,0.08117764475873773
https://suumo.jp/chintai/jnc_000107045714/?bc=100506670500,西武新宿線 新井薬師前駅 6階建 築4年,東京都中野区上高田１,139000.0,15000.0,,139000.0,5,1DK,33.12,4,6,新井薬師前駅,9,12.33,124976.91,130743.78,524,402,1,0.13118960170101424
https://suumo.jp/chintai/jnc_000105138433/?bc=100501518646,西武新宿線 新井薬師前駅 7階建 築27年,東京都中野区松が丘１,85000.0,15000.0,85000.0,85000.0,6,1K,19.95,27,7,新井薬師前駅,10,16.00,124976.91,98445.68,524,1447,1,0.053437311562756384
https://suumo.jp/chintai/jnc_000106908856/?bc=100506328132,西武新宿線 新井薬師前駅 7階建 築27年,東京都中野区松が丘１,79000.0,6000.0,79000.0,79000.0,2,1K,19.95,27,7,新井薬師前駅,10,16.00,124976.91,98445.68,524,1447,1,0.08776559449182297
https://suumo.jp/chintai/jnc_000107200253/?bc=100506891517,ロイヤルガーデン哲学堂,東京都中野区松が丘１,144000.0,10000.0,,144000.0,6,1LDK,39.44,27,7,新井薬師前駅,8,12.00,124976.91,170377.07,524,811,1,0.07339987962565425
https://suumo.jp/chintai/jnc_000105375090/?bc=100504863051,フォトナ新井薬師前（小久保マンション）,東京都中野区新井５,145000.0,5000.0,145000.0,145000.0,4,1R,40.0,56,5,新井薬師前駅,2,13.00,124976.91,82826.39,524,879,1,0.020262635400940976
https://suumo.jp/chintai/jnc_000107206605/?bc=100501286079,ＪＲ中央線 中野駅 4階建 築17年,東京都中野区新井１,80000.0,,,80000.0,3,1K,16.5,17,4,新井薬師前駅,7,12.00,124976.91,98445.68,524,1447,1,0.1401003829452141
https://suumo.jp/chintai/jnc_000105989515/?bc=100497866909,ＪＲ中央線 中野駅 4階建 築18年,東京都中野区新井５,82000.0,5000.0,82000.0,,4,1K,19.07,18,4,新井薬師前駅,5,10.33,124976.91,98445.68,524,1447,1,0.1380077886389457
https://suumo.jp/chintai/jnc_000106640680/?bc=100506416701,シャンフェルト西落合,東京都新宿区西落合２,70000.0,3000.0,70000.0,,2,1K,20.52,27,2,新井薬師前駅,6,11.67,124976.91,98445.68,524,1447,1,0.13026957167294884
https://suumo.jp/chintai/jnc_000105989519/?bc=100497262535,西武新宿線 新井薬師前駅 5階建 築9年,東京都中野区上高田３,99000.0,7000.0,,,5,1K,20.0,9,5,新井薬師前駅,5,13.67,124976.91,98445.68,524,1447,1,0.12263539401438844
https://suumo.jp/chintai/jnc_000106620076/?bc=100502835710,ＪＲ中央線 中野駅 4階建 築26年,東京都中野区新井１,83000.0,3000.0,83000.0,83000.0,2,1K,21.0,26,4,新井薬師前駅,6,14.00,124976.91,98445.68,524,1447,1,0.11364725277961008
https://suumo.jp/chintai/jnc_000106635229/?bc=100503483633,ＪＲ中央線 中野駅 4階建 築26年,東京都中野区新井１,82000.0,3000.0,82000.0,82000.0,2,1K,23.14,26,4,新井薬師前駅,6,14.00,124976.91,98445.68,524,1447,1,0.11525323600341192
https://suumo.jp/chintai/jnc_000106620077/?bc=100503543476,ＪＲ中央線 中野駅 4階建 築26年,東京都中野区新井１,83000.0,3000.0,83000.0,83000.0,3,1K,23.14,26,4,新井薬師前駅,6,14.00,124976.91,98445.68,524,1447,1,0.11244821204763883
https://suumo.jp/chintai/jnc_000106582780/?bc=100506136312,西武新宿線 新井薬師前駅 5階建 築5年,東京都中野区松が丘２,87500.0,12000.0,,87500.0,1,1K,25.51,5,5,新井薬師前駅,10,16.00,124976.91,98445.68,524,1447,1,0.08515327293875241
https://suumo.jp/chintai/jnc_000106756558/?bc=100503769099,シンシア,東京都中野区新井５,85000.0,,,,1,1K,23.18,17,3,新井薬師前駅,4,10.33,124976.91,98445.68,524,1447,1,0.14437834092076396
https://suumo.jp/chintai/jnc_000106577059/?bc=100506102482,スカイコートグレース中野哲学堂,東京都中野区松が丘２,87500.0,12000.0,87500.0,87500.0,1,1K,25.51,5,5,新井薬師前駅,10,16.33,124976.91,98445.68,524,1447,1,0.08162765953254852
https://suumo.jp/chintai/jnc_000106966644/?bc=100505368142,西武新宿線 新井薬師前駅 5階建 築4年,東京都中野区新井５,110000.0,15000.0,110000.0,110000.0,4,1DK,25.44,4,5,新井薬師前駅,3,10.67,124976.91,130743.78,524,402,1,0.1342430493813323
https://suumo.jp/chintai/jnc_000105591247/?bc=100495826205,西武新宿線 新井薬師前駅 4階建 築2年,東京都中野区上高田３,156000.0,10000.0,,156000.0,1,1LDK,40.5,2,4,新井薬師前駅,7,11.67,124976.91,170377.07,524,811,1,0.11587350804435176
https://suumo.jp/chintai/jnc_000105999962/?bc=100504359265,西武新宿線 新井薬師前駅 6階建 築4年,東京都中野区上高田１,110000.0,13000.0,110000.0,110000.0,6,1DK,25.93,4,6,新井薬師前駅,9,12.33,124976.91,130743.78,524,402,1,0.1273845046543317
https://suumo.jp/chintai/jnc_000106843729/?bc=100504982265,西武新宿線 新井薬師前駅 7階建 築3年,東京都中野区上高田１,126000.0,9000.0,,126000.0,1,1DK,25.83,3,7,新井薬師前駅,7,11.00,124976.91,130743.78,524,402,1,0.15184667145310066
https://suumo.jp/chintai/jnc_000105227883/?bc=100491699480,西武新宿線 新井薬師前駅 7階建 築3年,東京都中野区上高田１,127000.0,9000.0,,,2,1DK,25.83,3,7,新井薬師前駅,7,11.00,124976.91,130743.78,524,402,1,0.15657563310935624
https://suumo.jp/chintai/jnc_000105227885/?bc=100507041438,西武新宿線 新井薬師前駅 7階建 築3年,東京都中野区上高田１,127000.0,9000.0,,,2,1DK,26.01,3,7,新井薬師前駅,7,11.00,124976.91,130743.78,524,402,1,0.15657563310935624
https://suumo.jp/chintai/jnc_000106910497/?bc=100504906541,ビーシティアパートメント中野イースト,東京都中野区上高田３,122000.0,12000.0,,,8,1R,25.41,10,9,新井薬師前駅,8,9.67,124976.91,82826.39,524,879,1,0.0498898850852747
https://suumo.jp/chintai/jnc_000089613345/?bc=100497497184,デュオステージ中野,東京都中野区新井１,139000.0,10000.0,139000.0,139000.0,5,1LDK,30.53,3,7,新井薬師前駅,10,13.67,124976.91,170377.07,524,811,1,0.07062427021056039
https://suumo.jp/chintai/jnc_000106624462/?bc=100502813716,西武新宿線 新井薬師前駅 2階建 築5年,東京都中野区上高田２,350000.0,,700000.0,350000.0,1,3LDK,114.1,5,2,新井薬師前駅,7,11.67,124976.91,281205.13,524,156,-1,-0.04112192583735863
https://suumo.jp/chintai/jnc_000106624462/?bc=100502813716,西武新宿線 新井薬師前駅 2階建 築5年,東京都中野区上高田２,350000.0,,700000.0,350000.0,2,3LDK,114.1,5,2,新井薬師前駅,7,11.67,124976.91,281205.13,524,156,-1,-0.03496296637003504
https://suumo.jp/chintai/jnc_000106972105/?bc=100505423426,ＪＲ中央線 中野駅 4階建 築4年,東京都中野区新井５,116000.0,12000.0,,,3,1K,25.65,4,4,新井薬師前駅,5,10.33,124976.91,98445.68,524,1447,1,0.14218983795338624
https://suumo.jp/chintai/jnc_000107155462/?bc=100506532249,ヒルズ・フィヨルド,東京都中野区上高田５,107000.0,3000.0,107000.0,107000.0,3,1LDK,34.51,39,3,新井薬師前駅,3,14.33,124976.91,170377.07,524,811,1,0.05050407616954433
https://suumo.jp/chintai/jnc_000107170256/?bc=100507006203,ａｐａｒｔｍｅｎｔ ｎｏｎｅｔ,東京都中野区新井２,152000.0,6000.0,304000.0,152000.0,4,1DK,40.05,15,5,新井薬師前駅,11,11.33,124976.91,130743.78,524,402,1,0.12784268755415817
https://suumo.jp/chintai/jnc_000105555099/?bc=100496044214,クレヴィアリグゼ中野新井薬師,東京都中野区松が丘１,143000.0,12000.0,143000.0,143000.0,6,1LDK,30.43,5,9,新井薬師前駅,2,13.67,124976.91,170377.07,524,811,1,0.0493730887926514
https://suumo.jp/chintai/jnc_000106092803/?bc=100498744922,ＪＲ中央線 中野駅 4階建 築8年,東京都中野区新井１,99000.0,3000.0,99000.0,99000.0,4,1K,21.43,8,4,新井薬師前駅,8,9.67,124976.91,98445.68,524,1447,1,0.11917382499072637
https://suumo.jp/chintai/jnc_000102572862/?bc=100480008345,ハイムカトレア中野,東京都中野区新井１,53000.0,2000.0,53000.0,53000.0,1,1R,17.5,69,2,新井薬師前駅,9,11.00,124976.91,82826.39,524,879,1,0.021114231281591234
https://suumo.jp/chintai/jnc_000105721218/?bc=100500240861,セイバリー　ポエム,東京都新宿区西落合２,100000.0,3300.0,,200000.0,2,1K,30.48,9,3,新井薬師前駅,8,11.33,124976.91,98445.68,524,1447,1,0.12936030475110444
https://suumo.jp/chintai/jnc_000106614140/?bc=100503876911,Ｓｕｎ Ｒｉｃｈ（サン　リッチ）,東京都中野区松が丘１,143000.0,6800.0,143000.0,143000.0,2,1LDK,43.84,12,2,新井薬師前駅,6,11.00,124976.91,170377.07,524,811,1,0.11381530782842714
https://suumo.jp/chintai/jnc_000106966263/?bc=100505260397,西武新宿線 新井薬師前駅 5階建 築22年,東京都新宿区西落合２,97000.0,11000.0,,194000.0,2,1K,20.25,22,5,新井薬師前駅,6,11.67,124976.91,98445.68,524,1447,1,0.1391166601768043
https://suumo.jp/chintai/jnc_000105838768/?bc=100502451807,西武新宿線 新井薬師前駅 5階建 築19年,東京都中野区新井１,98000.0,12000.0,98000.0,98000.0,2,1K,26.62,19,5,新井薬師前駅,8,10.67,124976.91,98445.68,524,1447,1,0.13855023700844016
https://suumo.jp/chintai/jnc_000106402094/?bc=100501213257,西武新宿線 新井薬師前駅 5階建 築16年,東京都中野区上高田３,92000.0,8000.0,92000.0,92000.0,2,1K,28.69,16,5,新井薬師前駅,7,13.33,124976.91,98445.68,524,1447,1,0.1438707879520501
https://suumo.jp/chintai/jnc_000098555379/?bc=100447566717,センタービレッジ中野,東京都中野区上高田１,95000.0,3000.0,95000.0,95000.0,1,1K,33.5,15,3,新井薬師前駅,10,14.33,124976.91,98445.68,524,1447,1,0.0857880413691734
https://suumo.jp/chintai/jnc_000103217919/?bc=100498135047,ＪＲ中央線 中野駅 5階建 築1年,東京都中野区上高田２,125500.0,15000.0,,,1,1K,27.4,1,5,新井薬師前駅,10,12.67,124976.91,98445.68,524,1447,1,0.10464930922715965
https://suumo.jp/chintai/jnc_000102732896/?bc=100486836092,ＪＲ中央線 中野駅 5階建 築1年,東京都中野区上高田２,133000.0,15000.0,,,2,1K,27.4,1,5,新井薬師前駅,10,12.67,124976.91,98445.68,524,1447,1,0.10403179941554969
https://suumo.jp/chintai/jnc_000102732899/?bc=100473971942,ＪＲ中央線 中野駅 5階建 築1年,東京都中野区上高田２,136000.0,15000.0,,136000.0,2,1K,28.67,1,5,新井薬師前駅,10,12.67,124976.91,98445.68,524,1447,1,0.09949672615318916
https://suumo.jp/chintai/jnc_000061608207/?bc=100497317911,エルスタンザ中野新井,東京都中野区新井１,140000.0,12000.0,140000.0,140000.0,1,1LDK,44.8,19,6,新井薬師前駅,8,11.67,124976.91,170377.07,524,811,1,0.09637573187604559
https://suumo.jp/chintai/jnc_000106807917/?bc=100504086100,西武新宿線 新井薬師前駅 4階建 築41年,東京都中野区上高田２,58000.0,,,,3,1K,18.0,41,4,新井薬師前駅,5,15.00,124976.91,98445.68,524,1447,1,0.0930850702605463
https://suumo.jp/chintai/jnc_000106211945/?bc=100499846674,Ｓｕｎ Ｒｉｃｈ（サン　リッチ）,東京都中野区松が丘１,150000.0,6800.0,150000.0,150000.0,1,1LDK,43.84,12,2,新井薬師前駅,6,11.00,124976.91,170377.07,524,811,1,0.11058093648204359
https://suumo.jp/chintai/jnc_000106624458/?bc=100502874867,ソフィア薬師,東京都中野区新井１,82000.0,3000.0,82000.0,82000.0,2,1K,23.14,25,4,新井薬師前駅,8,12.00,124976.91,98445.68,524,1447,1,0.13475616041866462
https://suumo.jp/chintai/jnc_000106628550/?bc=100502874895,ソフィア薬師,東京都中野区新井１,83000.0,3000.0,83000.0,83000.0,3,1K,23.14,25,4,新井薬師前駅,8,12.00,124976.91,98445.68,524,1447,1,0.13165362802799713
https://suumo.jp/chintai/jnc_000106778261/?bc=100504049941,西武新宿線 新井薬師前駅 2階建 築12年,東京都中野区松が丘１,139000.0,6800.0,139000.0,139000.0,2,1LDK,43.84,12,2,新井薬師前駅,6,11.00,124976.91,170377.07,524,811,1,0.11381530782842714
https://suumo.jp/chintai/jnc_000105424389/?bc=100506419199,スクエア新井薬師前,東京都中野区新井５,74000.0,10000.0,,,3,1R,17.36,35,3,新井薬師前駅,2,10.00,124976.91,82826.39,524,879,1,0.07705324707425104
https://suumo.jp/chintai/jnc_000105405992/?bc=100506635786,スクエア新井薬師前,東京都中野区新井５,69000.0,10000.0,,,3,1R,17.36,35,3,新井薬師前駅,2,10.00,124976.91,82826.39,524,879,1,0.07989183091619378
https://suumo.jp/chintai/jnc_000102771888/?bc=100486835584,ＪＲ中央線 中野駅 5階建 築1年,東京都中野区上高田２,133500.0,15000.0,,,3,1K,27.4,1,5,新井薬師前駅,10,12.67,124976.91,98445.68,524,1447,1,0.10289914680202289
https://suumo.jp/chintai/jnc_000101699146/?bc=100502709832,Stellar上高田,東京都中野区上高田５,163000.0,5000.0,,,1,1LDK,37.13,0,4,新井薬師前駅,3,3.00,124976.91,170377.07,524,811,1,0.05596475277862012
https://suumo.jp/chintai/jnc_000103223546/?bc=100486848974,西武新宿線 新井薬師前駅 8階建 築17年,東京都中野区松が丘２,147000.0,12000.0,147000.0,147000.0,6,1DK,36.53,17,8,新井薬師前駅,10,13.33,124976.91,130743.78,524,402,1,0.10772820447813686
https://suumo.jp/chintai/jnc_000106548826/?bc=100502291332,チェンバーコート,東京都中野区上高田３,95000.0,2000.0,95000.0,95000.0,1,1K,26.8,17,2,新井薬師前駅,5,13.67,124976.91,98445.68,524,1447,1,0.1026924730506788
https://suumo.jp/chintai/jnc_000106106426/?bc=100504359259,西武新宿線 新井薬師前駅 6階建 築4年,東京都中野区上高田１,133000.0,15000.0,,133000.0,3,1DK,30.07,4,6,新井薬師前駅,9,12.33,124976.91,130743.78,524,402,1,0.13997051490983953
https://suumo.jp/chintai/jnc_000105608674/?bc=100497212905,タンドリュクス　プレミアム,東京都中野区上高田２,174000.0,14000.0,,348000.0,1,1LDK,45.13,6,5,新井薬師前駅,4,13.00,124976.91,170377.07,524,811,1,0.09111441533336823
https://suumo.jp/chintai/jnc_000104920099/?bc=100489370109,上高田4丁目団地1号棟,東京都中野区上高田４,105000.0,,105000.0,105000.0,2,1LDK,50.0,56,11,新井薬師前駅,9,13.33,124976.91,170377.07,524,811,1,0.038314493276609574
https://suumo.jp/chintai/jnc_000107004382/?bc=100505624597,サンアリーナ中野,東京都中野区上高田１,55000.0,3000.0,,,2,1R,15.01,36,2,新井薬師前駅,10,12.67,124976.91,82826.39,524,879,1,0.07400194241083285
https://suumo.jp/chintai/jnc_000106802114/?bc=100504083119,イナミハウス,東京都中野区松が丘１,145000.0,5000.0,145000.0,145000.0,1,1LDK,36.43,50,2,新井薬師前駅,5,15.00,124976.91,170377.07,524,811,1,0.049264834990128625
https://suumo.jp/chintai/jnc_000107194832/?bc=100292843914,ティンカーベル,東京都中野区上高田３,68000.0,2000.0,68000.0,68000.0,1,1K,20.25,23,2,新井薬師前駅,2,10.67,124976.91,98445.68,524,1447,1,0.09497290153770199
https://suumo.jp/chintai/jnc_000094068191/?bc=100502541039,西武新宿線 新井薬師前駅 4階建 築3年,東京都中野区新井４,123000.0,10000.0,,,4,1K,25.78,3,4,新井薬師前駅,8,11.00,124976.91,98445.68,524,1447,1,0.13691069643580395
https://suumo.jp/chintai/jnc_000106756595/?bc=100358357009,イナミハウス,東京都中野区松が丘１,150000.0,,150000.0,150000.0,1,1LDK,36.43,50,2,新井薬師前駅,5,15.00,124976.91,170377.07,524,811,1,0.055943165131370765
https://suumo.jp/chintai/jnc_000103223483/?bc=100501916929,ＪＲ中央線 中野駅 5階建 築1年,東京都中野区上高田２,222000.0,15000.0,,,4,1LDK,46.39,1,5,新井薬師前駅,10,12.67,124976.91,170377.07,524,811,1,0.07175067151731152
https://suumo.jp/chintai/jnc_000106745361/?bc=100505685324,Ｍａｉｓｏｎ Ｏｋａｄａ,東京都中野区上高田２,120000.0,3000.0,120000.0,120000.0,1,1LDK,36.5,46,2,新井薬師前駅,6,14.00,124976.91,170377.07,524,811,1,0.04249430298039475
https://suumo.jp/chintai/jnc_000049863413/?bc=100495442187,ケイエムヒルズ,東京都中野区松が丘１,62000.0,2000.0,62000.0,62000.0,1,1R,20.0,31,2,新井薬師前駅,7,12.00,124976.91,82826.39,524,879,1,0.08035282879325739
https://suumo.jp/chintai/jnc_000106882309/?bc=100505582175,西武新宿線 新井薬師前駅 4階建 築15年,東京都中野区新井４,86000.0,4000.0,,86000.0,4,1K,22.32,15,4,新井薬師前駅,5,11.67,124976.91,98445.68,524,1447,1,0.14189508560704794
https://suumo.jp/chintai/jnc_000106476877/?bc=100502103956,西武新宿線 新井薬師前駅 4階建 築12年,東京都中野区上高田２,92000.0,7000.0,92000.0,92000.0,3,1K,25.31,12,4,新井薬師前駅,6,12.67,124976.91,98445.68,524,1447,1,0.14942849749793802
https://suumo.jp/chintai/jnc_000098502257/?bc=100488833931,セレスティア松が丘,東京都中野区松が丘２,247000.0,6000.0,,,1,3LDK,59.02,0,2,新井薬師前駅,6,12.33,124976.91,281205.13,524,156,1,0.03503629583961315
https://suumo.jp/chintai/jnc_000106087873/?bc=100498638565,クレアティフ中野,東京都中野区新井１,160000.0,10000.0,,,9,1R,25.27,4,9,新井薬師前駅,8,9.33,124976.91,82826.39,524,879,1,0.04782111027332525
https://suumo.jp/chintai/jnc_000106087872/?bc=100498644946,クレアティフ中野,東京都中野区新井１,163000.0,12000.0,,,4,1R,28.11,4,9,新井薬師前駅,8,9.33,124976.91,82826.39,524,879,1,0.06405528555297574
https://suumo.jp/chintai/jnc_000107148059/?bc=100506487562,クレール中野,東京都中野区松が丘１,68000.0,3000.0,68000.0,,2,1R,13.09,11,2,新井薬師前駅,3,3.00,124976.91,82826.39,524,879,1,0.03657993523568642
https://suumo.jp/chintai/jnc_000107177617/?bc=100507042522,クレール中野,東京都中野区松が丘１,67000.0,3000.0,67000.0,,2,1R,12.77,11,2,新井薬師前駅,3,3.00,124976.91,82826.39,524,879,1,0.03352630531234774
https://suumo.jp/chintai/jnc_000107200252/?bc=100507062472,クレール中野,東京都中野区松が丘１,65000.0,3000.0,65000.0,,1,1R,12.79,11,2,新井薬師前駅,3,3.00,124976.91,82826.39,524,879,1,0.02668710012325054
https://suumo.jp/chintai/jnc_000107148028/?bc=100506483212,西武新宿線 新井薬師前駅 4階建 築12年,東京都中野区上高田２,92000.0,7000.0,92000.0,92000.0,2,1K,25.05,12,4,新井薬師前駅,6,12.67,124976.91,98445.68,524,1447,1,0.14987420197185058
https://suumo.jp/chintai/jnc_000106409417/?bc=100501302180,トワエモモ,東京都中野区上高田２,65000.0,2000.0,65000.0,65000.0,2,1K,19.0,26,2,新井薬師前駅,9,12.00,124976.91,98445.68,524,1447,1,0.10490371319869674
https://suumo.jp/chintai/jnc_000107194830/?bc=100506809522,西武新宿線 新井薬師前駅 3階建 築8年,東京都中野区上高田２,100000.0,3000.0,100000.0,100000.0,3,1K,27.71,8,3,新井薬師前駅,3,10.33,124976.91,98445.68,524,1447,1,0.11941735528529995
https://suumo.jp/chintai/jnc_000105570242/?bc=100506208385,西武新宿線 新井薬師前駅 3階建 築8年,東京都中野区上高田２,73000.0,4000.0,36500.0,109500.0,1,1K,16.2,8,3,新井薬師前駅,9,12.00,124976.91,98445.68,524,1447,1,0.1234175731898341
https://suumo.jp/chintai/jnc_000103424482/?bc=100478453479,西武新宿線 新井薬師前駅 3階建 築8年,東京都中野区上高田２,72000.0,4000.0,36000.0,108000.0,1,1K,16.24,8,3,新井薬師前駅,9,12.00,124976.91,98445.68,524,1447,1,0.12395467823852552
https://suumo.jp/chintai/jnc_000098040159/?bc=100436983592,ハーモニーレジデンス中野NORTH ARAI,東京都中野区新井５,108000.0,15000.0,108000.0,108000.0,4,1DK,25.44,4,5,新井薬師前駅,4,10.33,124976.91,130743.78,524,402,1,0.14166961653653198
https://suumo.jp/chintai/jnc_000107116287/?bc=100506254210,パ－クサイド,東京都新宿区西落合２,55000.0,,,,1,1K,16.0,38,2,新井薬師前駅,10,11.67,124976.91,98445.68,524,1447,1,0.10442635504848585
https://suumo.jp/chintai/jnc_000105826280/?bc=100504388202,西武新宿線 新井薬師前駅 3階建 築6年,東京都中野区松が丘１,105000.0,20000.0,,,2,1K,28.16,6,3,新井薬師前駅,4,11.00,124976.91,98445.68,524,1447,1,0.09549803864450085
https://suumo.jp/chintai/jnc_000107096833/?bc=100506190519,西武新宿線 新井薬師前駅 3階建 築5年,東京都中野区上高田４,95000.0,5000.0,47500.0,95000.0,1,1K,28.6,5,3,新井薬師前駅,4,14.00,124976.91,98445.68,524,1447,1,0.11614139034019694
https://suumo.jp/chintai/jnc_000106882316/?bc=100504908301,西武新宿線 新井薬師前駅 3階建 築4年,東京都中野区上高田２,79000.0,6000.0,,79000.0,1,1K,23.18,4,3,新井薬師前駅,5,12.33,124976.91,98445.68,524,1447,1,0.14015571261569926
https://suumo.jp/chintai/jnc_000107177580/?bc=100506688000,西武新宿線 新井薬師前駅 3階建 築39年,東京都中野区上高田２,65000.0,5000.0,,,2,1K,20.62,39,3,新井薬師前駅,5,13.00,124976.91,98445.68,524,1447,1,0.12244000761882229
https://suumo.jp/chintai/jnc_000106316017/?bc=100500574717,西武新宿線 新井薬師前駅 3階建 築30年,東京都中野区上高田２,73000.0,2000.0,73000.0,,3,1K,18.9,30,3,新井薬師前駅,8,11.00,124976.91,98445.68,524,1447,1,0.11113723966152739
https://suumo.jp/chintai/jnc_000104335137/?bc=100504344426,西武新宿線 新井薬師前駅 3階建 築2年,東京都中野区松が丘２,83000.0,3000.0,,,1,1K,20.12,2,3,新井薬師前駅,10,12.33,124976.91,98445.68,524,1447,1,0.11658631235669048
https://suumo.jp/chintai/jnc_000106795048/?bc=100504020301,西武新宿線 新井薬師前駅 3階建 築18年,東京都中野区新井３,106000.0,5500.0,,106000.0,3,1K,20.81,18,3,新井薬師前駅,10,12.00,124976.91,98445.68,524,1447,1,0.13619691945728074
https://suumo.jp/chintai/jnc_000106756559/?bc=100503843171,西武新宿線 新井薬師前駅 3階建 築17年,東京都中野区新井５,85000.0,,,,1,1K,23.18,17,3,新井薬師前駅,4,9.33,124976.91,98445.68,524,1447,1,0.14323907913900802
https://suumo.jp/chintai/jnc_000104459180/?bc=100486583569,西武新宿線 新井薬師前駅 3階建 築11年,東京都中野区上高田１,83000.0,9000.0,83000.0,83000.0,1,1K,21.72,11,3,新井薬師前駅,11,14.00,124976.91,98445.68,524,1447,1,0.10428556152816243
https://suumo.jp/chintai/jnc_000106750569/?bc=100504571673,西武新宿線 新井薬師前駅 3階建 築10年,東京都中野区上高田５,106000.0,15000.0,106000.0,106000.0,3,1K,25.71,10,3,新井薬師前駅,6,14.33,124976.91,98445.68,524,1447,1,0.11297244629443115
https://suumo.jp/chintai/jnc_000107162413/?bc=100503701595,西武新宿線 新井薬師前駅 3階建 築10年,東京都中野区上高田５,104500.0,15000.0,,104500.0,3,1K,25.71,10,3,新井薬師前駅,6,14.33,124976.91,98445.68,524,1447,1,0.11085675966240588
https://suumo.jp/chintai/jnc_000094179370/?bc=100504239156,インテグラーレ哲学堂,東京都中野区江古田１,150000.0,15000.0,150000.0,150000.0,2,1LDK,50.0,37,8,新井薬師前駅,12,14.33,124976.91,170377.07,524,811,1,0.03634981165147272
https://suumo.jp/chintai/jnc_000107189138/?bc=100506891457,西武新宿線 新井薬師前駅 7階建 築27年,東京都中野区松が丘１,144000.0,10000.0,,144000.0,6,1LDK,39.44,27,7,新井薬師前駅,10,16.00,124976.91,170377.07,524,811,1,0.03427286851610145
https://suumo.jp/chintai/jnc_000106838029/?bc=100504508358,西武新宿線 新井薬師前駅 3階建 築10年,東京都中野区新井５,92000.0,3000.0,92000.0,92000.0,2,1K,28.2,10,3,新井薬師前駅,3,9.00,124976.91,98445.68,524,1447,1,0.12549629364570886
https://suumo.jp/chintai/jnc_000106712943/?bc=100503605579,西武新宿線 新井薬師前駅 3階建 築10年,東京都中野区上高田５,105000.0,15000.0,105000.0,105000.0,2,1K,25.71,10,3,新井薬師前駅,6,14.33,124976.91,98445.68,524,1447,1,0.11563266362168884
https://suumo.jp/chintai/jnc_000107162412/?bc=100503665150,西武新宿線 新井薬師前駅 3階建 築10年,東京都中野区上高田５,103500.0,15000.0,,103500.0,2,1K,25.71,10,3,新井薬師前駅,6,14.33,124976.91,98445.68,524,1447,1,0.11353078386391335
https://suumo.jp/chintai/jnc_000107194833/?bc=100506802835,西武新宿線 新井薬師前駅 3階建 築10年,東京都中野区上高田５,104000.0,15000.0,104000.0,104000.0,1,1K,25.71,10,3,新井薬師前駅,6,14.33,124976.91,98445.68,524,1447,1,0.11053850962029926
https://suumo.jp/chintai/jnc_000013449258/?bc=100502520921,西武新宿線 新井薬師前駅 3階建 築10年,東京都中野区上高田２,73000.0,2000.0,73000.0,,1,1K,18.78,10,3,新井薬師前駅,4,11.67,124976.91,98445.68,524,1447,1,0.1063126480775663
https://suumo.jp/chintai/jnc_000102998269/?bc=100473970264,西武新宿線 新井薬師前駅 2階建 築59年,東京都中野区上高田５,55000.0,2000.0,55000.0,55000.0,1,1K,18.0,59,2,新井薬師前駅,2,12.67,124976.91,98445.68,524,1447,1,0.041161614024190774
https://suumo.jp/chintai/jnc_000102572866/?bc=100479197679,中野新井薬師レジデンス,東京都中野区上高田１,129000.0,9000.0,,129000.0,5,1DK,26.01,3,7,新井薬師前駅,7,11.00,124976.91,130743.78,524,402,1,0.14901510850928334
https://suumo.jp/chintai/jnc_000106897492/?bc=100504859573,西武新宿線 新井薬師前駅 7階建 築27年,東京都中野区松が丘１,145000.0,6500.0,,,3,1LDK,39.44,27,7,新井薬師前駅,10,16.00,124976.91,170377.07,524,811,1,0.06178611881131185
https://suumo.jp/chintai/jnc_000101104297/?bc=100491472202,西武新宿線 新井薬師前駅 2階建 築35年,東京都新宿区西落合２,65000.0,1000.0,65000.0,65000.0,2,1K,21.0,35,2,新井薬師前駅,8,14.33,124976.91,98445.68,524,1447,1,0.08403900220656757
https://suumo.jp/chintai/jnc_000104063944/?bc=100489297137,西武新宿線 新井薬師前駅 2階建 築33年,東京都中野区上高田１,77000.0,2000.0,77000.0,77000.0,2,1K,16.0,33,2,新井薬師前駅,12,15.67,124976.91,98445.68,524,1447,1,0.050773830440322965
https://suumo.jp/chintai/jnc_000107123008/?bc=100506326996,西武新宿線 新井薬師前駅 2階建 築27年,東京都新宿区西落合２,70000.0,3000.0,70000.0,,2,1K,20.52,27,2,新井薬師前駅,6,11.67,124976.91,98445.68,524,1447,1,0.13026957167294884
https://suumo.jp/chintai/jnc_000107053544/?bc=100506366572,グレースヒル上高田,東京都中野区上高田５,67000.0,2000.0,,,3,1R,17.02,36,3,新井薬師前駅,2,14.00,124976.91,82826.39,524,879,1,0.06247027387723891
https://suumo.jp/chintai/jnc_000106624457/?bc=100503817626,パームグローヴ,東京都中野区新井１,174000.0,3000.0,174000.0,174000.0,2,1K,38.4,17,2,新井薬師前駅,9,10.33,124976.91,98445.68,524,1447,1,0.094982933074371
https://suumo.jp/chintai/jnc_000107221876/?bc=100507028373,西武新宿線 新井薬師前駅 2階建 築24年,東京都中野区松が丘１,70000.0,2000.0,70000.0,70000.0,1,1K,17.65,24,2,新井薬師前駅,7,14.33,124976.91,98445.68,524,1447,1,0.08784491152771823
https://suumo.jp/chintai/jnc_000106843731/?bc=100504371140,西武新宿線 新井薬師前駅 2階建 築23年,東京都中野区上高田５,72000.0,3000.0,72000.0,72000.0,1,1K,16.15,23,2,新井薬師前駅,9,11.67,124976.91,98445.68,524,1447,1,0.11501370652618492
https://suumo.jp/chintai/jnc_000105887947/?bc=100496897765,グレースコパン,東京都中野区上高田５,52000.0,3000.0,,,2,1R,11.48,13,2,新井薬師前駅,5,15.00,124976.91,82826.39,524,879,1,0.06575931832636706
https://suumo.jp/chintai/jnc_000106061544/?bc=100498696853,エルスタンザ中野新井,東京都中野区新井１,192000.0,12000.0,192000.0,192000.0,4,1LDK,55.2,19,6,新井薬師前駅,8,11.67,124976.91,170377.07,524,811,1,0.07679873409132348
https://suumo.jp/chintai/jnc_000106061544/?bc=100498696853,エルスタンザ中野新井,東京都中野区新井１,192000.0,12000.0,192000.0,192000.0,5,1LDK,55.2,19,6,新井薬師前駅,8,11.67,124976.91,170377.07,524,811,1,0.06715896252436937
https://suumo.jp/chintai/jnc_000105375093/?bc=100493184872,クラシア中野,東京都中野区上高田２,63000.0,4000.0,,63000.0,2,1R,11.09,2,2,新井薬師前駅,7,14.33,124976.91,82826.39,524,879,1,0.07607513196463006
https://suumo.jp/chintai/jnc_000106592708/?bc=100498519732,「防音マンション」ジェイグランコート中野,東京都中野区新井２,165000.0,15000.0,,165000.0,5,1K,30.66,0,9,新井薬師前駅,10,10.67,124976.91,98445.68,524,1447,1,0.08864463544857565
https://suumo.jp/chintai/jnc_000106582763/?bc=100503437166,西武新宿線 新井薬師前駅 2階建 築18年,東京都中野区新井１,174000.0,3000.0,174000.0,174000.0,2,1K,38.4,18,2,新井薬師前駅,9,11.00,124976.91,98445.68,524,1447,1,0.09089641864115972
https://suumo.jp/chintai/jnc_000103038502/?bc=100504395925,Alivis中野,東京都中野区上高田２,125500.0,15000.0,,125500.0,1,1K,25.26,0,5,新井薬師前駅,10,13.00,124976.91,98445.68,524,1447,1,0.10426243613590402
https://suumo.jp/chintai/jnc_000099325010/?bc=100504355040,クラシア中野,東京都中野区上高田２,63000.0,4000.0,,63000.0,1,1R,11.99,2,2,新井薬師前駅,7,14.33,124976.91,82826.39,524,879,1,0.07370912510591632
https://suumo.jp/chintai/jnc_000106582762/?bc=100336658234,西武新宿線 新井薬師前駅 2階建 築18年,東京都中野区新井１,147000.0,3000.0,147000.0,147000.0,2,1K,38.4,18,2,新井薬師前駅,9,11.00,124976.91,98445.68,524,1447,1,0.09653903235181294
https://suumo.jp/chintai/jnc_000103084160/?bc=100506846366,ハイムＩＴＯ,東京都中野区上高田５,50000.0,,50000.0,50000.0,2,1K,18.63,38,2,新井薬師前駅,5,13.00,124976.91,98445.68,524,1447,1,0.11188162111777639
https://suumo.jp/chintai/jnc_000105544737/?bc=100495292338,カスティーロ松ヶ丘,東京都中野区松が丘１,82000.0,5000.0,,82000.0,2,1R,19.87,16,2,新井薬師前駅,8,12.67,124976.91,82826.39,524,879,1,0.10513048109192374
https://suumo.jp/chintai/jnc_000102572863/?bc=100481771626,ハイムカトレア中野,東京都中野区新井１,53000.0,2000.0,53000.0,53000.0,2,1K,18.0,69,2,新井薬師前駅,9,11.00,124976.91,98445.68,524,1447,1,0.049041875841382754
https://suumo.jp/chintai/jnc_000107216232/?bc=100506992813,カーサマローネ,東京都中野区新井１,69000.0,,69000.0,69000.0,2,1R,17.5,9,2,新井薬師前駅,7,8.67,124976.91,82826.39,524,879,1,0.1070896953196156
https://suumo.jp/chintai/jnc_000105756210/?bc=100495794378,カーサマローネ,東京都中野区新井１,67000.0,,67000.0,67000.0,2,1R,16.75,9,2,新井薬師前駅,7,8.67,124976.91,82826.39,524,879,1,0.1070896953196156
https://suumo.jp/chintai/jnc_000106045440/?bc=100502037654,西武新宿線 新井薬師前駅 2階建 築18年,東京都中野区上高田３,103000.0,3000.0,103000.0,103000.0,2,1K,35.49,18,2,新井薬師前駅,6,12.00,124976.91,98445.68,524,1447,1,0.11670346233985929
https://suumo.jp/chintai/jnc_000106019527/?bc=100498638490,オルサス中野,東京都中野区新井１,146000.0,12000.0,146000.0,146000.0,7,1R,30.36,5,12,新井薬師前駅,9,10.33,124976.91,82826.39,524,879,1,0.03554207760982403
https://suumo.jp/chintai/jnc_000106597652/?bc=100502743076,西武新宿線 新井薬師前駅 2階建 築18年,東京都中野区新井１,147000.0,3000.0,147000.0,147000.0,1,1K,32.54,18,2,新井薬師前駅,9,11.00,124976.91,98445.68,524,1447,1,0.10010327028254218
https://suumo.jp/chintai/jnc_000103581791/?bc=100498812909,西武新宿線 新井薬師前駅 3階建 築32年,東京都中野区上高田４,330000.0,10000.0,330000.0,,2,4LDK,112.14,32,3,新井薬師前駅,6,13.00,124976.91,309285.71,524,14,-1,-0.029536764923959957
https://suumo.jp/chintai/jnc_000094061527/?bc=100503175419,パティーナ中野,東京都中野区新井４,123000.0,10000.0,,,4,1K,25.78,3,4,新井薬師前駅,6,9.33,124976.91,98445.68,524,1447,1,0.13691235676704772
https://suumo.jp/chintai/jnc_000013449537/?bc=100506814866,エレガンスパレス中野Ｂ棟,東京都中野区上高田４,57000.0,3000.0,,,2,1R,15.16,24,3,新井薬師前駅,8,11.67,124976.91,82826.39,524,879,1,0.09482712436709495
https://suumo.jp/chintai/jnc_000107221855/?bc=100507040442,エミネントハウス,東京都中野区上高田２,84000.0,,84000.0,84000.0,2,1R,19.0,38,3,新井薬師前駅,7,14.33,124976.91,82826.39,524,879,1,0.09049811278108738
https://suumo.jp/chintai/jnc_000106813457/?bc=100504170090,西武新宿線 新井薬師前駅 7階建 築14年,東京都中野区松が丘２,121000.0,6000.0,60500.0,181500.0,4,1LDK,35.15,14,7,新井薬師前駅,9,14.67,124976.91,170377.07,524,811,1,0.07175987654883192
https://suumo.jp/chintai/jnc_000106818051/?bc=100504170077,西武新宿線 新井薬師前駅 12階建 築5年,東京都中野区新井１,134000.0,8000.0,134000.0,,8,1K,25.8,5,12,新井薬師前駅,9,11.00,124976.91,98445.68,524,1447,1,0.08199730516080961
https://suumo.jp/chintai/jnc_000106813456/?bc=100504381304,ブラントーレ哲学堂,東京都中野区松が丘２,121000.0,6000.0,60500.0,181500.0,4,1LDK,35.15,14,7,新井薬師前駅,9,14.67,124976.91,170377.07,524,811,1,0.07175987654883192
https://suumo.jp/chintai/jnc_000106789035/?bc=100505507591,西武新宿線 新井薬師前駅 12階建 築20年,東京都中野区新井２,147000.0,10000.0,147000.0,147000.0,3,1K,36.94,20,12,新井薬師前駅,8,15.33,124976.91,98445.68,524,1447,1,0.06395710881984429
https://suumo.jp/chintai/jnc_000105138396/?bc=100498196990,Ｊ・ＵＲＢＡＮ新井薬師前,東京都中野区上高田２,140000.0,5000.0,140000.0,140000.0,1,1LDK,36.85,7,3,新井薬師前駅,5,12.33,124976.91,170377.07,524,811,1,0.10999501607436529
https://suumo.jp/chintai/jnc_000106292116/?bc=100504833810,Ｊ・ＵＲＢＡＮ新井薬師前,東京都中野区上高田２,135000.0,5000.0,135000.0,135000.0,1,1LDK,36.85,7,3,新井薬師前駅,5,12.33,124976.91,170377.07,524,811,1,0.1096794004655583
https://suumo.jp/chintai/jnc_000033368599/?bc=100507040441,ファイン,東京都中野区新井５,74000.0,3000.0,74000.0,74000.0,2,1K,25.0,21,3,新井薬師前駅,4,10.33,124976.91,98445.68,524,1447,1,0.13138293600809686
https://suumo.jp/chintai/jnc_000103231666/?bc=100494507231,Alivis中野,東京都中野区上高田２,191000.0,15000.0,,191000.0,5,1LDK,39.98,0,5,新井薬師前駅,10,13.00,124976.91,170377.07,524,811,1,0.07495530560390029
https://suumo.jp/chintai/jnc_000106959656/?bc=100505323474,パレス新井薬師,東京都中野区松が丘２,155000.0,7000.0,155000.0,310000.0,1,1LDK,49.81,2,3,新井薬師前駅,8,14.00,124976.91,170377.07,524,811,1,0.08444376481773874
https://suumo.jp/chintai/jnc_000106740223/?bc=100503626808,ヴァレンシア司,東京都中野区上高田１,100000.0,5000.0,100000.0,100000.0,4,1R,33.1,20,4,新井薬師前駅,8,10.67,124976.91,82826.39,524,879,1,0.09634127337832488
https://suumo.jp/chintai/jnc_000106268328/?bc=100503182412,Ｃｒｕｃｅ　Ａｍｉｃｕｓ,東京都中野区上高田３,145000.0,11000.0,,145000.0,1,1LDK,40.38,7,2,新井薬師前駅,7,12.33,124976.91,170377.07,524,811,1,0.10616578969944118
https://suumo.jp/chintai/jnc_000107108901/?bc=100505684760,Ｃｒｕｃｅ　Ａｍｉｃｕｓ,東京都中野区上高田３,131000.0,11000.0,,131000.0,1,1LDK,40.38,7,2,新井薬師前駅,7,12.33,124976.91,170377.07,524,811,1,0.09811683333663035
https://suumo.jp/chintai/jnc_000106712935/?bc=100504096102,アルページュ,東京都中野区新井１,76000.0,3000.0,38000.0,76000.0,2,1R,22.11,11,3,新井薬師前駅,5,9.00,124976.91,82826.39,524,879,1,0.09854793090874686
https://suumo.jp/chintai/jnc_000087192494/?bc=100504368393,ありがとう上山・０１・新井薬師前,東京都中野区松が丘２,79000.0,5000.0,79000.0,79000.0,3,1R,20.85,3,4,新井薬師前駅,6,6.50,124976.91,82826.39,524,879,1,0.08863223419741623
https://suumo.jp/chintai/jnc_000106689477/?bc=100493827291,ＪＲ中央線 中野駅 6階建 築19年,東京都中野区上高田２,200000.0,10000.0,200000.0,200000.0,1,1LDK,67.3,19,6,新井薬師前駅,10,12.00,124976.91,170377.07,524,811,1,0.03674316718324144
https://suumo.jp/chintai/jnc_000106366601/?bc=100506627328,パレス新井薬師,東京都中野区松が丘２,148000.0,7000.0,148000.0,148000.0,1,1LDK,40.49,2,3,新井薬師前駅,8,14.00,124976.91,170377.07,524,811,1,0.09496681202670143
https://suumo.jp/chintai/jnc_000107091953/?bc=100506164393,Ｒｙｏｃｏｈ　Ｒｅｓｉｄｅｎｃｅ　I,東京都中野区新井４,113000.0,10000.0,113000.0,,7,1K,26.46,4,9,新井薬師前駅,8,10.00,124976.91,98445.68,524,1447,1,0.10805121159976488
https://suumo.jp/chintai/jnc_000107091954/?bc=100506164390,Ｒｙｏｃｏｈ　Ｒｅｓｉｄｅｎｃｅ　I,東京都中野区新井４,115000.0,10000.0,115000.0,,9,1K,26.46,4,9,新井薬師前駅,8,10.00,124976.91,98445.68,524,1447,1,0.09367237719572025
https://suumo.jp/chintai/jnc_000104519160/?bc=100485535974,アーバンプレイス中野IVB,東京都中野区上高田３,46500.0,,46500.0,46500.0,1,1R,10.72,17,2,新井薬師前駅,3,10.33,124976.91,82826.39,524,879,1,0.07412709633059716
https://suumo.jp/chintai/jnc_000105826279/?bc=100505684474,S-Farbe中野松が丘ANNEX,東京都中野区松が丘１,105000.0,20000.0,,,1,1K,28.16,3,4,新井薬師前駅,4,11.33,124976.91,98445.68,524,1447,1,0.09077664075104108
https://suumo.jp/chintai/jnc_000105438428/?bc=100498528233,S-Farbe中野松が丘ANNEX,東京都中野区松が丘１,105000.0,15000.0,,105000.0,3,1K,25.81,3,4,新井薬師前駅,4,11.33,124976.91,98445.68,524,1447,1,0.12211869559176897
https://suumo.jp/chintai/jnc_000106913466/?bc=100504929017,ｓｅ－ｋ－ｒｙｕ,東京都中野区上高田５,72000.0,3000.0,72000.0,72000.0,1,1K,16.14,23,2,新井薬師前駅,10,12.33,124976.91,98445.68,524,1447,1,0.10610260906792074
https://suumo.jp/chintai/jnc_000106712940/?bc=100504837427,西武新宿線 新井薬師前駅 3階建 築7年,東京都中野区上高田２,135000.0,5000.0,135000.0,135000.0,1,1LDK,36.85,7,3,新井薬師前駅,5,14.67,124976.91,170377.07,524,811,1,0.09121882143999044
https://suumo.jp/chintai/jnc_000106120766/?bc=100497980856,アーバンハイツ,東京都中野区上高田５,53000.0,,53000.0,,3,1R,15.0,41,4,新井薬師前駅,4,11.33,124976.91,82826.39,524,879,1,0.08940445209302816
https://suumo.jp/chintai/jnc_000106813444/?bc=100506018051,ｓｅ－ｋ－ｒｙｕ,東京都中野区上高田５,72000.0,3000.0,72000.0,72000.0,1,1K,17.34,23,2,新井薬師前駅,10,16.67,124976.91,98445.68,524,1447,1,0.06811876971701519
https://suumo.jp/chintai/jnc_000107189127/?bc=100506756889,ｓｅ－ｋ－ｒｙｕ,東京都中野区上高田５,63000.0,3000.0,63000.0,63000.0,1,1K,17.93,23,2,新井薬師前駅,10,12.33,124976.91,98445.68,524,1447,1,0.10811749984205427
https://suumo.jp/chintai/jnc_000070077474/?bc=100499187945,アーバンハイツ,東京都中野区上高田５,52000.0,,52000.0,,1,1R,16.0,41,4,新井薬師前駅,4,11.33,124976.91,82826.39,524,879,1,0.09165712091048134
https://suumo.jp/chintai/jnc_000105265711/?bc=100492018741,Well-b中野,東京都中野区上高田２,44000.0,3000.0,,,2,1R,9.91,36,2,新井薬師前駅,8,11.00,124976.91,82826.39,524,879,1,0.06356074917551102
https://suumo.jp/chintai/jnc_000106882308/?bc=100504909256,プライム新井,東京都中野区新井４,86000.0,4000.0,,86000.0,4,1K,22.32,15,4,新井薬師前駅,5,11.67,124976.91,98445.68,524,1447,1,0.14189508560704794
https://suumo.jp/chintai/jnc_000107221854/?bc=100507043640,ＪＲ中央線 中野駅 6階建 築19年,東京都中野区上高田２,190000.0,10000.0,190000.0,190000.0,4,1LDK,41.13,19,6,新井薬師前駅,10,12.00,124976.91,170377.07,524,811,1,0.09080312620668651
https://suumo.jp/chintai/jnc_000106467379/?bc=100501821482,SQUARES,東京都中野区上高田４,118000.0,8000.0,118000.0,,2,1K,35.64,32,4,新井薬師前駅,8,11.67,124976.91,98445.68,524,1447,1,0.12817280215128968
https://suumo.jp/chintai/jnc_000106831537/?bc=100504355042,Walea Hale nakano,東京都中野区新井４,62000.0,4000.0,,62000.0,2,1R,11.04,4,2,新井薬師前駅,7,10.00,124976.91,82826.39,524,879,1,0.0940367296964838
https://suumo.jp/chintai/jnc_000106081803/?bc=100498661584,Dacha,東京都中野区上高田４,100000.0,5000.0,100000.0,100000.0,3,1K,25.7,12,4,新井薬師前駅,5,11.67,124976.91,98445.68,524,1447,1,0.1517164589614282
https://suumo.jp/chintai/jnc_000105585362/?bc=100416478281,エンブレイスガーデン中野,東京都中野区新井３,177000.0,3000.0,,177000.0,4,1LDK,53.78,25,4,新井薬師前駅,9,11.00,124976.91,170377.07,524,811,1,0.06025897752914294
https://suumo.jp/chintai/jnc_000105585368/?bc=100497608820,プレール・ドゥーク中野上高田,東京都中野区上高田３,156000.0,10000.0,,156000.0,1,1LDK,40.5,2,4,新井薬師前駅,7,10.67,124976.91,170377.07,524,811,1,0.11784922944109866
https://suumo.jp/chintai/jnc_000105555065/?bc=100505684999,ｄｏ Ｌａ Ｔｏｕｒ 中野,東京都中野区上高田２,73000.0,4000.0,36500.0,109500.0,1,1K,16.2,8,3,新井薬師前駅,9,12.33,124976.91,98445.68,524,1447,1,0.12134412691823782
https://suumo.jp/chintai/jnc_000072080012/?bc=100504507276,Ｔ’ｓ　ｇａｒｄｅｎ中野,東京都中野区上高田１,75000.0,3000.0,75000.0,,4,1K,18.58,24,4,新井薬師前駅,13,14.33,124976.91,98445.68,524,1447,1,0.0669236112271489
https://suumo.jp/chintai/jnc_000102755807/?bc=100472212992,Alivis中野,東京都中野区上高田２,136000.0,15000.0,,136000.0,2,1K,28.67,0,5,新井薬師前駅,10,13.00,124976.91,98445.68,524,1447,1,0.09569319973675416
https://suumo.jp/chintai/jnc_000106192330/?bc=100504033057,パーク　スクエア,東京都中野区新井１,164500.0,5800.0,164500.0,164500.0,2,1LDK,43.93,6,8,新井薬師前駅,8,10.33,124976.91,170377.07,524,811,1,0.10117963955234638
https://suumo.jp/chintai/jnc_000106893940/?bc=100501590903,ＪＲ中央線 中野駅 7階建 築3年,東京都中野区新井１,143000.0,10000.0,143000.0,143000.0,4,1LDK,30.53,3,7,新井薬師前駅,10,12.67,124976.91,170377.07,524,811,1,0.0872342315928315
https://suumo.jp/chintai/jnc_000074722241/?bc=100506413925,my plan 中野上高田,東京都中野区上高田５,59000.0,3000.0,59000.0,,2,1R,11.39,5,2,新井薬師前駅,8,13.00,124976.91,82826.39,524,879,1,0.07774570887263704
https://suumo.jp/chintai/jnc_000103735165/?bc=100481829250,ＭＫＣ新井薬師ハイツ,東京都中野区上高田５,55000.0,5000.0,55000.0,,3,1R,14.85,41,3,新井薬師前駅,4,13.33,124976.91,82826.39,524,879,1,0.08052482353381396
https://suumo.jp/chintai/jnc_000089087229/?bc=100500937827,西武新宿線 新井薬師前駅 4階建 築3年,東京都中野区松が丘１,180000.0,12000.0,180000.0,,3,1LDK,42.08,3,4,新井薬師前駅,3,10.67,124976.91,170377.07,524,811,1,0.10755670678900603
https://suumo.jp/chintai/jnc_000105722054/?bc=100500359923,コンフォリア中野,東京都中野区上高田２,208000.0,10000.0,208000.0,,-1,1LDK,67.3,19,7,新井薬師前駅,10,13.33,124976.91,170377.07,524,811,1,0.024138844126445846
https://suumo.jp/chintai/jnc_000105722054/?bc=100500359923,コンフォリア中野,東京都中野区上高田２,208000.0,10000.0,208000.0,,0,1LDK,67.3,19,7,新井薬師前駅,10,13.33,124976.91,170377.07,524,811,1,0.028644567804356924
https://suumo.jp/chintai/jnc_000105722054/?bc=100500359923,コンフォリア中野,東京都中野区上高田２,208000.0,10000.0,208000.0,,1,1LDK,67.3,19,7,新井薬師前駅,10,13.33,124976.91,170377.07,524,811,1,0.03349230820471494
https://suumo.jp/chintai/jnc_000107210274/?bc=100507046154,コンフォリア中野,東京都中野区上高田２,190000.0,10000.0,190000.0,190000.0,4,1LDK,41.13,19,7,新井薬師前駅,10,13.33,124976.91,170377.07,524,811,1,0.08014724053470823
https://suumo.jp/chintai/jnc_000100938850/?bc=100467394580,コンフォリア中野,東京都中野区上高田２,174000.0,10000.0,174000.0,,3,1LDK,41.1,19,7,新井薬師前駅,10,13.33,124976.91,170377.07,524,811,1,0.08469640770757503
https://suumo.jp/chintai/jnc_000106684405/?bc=100480867155,コンフォリア中野,東京都中野区上高田２,200000.0,10000.0,200000.0,200000.0,1,1LDK,67.3,19,7,新井薬師前駅,10,13.33,124976.91,170377.07,524,811,1,0.03285204154272209
https://suumo.jp/chintai/jnc_000105628446/?bc=100495552685,エコフォレスト,東京都中野区江古田１,130000.0,7000.0,,260000.0,2,1LDK,42.55,12,2,新井薬師前駅,13,14.00,124976.91,170377.07,524,811,1,0.07387854017945167
https://suumo.jp/chintai/jnc_000106802081/?bc=100504083116,中野サンモールテラス,東京都中野区上高田２,140000.0,,140000.0,140000.0,1,3K,34.92,61,2,新井薬師前駅,10,11.33,124976.91,138250.00,524,4,1,0.018568652738592428
https://suumo.jp/chintai/jnc_000107117086/?bc=100507044248,コンフォリア中野,東京都中野区上高田２,197000.0,10000.0,197000.0,197000.0,1,1LDK,67.3,19,7,新井薬師前駅,10,13.33,124976.91,170377.07,524,811,1,0.03285204154272209
https://suumo.jp/chintai/jnc_000106684404/?bc=100503663894,コンフォリア中野,東京都中野区上高田２,200000.0,10000.0,200000.0,200000.0,1,1LDK,67.32,19,7,新井薬師前駅,10,13.33,124976.91,170377.07,524,811,1,0.03285204154272209
https://suumo.jp/chintai/jnc_000096054226/?bc=100483267508,posada-rinca中野,東京都中野区新井１,203000.0,6000.0,203000.0,203000.0,2,1LDK,46.0,4,4,新井薬師前駅,5,7.50,124976.91,170377.07,524,811,1,0.1029288039828164
https://suumo.jp/chintai/jnc_000107117070/?bc=100506283807,エスパーダ新井薬師,東京都中野区新井５,124000.0,3000.0,124000.0,124000.0,1,1LDK,41.06,10,3,新井薬師前駅,3,9.00,124976.91,170377.07,524,811,1,0.07492104806661182
https://suumo.jp/chintai/jnc_000105857834/?bc=100497080233,西武新宿線 新井薬師前駅 5階建 築30年,東京都中野区新井１,150000.0,10000.0,150000.0,150000.0,3,2LDK,51.39,30,5,新井薬師前駅,8,10.50,124976.91,243512.76,524,392,1,0.08681233751818845
https://suumo.jp/chintai/jnc_000105999964/?bc=100499000316,西武新宿線 新井薬師前駅 地上2階建 築9年,東京都中野区上高田４,257000.0,3000.0,257000.0,257000.0,1,3LDK,86.95,9,2,新井薬師前駅,7,13.00,124976.91,281205.13,524,156,-1,-0.0012752574243459769
https://suumo.jp/chintai/jnc_000105999964/?bc=100499000316,西武新宿線 新井薬師前駅 地上2階建 築9年,東京都中野区上高田４,257000.0,3000.0,257000.0,257000.0,2,3LDK,86.95,9,2,新井薬師前駅,7,13.00,124976.91,281205.13,524,156,1,0.0036282113815667705
https://suumo.jp/chintai/jnc_000106877007/?bc=100505833882,西武新宿線 新井薬師前駅 地上2階建 築9年,東京都中野区上高田４,247000.0,3000.0,247000.0,247000.0,1,3LDK,86.95,9,2,新井薬師前駅,7,13.00,124976.91,281205.13,524,156,1,0.0022719034209967015
https://suumo.jp/chintai/jnc_000106877007/?bc=100505833882,西武新宿線 新井薬師前駅 地上2階建 築9年,東京都中野区上高田４,247000.0,3000.0,247000.0,247000.0,2,3LDK,86.95,9,2,新井薬師前駅,7,13.00,124976.91,281205.13,524,156,1,0.00714204415987052
https://suumo.jp/chintai/jnc_000107162410/?bc=100505558053,西武新宿線 新井薬師前駅 地上2階建 築9年,東京都中野区上高田４,237000.0,3000.0,237000.0,237000.0,1,3LDK,86.95,9,2,新井薬師前駅,7,13.00,124976.91,281205.13,524,156,1,0.0005154352573952803
https://suumo.jp/chintai/jnc_000028334076/?bc=100505684586,山口方,東京都中野区松が丘１,54000.0,1000.0,54000.0,54000.0,2,1DK,22.0,46,2,新井薬師前駅,5,12.00,124976.91,130743.78,524,402,1,0.09554220138731012
https://suumo.jp/chintai/jnc_000107189126/?bc=100506776636,ルナリアウエスト上高田,東京都中野区上高田１,225000.0,14000.0,,450000.0,2,2LDK,59.05,0,3,新井薬師前駅,12,14.00,124976.91,243512.76,524,392,1,0.03506861333882155
https://suumo.jp/chintai/jnc_000028334075/?bc=100505684515,山口方,東京都中野区松が丘１,54000.0,1000.0,54000.0,54000.0,1,1DK,22.0,46,2,新井薬師前駅,5,12.00,124976.91,130743.78,524,402,1,0.08775166363754194
https://suumo.jp/chintai/jnc_000106750307/?bc=100503995521,ルーブル新宿西落合七番館,東京都新宿区西落合２,85500.0,9500.0,,85500.0,1,1K,20.25,22,5,新井薬師前駅,6,14.00,124976.91,98445.68,524,1447,1,0.1191033151335873
https://suumo.jp/chintai/jnc_000106843371/?bc=100505549150,ルーブル新宿西落合七番館,東京都新宿区西落合２,94000.0,5000.0,,94000.0,5,1K,20.25,22,5,新井薬師前駅,6,14.00,124976.91,98445.68,524,1447,1,0.11456083977723402
https://suumo.jp/chintai/jnc_000100545742/?bc=100505988144,ラティエラ中野新井,東京都中野区新井１,238000.0,20000.0,238000.0,238000.0,7,2LDK,42.97,0,8,新井薬師前駅,9,11.00,124976.91,243512.76,524,392,1,0.052589785017050916
https://suumo.jp/chintai/jnc_000104491991/?bc=100505992334,ラティエラ中野新井,東京都中野区新井１,234000.0,20000.0,234000.0,,5,2LDK,42.97,0,8,新井薬師前駅,9,11.00,124976.91,243512.76,524,392,1,0.06078048387731133
https://suumo.jp/chintai/jnc_000106087878/?bc=100498777954,西武新宿線 新井薬師前駅 5階建 築4年,東京都中野区新井５,107000.0,15000.0,107000.0,107000.0,1,1DK,25.76,4,5,新井薬師前駅,3,10.67,124976.91,130743.78,524,402,1,0.13253914649196213
https://suumo.jp/chintai/jnc_000106802073/?bc=100504307233,リーラ中野,東京都中野区新井１,134000.0,8000.0,134000.0,,8,1K,25.8,4,12,新井薬師前駅,9,10.67,124976.91,98445.68,524,1447,1,0.07897581012733773
https://suumo.jp/chintai/jnc_000106087875/?bc=100498167458,ＪＲ中央線 中野駅 9階建 築4年,東京都中野区新井１,160000.0,10000.0,,,9,1R,25.27,4,9,新井薬師前駅,8,9.67,124976.91,82826.39,524,879,1,0.04846044120633791
https://suumo.jp/chintai/jnc_000107203807/?bc=100506891088,ラフィネＫ,東京都中野区松が丘１,83000.0,2000.0,83000.0,83000.0,1,1K,26.7,17,2,新井薬師前駅,5,11.33,124976.91,98445.68,524,1447,1,0.11841207711338336
https://suumo.jp/chintai/jnc_000106067441/?bc=100505988086,ラティエラ中野新井,東京都中野区新井１,160000.0,10000.0,160000.0,160000.0,7,1K,25.36,0,8,新井薬師前駅,9,11.00,124976.91,98445.68,524,1447,1,0.10169875089605918
https://suumo.jp/chintai/jnc_000102274391/?bc=100492744666,ラティエラ中野新井,東京都中野区新井１,159000.0,10000.0,159000.0,159000.0,6,1K,25.36,0,8,新井薬師前駅,9,11.00,124976.91,98445.68,524,1447,1,0.10542155722330909
https://suumo.jp/chintai/jnc_000107009837/?bc=100505673329,西武新宿線 新井薬師前駅 地上2階建 築9年,東京都中野区上高田４,247000.0,3000.0,247000.0,247000.0,1,3LDK,86.95,9,2,新井薬師前駅,7,13.00,124976.91,281205.13,524,156,1,0.0022719034209967015
https://suumo.jp/chintai/jnc_000106366600/?bc=100501795571,西武新宿線 新井薬師前駅 地上3階建 築3年,東京都中野区松が丘１,316000.0,,316000.0,316000.0,1,3LDK,80.1,3,3,新井薬師前駅,6,11.67,124976.91,281205.13,524,156,1,0.011036315232539229
https://suumo.jp/chintai/jnc_000106620078/?bc=100502883439,ＪＲ中央線 中野駅 9階建 築4年,東京都中野区新井１,166000.0,12000.0,,,8,1R,28.11,4,9,新井薬師前駅,8,9.67,124976.91,82826.39,524,879,1,0.04378564858793271
https://suumo.jp/chintai/jnc_000100545736/?bc=100468252921,ラティエラ中野新井,東京都中野区新井１,232000.0,20000.0,232000.0,,4,2LDK,42.97,0,8,新井薬師前駅,9,11.00,124976.91,243512.76,524,392,1,0.0641774032246536
https://suumo.jp/chintai/jnc_000106931700/?bc=100457593680,ペブルハウス上高田,東京都中野区上高田３,93000.0,,93000.0,93000.0,2,1DK,33.0,38,2,新井薬師前駅,5,13.00,124976.91,130743.78,524,402,1,0.13727552512500923
https://suumo.jp/chintai/jnc_000106316019/?bc=100500606026,上高田4丁目団地1号棟,東京都中野区上高田４,120000.0,,120000.0,120000.0,5,2LDK,50.6,56,11,新井薬師前駅,9,13.33,124976.91,243512.76,524,392,1,0.028979412982282904
https://suumo.jp/chintai/jnc_000106597691/?bc=100456565865,上高田4丁目団地1号棟,東京都中野区上高田４,123000.0,10000.0,123000.0,123000.0,5,2LDK,50.6,56,11,新井薬師前駅,9,13.33,124976.91,243512.76,524,392,1,0.02339707665328211
https://suumo.jp/chintai/jnc_000107020925/?bc=100505291141,メゾン飛鳥,東京都中野区松が丘１,70000.0,2000.0,70000.0,,1,1K,17.74,24,2,新井薬師前駅,7,12.00,124976.91,98445.68,524,1447,1,0.11034189364218544
https://suumo.jp/chintai/jnc_000100566142/?bc=100452427598,メゾン松ヶ丘,東京都中野区松が丘１,73000.0,,73000.0,73000.0,3,1K,19.0,46,3,新井薬師前駅,7,12.33,124976.91,98445.68,524,1447,1,0.11836393456572347
https://suumo.jp/chintai/jnc_000098572258/?bc=100437928169,メゾン松ヶ丘,東京都中野区松が丘１,73000.0,,73000.0,73000.0,2,1K,25.11,46,3,新井薬師前駅,7,12.33,124976.91,98445.68,524,1447,1,0.12460326636026986
https://suumo.jp/chintai/jnc_000094984142/?bc=100412424262,メゾン松ヶ丘,東京都中野区松が丘１,73000.0,,73000.0,73000.0,2,1K,22.0,46,3,新井薬師前駅,7,12.33,124976.91,98445.68,524,1447,1,0.1235458244189882
https://suumo.jp/chintai/jnc_000099961748/?bc=100447675074,メゾン松ヶ丘,東京都中野区松が丘１,75000.0,3000.0,75000.0,75000.0,1,1K,20.0,46,3,新井薬師前駅,7,12.33,124976.91,98445.68,524,1447,1,0.10204686841967042
https://suumo.jp/chintai/jnc_000105645455/?bc=100496005308,西武新宿線 新井薬師前駅 5階建 築4年,東京都中野区新井５,110000.0,15000.0,110000.0,110000.0,5,1DK,25.44,4,5,新井薬師前駅,3,10.67,124976.91,130743.78,524,402,1,0.12951424654107485
https://suumo.jp/chintai/jnc_000102755813/?bc=100489775556,Alivis中野,東京都中野区上高田２,176000.0,15000.0,,176000.0,3,1DK,35.78,0,5,新井薬師前駅,10,13.00,124976.91,130743.78,524,402,1,0.12318667661405508
https://suumo.jp/chintai/jnc_000106120765/?bc=100498972335,メゾン中野,東京都中野区上高田５,56000.0,10000.0,,,2,1K,16.88,38,2,新井薬師前駅,10,14.67,124976.91,98445.68,524,1447,1,0.07439947732622698
https://suumo.jp/chintai/jnc_000101338142/?bc=100473972801,西武新宿線 新井薬師前駅 5階建 築36年,東京都中野区新井５,250000.0,10000.0,250000.0,250000.0,5,3LDK,79.5,36,5,新井薬師前駅,4,9.67,124976.91,281205.13,524,156,-1,-0.005838682920839888
https://suumo.jp/chintai/jnc_000102274393/?bc=100459317975,ラティエラ中野新井,東京都中野区新井１,160000.0,10000.0,160000.0,160000.0,7,1DK,25.36,0,8,新井薬師前駅,9,11.00,124976.91,130743.78,524,402,1,0.12910107310782204
https://suumo.jp/chintai/jnc_000103929308/?bc=100505559383,CASA PIAZZA 中野松が丘,東京都中野区松が丘１,188000.0,10000.0,,,3,2LDK,41.02,1,4,新井薬師前駅,7,12.00,124976.91,243512.76,524,392,1,0.09719977736668128
https://suumo.jp/chintai/jnc_000013449252/?bc=100502516011,bliss Nakano,東京都中野区上高田２,73000.0,2000.0,73000.0,,1,1K,18.78,10,3,新井薬師前駅,4,12.33,124976.91,98445.68,524,1447,1,0.10269504698899556
https://suumo.jp/chintai/jnc_000098502260/?bc=100467774435,セレスティア松が丘,東京都中野区松が丘２,260000.0,6000.0,,,2,3LDK,74.45,0,2,新井薬師前駅,6,12.33,124976.91,281205.13,524,156,1,0.024015264839374273
https://suumo.jp/chintai/jnc_000107045718/?bc=100505917743,ＢＬＥＳＳ中野哲学堂　Ｅａｓｔ,東京都中野区上高田５,92000.0,6000.0,92000.0,92000.0,1,1K,27.0,11,3,新井薬師前駅,7,12.33,124976.91,98445.68,524,1447,1,0.15028735275279115
https://suumo.jp/chintai/jnc_000106140503/?bc=100499219018,メルベーユ松が丘,東京都中野区松が丘１,150000.0,5000.0,150000.0,150000.0,2,2LDK,52.1,35,3,新井薬師前駅,6,12.33,124976.91,243512.76,524,392,1,0.08918971582694796
https://suumo.jp/chintai/jnc_000106087874/?bc=100498135681,ＪＲ中央線 中野駅 9階建 築4年,東京都中野区新井１,163000.0,12000.0,,,4,1R,28.11,4,9,新井薬師前駅,8,9.67,124976.91,82826.39,524,879,1,0.06467266370063102
https://suumo.jp/chintai/jnc_000106795056/?bc=100504062681,西武新宿線 新井薬師前駅 2階建 築41年,東京都中野区上高田５,65000.0,2000.0,65000.0,65000.0,1,1DK,24.43,41,2,新井薬師前駅,5,14.00,124976.91,130743.78,524,402,1,0.08471496421186947
https://suumo.jp/chintai/jnc_000105308859/?bc=100493165186,レオパレスサニーウェル 新井,東京都中野区新井３,106000.0,5500.0,,106000.0,3,1K,20.81,18,3,新井薬師前駅,10,17.00,124976.91,98445.68,524,1447,1,0.10094487916518835
https://suumo.jp/chintai/jnc_000106433018/?bc=100501520848,ＪＲ中央線 中野駅 4階建 築38年,東京都中野区新井５,90000.0,,,,2,1R,18.0,38,4,新井薬師前駅,4,9.33,124976.91,82826.39,524,879,1,0.0997307988116875
https://suumo.jp/chintai/jnc_000107162411/?bc=100506623653,マキシヴ中野,東京都中野区上高田５,104000.0,15000.0,104000.0,104000.0,1,1K,25.71,10,3,新井薬師前駅,6,12.33,124976.91,98445.68,524,1447,1,0.1321094981836558
https://suumo.jp/chintai/jnc_000107123446/?bc=100506950102,マキシヴ中野,東京都中野区上高田５,103500.0,15000.0,,103500.0,2,1K,25.71,10,3,新井薬師前駅,6,12.33,124976.91,98445.68,524,1447,1,0.13449393671630788
https://suumo.jp/chintai/jnc_000106705303/?bc=100503663642,マキシヴ中野,東京都中野区上高田５,105000.0,15000.0,105000.0,105000.0,2,1K,25.71,10,3,新井薬師前駅,6,12.33,124976.91,98445.68,524,1447,1,0.1348868264568564
https://suumo.jp/chintai/jnc_000107123447/?bc=100503478931,マキシヴ中野,東京都中野区上高田５,104500.0,15000.0,,104500.0,3,1K,25.71,10,3,新井薬師前駅,6,12.33,124976.91,98445.68,524,1447,1,0.131608510904902
https://suumo.jp/chintai/jnc_000106705305/?bc=100504175618,マキシヴ中野,東京都中野区上高田５,106000.0,15000.0,106000.0,106000.0,3,1K,25.71,10,3,新井薬師前駅,6,12.33,124976.91,98445.68,524,1447,1,0.13200433669843337
https://suumo.jp/chintai/jnc_000105138398/?bc=100408235310,Le ciel,東京都中野区上高田５,180000.0,2000.0,,180000.0,2,2LDK,76.68,15,2,新井薬師前駅,6,15.67,124976.91,243512.76,524,392,1,0.01073623874686136
https://suumo.jp/chintai/jnc_000102747040/?bc=100501918715,ＪＲ中央線 中野駅 5階建 築1年,東京都中野区上高田２,212500.0,15000.0,,,1,1LDK,44.73,1,5,新井薬師前駅,10,12.67,124976.91,170377.07,524,811,1,0.0759584266268678
https://suumo.jp/chintai/jnc_000084735906/?bc=100504083169,第Iアミーゴ,東京都中野区上高田２,47000.0,1000.0,,,2,1K,12.45,36,2,新井薬師前駅,4,9.50,124976.91,98445.68,524,1447,1,0.07088911509519619
https://suumo.jp/chintai/jnc_000106402093/?bc=100502793180,レグルス上高田,東京都中野区上高田３,92000.0,8000.0,92000.0,92000.0,2,1K,28.69,16,5,新井薬師前駅,9,12.67,124976.91,98445.68,524,1447,1,0.138919921423296
https://suumo.jp/chintai/jnc_000106908855/?bc=100505867932,ロイヤルガーデン哲学堂,東京都中野区松が丘１,79000.0,6000.0,79000.0,79000.0,2,1K,19.95,27,7,新井薬師前駅,8,12.00,124976.91,98445.68,524,1447,1,0.13641765416066087
https://suumo.jp/chintai/jnc_000105123405/?bc=100501383791,ロイヤルガーデン哲学堂,東京都中野区松が丘１,85000.0,15000.0,85000.0,85000.0,6,1K,19.95,27,7,新井薬師前駅,8,12.00,124976.91,98445.68,524,1447,1,0.09639764115139582
https://suumo.jp/chintai/jnc_000106146936/?bc=100499266821,ミネハイツ,東京都中野区上高田２,73000.0,2000.0,73000.0,,3,1K,18.9,30,3,新井薬師前駅,6,10.33,124976.91,98445.68,524,1447,1,0.10875603923334382
https://suumo.jp/chintai/jnc_000106870805/?bc=100504840232,ミハス中野新井薬師II,東京都中野区上高田２,79000.0,6000.0,,79000.0,1,1K,23.18,4,3,新井薬師前駅,5,11.00,124976.91,98445.68,524,1447,1,0.14240254625069898
https://suumo.jp/chintai/jnc_000104348360/?bc=100504522807,ミモザ哲学堂,東京都中野区松が丘２,83000.0,3000.0,,,1,1K,20.12,2,3,新井薬師前駅,10,12.33,124976.91,98445.68,524,1447,1,0.11658631235669048
https://suumo.jp/chintai/jnc_000107194831/?bc=100505685245,吉野ダイヤモンドビル,東京都中野区上高田３,123000.0,3000.0,123000.0,,2,2K,37.5,37,3,新井薬師前駅,5,14.00,124976.91,136763.16,524,114,1,0.02076719001257632
https://suumo.jp/chintai/jnc_000098970444/?bc=100503467325,吉野ダイヤモンドビル,東京都中野区上高田３,120000.0,3000.0,120000.0,,2,2K,37.5,37,3,新井薬師前駅,5,14.00,124976.91,136763.16,524,114,1,0.02042888947194199
https://suumo.jp/chintai/jnc_000103205285/?bc=100493559669,エスティメゾン哲学堂,東京都中野区松が丘２,147000.0,12000.0,147000.0,147000.0,6,1DK,36.53,17,8,新井薬師前駅,10,13.00,124976.91,130743.78,524,402,1,0.11035005951315224
https://suumo.jp/chintai/jnc_000071906610/?bc=100503105096,大和屋第二ビル,東京都中野区上高田２,85000.0,,,,4,2K,30.0,41,4,新井薬師前駅,5,15.67,124976.91,136763.16,524,114,1,0.013205778434217774
https://suumo.jp/chintai/jnc_000106592707/?bc=100498519730,「防音マンション」ジェイグランコート中野,東京都中野区新井２,224000.0,15000.0,,224000.0,4,2K,39.8,0,9,新井薬師前駅,10,10.67,124976.91,136763.16,524,114,1,0.01635726993304365
https://suumo.jp/chintai/jnc_000106592706/?bc=100498519728,「防音マンション」ジェイグランコート中野,東京都中野区新井２,247000.0,15000.0,,247000.0,4,2K,43.5,0,9,新井薬師前駅,10,10.67,124976.91,136763.16,524,114,1,0.015070853577943577
https://suumo.jp/chintai/jnc_000106592710/?bc=100498519726,「防音マンション」ジェイグランコート中野,東京都中野区新井２,224000.0,15000.0,,224000.0,6,2K,39.8,0,9,新井薬師前駅,10,10.67,124976.91,136763.16,524,114,1,0.01011753469540344
https://suumo.jp/chintai/jnc_000104055252/?bc=100495091985,西武新宿線 新井薬師前駅 4階建 築1年,東京都中野区松が丘１,190000.0,10000.0,,,2,2LDK,41.02,1,4,新井薬師前駅,7,8.00,124976.91,243512.76,524,392,1,0.0932317643321326
https://suumo.jp/chintai/jnc_000105943076/?bc=100497436105,ＪＲ総武線 中野駅 地上2階建 新築,東京都中野区上高田２,250000.0,,500000.0,250000.0,1,3LDK,71.2,0,2,新井薬師前駅,9,13.00,124976.91,281205.13,524,156,1,0.012754356033648273
https://suumo.jp/chintai/jnc_000105943076/?bc=100497436105,ＪＲ総武線 中野駅 地上2階建 新築,東京都中野区上高田２,250000.0,,500000.0,250000.0,2,3LDK,71.2,0,2,新井薬師前駅,9,13.00,124976.91,281205.13,524,156,1,0.017460568536459276
https://suumo.jp/chintai/jnc_000104044402/?bc=100505686993,西武新宿線 新井薬師前駅 4階建 築1年,東京都中野区松が丘１,188000.0,10000.0,,,3,2LDK,41.02,1,4,新井薬師前駅,7,8.00,124976.91,243512.76,524,392,1,0.09380968836739273
https://suumo.jp/chintai/jnc_000105258365/?bc=100487085375,上高田2丁目AP,東京都中野区上高田２,93000.0,2000.0,93000.0,93000.0,1,1K,23.5,0,2,新井薬師前駅,10,10.00,124976.91,98445.68,524,1447,1,0.09544781173011496
https://suumo.jp/chintai/jnc_000105258367/?bc=100487085391,上高田2丁目AP,東京都中野区上高田２,94000.0,2000.0,94000.0,94000.0,2,1K,23.5,0,2,新井薬師前駅,10,10.00,124976.91,98445.68,524,1447,1,0.09826457908557634
https://suumo.jp/chintai/jnc_000106592709/?bc=100498519724,「防音マンション」ジェイグランコート中野,東京都中野区新井２,247000.0,15000.0,,247000.0,6,2K,43.5,0,9,新井薬師前駅,10,10.67,124976.91,136763.16,524,114,1,0.009558248217628296
https://suumo.jp/chintai/jnc_000106592714/?bc=100498519723,「防音マンション」ジェイグランコート中野,東京都中野区新井２,173000.0,15000.0,,173000.0,9,1K,30.66,0,9,新井薬師前駅,10,10.67,124976.91,98445.68,524,1447,1,0.06156426445465374
https://suumo.jp/chintai/jnc_000106592713/?bc=100498519731,「防音マンション」ジェイグランコート中野,東京都中野区新井２,228000.0,15000.0,,228000.0,8,2K,39.8,0,9,新井薬師前駅,10,10.67,124976.91,136763.16,524,114,1,0.0006701464163761939
https://suumo.jp/chintai/jnc_000106939549/?bc=100506957449,グランシャン,東京都中野区上高田５,135000.0,4600.0,,270000.0,2,2K,40.41,14,3,新井薬師前駅,3,15.00,124976.91,136763.16,524,114,1,0.02294215622258211
https://suumo.jp/chintai/jnc_000106126864/?bc=100499041401,シティインデックス中野,東京都中野区新井１,275000.0,18000.0,275000.0,275000.0,6,2LDK,56.88,8,7,新井薬師前駅,7,9.67,124976.91,243512.76,524,392,1,0.059832482375590024
https://suumo.jp/chintai/jnc_000043048515/?bc=100473972103,西武新宿線 新井薬師前駅 2階建 築46年,東京都中野区松が丘１,54000.0,1000.0,54000.0,54000.0,1,1DK,22.0,46,2,新井薬師前駅,5,12.00,124976.91,130743.78,524,402,1,0.08775166363754194
https://suumo.jp/chintai/jnc_000106255867/?bc=100506897429,西武新宿線 新井薬師前駅 6階建 築4年,東京都中野区上高田１,124000.0,15000.0,,124000.0,2,2K,30.07,4,6,新井薬師前駅,9,12.33,124976.91,136763.16,524,114,1,0.04900253162264534
https://suumo.jp/chintai/jnc_000106409420/?bc=100504722164,シーズマンション,東京都中野区上高田３,75000.0,,75000.0,75000.0,2,1DK,25.0,34,3,新井薬師前駅,5,10.67,124976.91,130743.78,524,402,1,0.15579473564759222
https://suumo.jp/chintai/jnc_000106592712/?bc=100498519729,「防音マンション」ジェイグランコート中野,東京都中野区新井２,251000.0,15000.0,,251000.0,8,2K,43.5,0,9,新井薬師前駅,10,10.67,124976.91,136763.16,524,114,1,0.0024625141294708497
https://suumo.jp/chintai/jnc_000098993145/?bc=100504384319,西武新宿線 新井薬師前駅 3階建 築37年,東京都中野区上高田３,120000.0,3000.0,120000.0,,2,2K,37.5,37,3,新井薬師前駅,4,14.33,124976.91,136763.16,524,114,1,0.013764383795416668
https://suumo.jp/chintai/jnc_000106966643/?bc=100505709337,ハーモニーレジデンス中野NORTH ARAI,東京都中野区新井５,110000.0,15000.0,110000.0,110000.0,4,1DK,25.44,4,5,新井薬師前駅,4,10.33,124976.91,130743.78,524,402,1,0.14166961653653198
https://suumo.jp/chintai/jnc_000106140442/?bc=100499219031,五十嵐荘,東京都中野区新井１,53700.0,,53700.0,53700.0,1,1K,15.6,67,2,新井薬師前駅,7,10.00,124976.91,98445.68,524,1447,1,0.0693486437680973
https://suumo.jp/chintai/jnc_000106192329/?bc=100447840420,五十嵐荘,東京都中野区新井１,53700.0,,53700.0,53700.0,2,1K,17.3,67,2,新井薬師前駅,7,10.00,124976.91,98445.68,524,1447,1,0.07736308752636278
https://suumo.jp/chintai/jnc_000106939548/?bc=100505162887,西武新宿線 新井薬師前駅 3階建 築26年,東京都中野区上高田５,116000.0,4000.0,116000.0,116000.0,1,2K,37.51,26,3,新井薬師前駅,7,10.67,124976.91,136763.16,524,114,1,0.037195045345331856
https://suumo.jp/chintai/jnc_000106939548/?bc=100505162887,西武新宿線 新井薬師前駅 3階建 築26年,東京都中野区上高田５,116000.0,4000.0,116000.0,116000.0,2,2K,37.51,26,3,新井薬師前駅,7,10.67,124976.91,136763.16,524,114,1,0.047460168138438896
https://suumo.jp/chintai/jnc_000106778219/?bc=100504500882,村田ハウス,東京都中野区上高田５,65000.0,2000.0,65000.0,65000.0,1,1DK,24.43,41,2,新井薬師前駅,5,15.00,124976.91,130743.78,524,402,1,0.07838291125386154
https://suumo.jp/chintai/jnc_000107053541/?bc=100506009612,西武新宿線 新井薬師前駅 2階建 築11年,東京都中野区上高田５,92000.0,2000.0,92000.0,92000.0,1,1DK,29.31,11,2,新井薬師前駅,4,14.67,124976.91,130743.78,524,402,1,0.09253519070942307
https://suumo.jp/chintai/jnc_000107020881/?bc=100497835141,パークサイド８９４,東京都中野区新井５,87000.0,2000.0,87000.0,87000.0,-1,2K,30.0,38,3,新井薬師前駅,4,9.33,124976.91,136763.16,524,114,-1,-0.010367426931847668
https://suumo.jp/chintai/jnc_000106582761/?bc=100505010764,パームグローヴ,東京都中野区新井１,212000.0,3000.0,212000.0,212000.0,2,2K,46.7,17,2,新井薬師前駅,9,10.33,124976.91,136763.16,524,114,1,0.023632959758078775
https://suumo.jp/chintai/jnc_000106597653/?bc=100503437165,西武新宿線 新井薬師前駅 2階建 築18年,東京都中野区新井１,212000.0,3000.0,212000.0,212000.0,2,2K,46.7,18,2,新井薬師前駅,9,11.00,124976.91,136763.16,524,114,1,0.02923811579600699
https://suumo.jp/chintai/jnc_000106592704/?bc=100498519725,「防音マンション」ジェイグランコート中野,東京都中野区新井２,221000.0,15000.0,,221000.0,2,2K,39.8,0,9,新井薬師前駅,10,10.67,124976.91,136763.16,524,114,1,0.022842315976774885
https://suumo.jp/chintai/jnc_000106321995/?bc=100502392799,西武新宿線 新井薬師前駅 8階建 築37年,東京都中野区江古田１,210000.0,,210000.0,210000.0,4,2LDK,75.6,37,8,新井薬師前駅,12,14.33,124976.91,243512.76,524,392,1,0.002355417968138762
https://suumo.jp/chintai/jnc_000106959614/?bc=100505627373,パステル中野,東京都中野区新井５,172000.0,10000.0,172000.0,206400.0,3,2LDK,52.08,40,6,新井薬師前駅,6,10.67,124976.91,243512.76,524,392,1,0.08287078668178205
https://suumo.jp/chintai/jnc_000104801712/?bc=100468551630,ＪＲ中央線 中野駅 2階建 築51年,東京都中野区上高田２,63000.0,2000.0,63000.0,63000.0,1,1R,18.0,51,2,新井薬師前駅,10,12.33,124976.91,82826.39,524,879,1,0.04521824886440534
https://suumo.jp/chintai/jnc_000106592703/?bc=100498519733,「防音マンション」ジェイグランコート中野,東京都中野区新井２,244000.0,15000.0,,244000.0,2,2K,43.5,0,9,新井薬師前駅,10,10.67,124976.91,136763.16,524,114,1,0.020644901500108226
https://suumo.jp/chintai/jnc_000104348329/?bc=100480719565,ＪＲ中央線 中野駅 2階建 築51年,東京都中野区上高田２,60000.0,2000.0,60000.0,60000.0,1,1R,17.0,51,2,新井薬師前駅,10,12.33,124976.91,82826.39,524,879,1,0.043755030699643815
https://suumo.jp/chintai/jnc_000106843730/?bc=100504402868,大和屋第二ビル,東京都中野区上高田２,58000.0,,,,3,1K,18.0,41,4,新井薬師前駅,5,15.67,124976.91,98445.68,524,1447,1,0.0868008145971802
https://suumo.jp/chintai/jnc_000107155456/?bc=100506532224,天海荘,東京都中野区新井５,28000.0,,28000.0,28000.0,2,1K,13.2,57,2,新井薬師前駅,5,9.33,124976.91,98445.68,524,1447,1,0.07028198725860718
https://suumo.jp/chintai/jnc_000106081796/?bc=100500253463,ハーモニーレジデンス中野NORTH ARAI,東京都中野区新井５,107000.0,15000.0,107000.0,107000.0,1,1DK,25.44,4,5,新井薬師前駅,4,10.33,124976.91,130743.78,524,402,1,0.1384697588342086
https://suumo.jp/chintai/jnc_000106211913/?bc=100503946708,メゾン大国,東京都中野区上高田２,100000.0,2000.0,100000.0,100000.0,2,1DK,38.09,17,2,新井薬師前駅,5,14.33,124976.91,130743.78,524,402,1,0.10714387425828292
https://suumo.jp/chintai/jnc_000100746010/?bc=100432037297,ルネ・マツトシ,東京都中野区松が丘２,95000.0,2000.0,95000.0,95000.0,2,2DK,43.5,34,2,新井薬師前駅,12,14.33,124976.91,135945.31,524,128,1,0.003875072507322219
https://suumo.jp/chintai/jnc_000107170257/?bc=100506624356,西武新宿線 沼袋駅 5階建 築15年,東京都中野区新井２,152000.0,6000.0,304000.0,152000.0,4,1DK,40.05,15,5,新井薬師前駅,12,12.33,124976.91,130743.78,524,402,1,0.11760357810805422
https://suumo.jp/chintai/jnc_000100746009/?bc=100432037296,ルネ・マツトシ,東京都中野区松が丘２,95000.0,2000.0,95000.0,95000.0,1,2DK,43.5,34,2,新井薬師前駅,12,14.33,124976.91,135945.31,524,128,1,0.0018768696482569514
https://suumo.jp/chintai/jnc_000101329949/?bc=100505953141,スカイプラザ中野,東京都中野区新井５,250000.0,10000.0,250000.0,250000.0,5,3LDK,79.5,36,5,新井薬師前駅,5,10.00,124976.91,281205.13,524,156,-1,-0.004551405165166722
https://suumo.jp/chintai/jnc_000081616545/?bc=100377949905,ルネ・マツトシ,東京都中野区松が丘２,95000.0,2000.0,95000.0,95000.0,2,2DK,40.05,34,2,新井薬師前駅,12,14.33,124976.91,135945.31,524,128,1,0.007504882965666204
https://suumo.jp/chintai/jnc_000107189121/?bc=100506776634,ルナリアウエスト上高田,東京都中野区上高田１,230000.0,12000.0,,460000.0,1,2LDK,61.49,0,3,新井薬師前駅,12,14.00,124976.91,243512.76,524,392,1,0.03492786049552865
https://suumo.jp/chintai/jnc_000102966888/?bc=100496345702,Alivis中野,東京都中野区上高田２,213000.0,15000.0,,213000.0,2,2DK,44.73,0,5,新井薬師前駅,10,13.00,124976.91,135945.31,524,128,1,0.0315093078898796
https://suumo.jp/chintai/jnc_000106931701/?bc=100505357385,西武新宿線 新井薬師前駅 2階建 築45年,東京都中野区上高田５,95000.0,,95000.0,95000.0,2,2DK,35.0,45,2,新井薬師前駅,4,15.33,124976.91,135945.31,524,128,1,0.024108583822085472
https://suumo.jp/chintai/jnc_000106034597/?bc=100498245319,ＪＲ中央線 中野駅 12階建 築5年,東京都中野区新井１,146000.0,12000.0,146000.0,146000.0,7,1R,30.36,5,12,新井薬師前駅,9,10.67,124976.91,82826.39,524,879,1,0.03749404968685144
https://suumo.jp/chintai/jnc_000106440012/?bc=100501946818,パークサイドマンション松ヶ丘,東京都中野区松が丘２,155000.0,,155000.0,,5,2DK,54.95,42,5,新井薬師前駅,10,12.67,124976.91,135945.31,524,128,1,0.013124436361515945
https://suumo.jp/chintai/jnc_000106925226/?bc=100505054184,西武新宿線 新井薬師前駅 3階建 築26年,東京都中野区上高田５,112000.0,3000.0,112000.0,112000.0,1,2DK,37.51,26,3,新井薬師前駅,7,10.67,124976.91,135945.31,524,128,1,0.05419783912510601
https://suumo.jp/chintai/jnc_000106925226/?bc=100505054184,西武新宿線 新井薬師前駅 3階建 築26年,東京都中野区上高田５,112000.0,3000.0,112000.0,112000.0,2,2DK,37.51,26,3,新井薬師前駅,7,10.67,124976.91,135945.31,524,128,1,0.056732252256355586
https://suumo.jp/chintai/jnc_000027285166/?bc=100504299548,西武新宿線 新井薬師前駅 3階建 築26年,東京都中野区上高田５,112000.0,3000.0,112000.0,112000.0,2,2DK,38.28,26,3,新井薬師前駅,8,14.00,124976.91,135945.31,524,128,1,0.031252363097211966
https://suumo.jp/chintai/jnc_000027285166/?bc=100504299548,西武新宿線 新井薬師前駅 3階建 築26年,東京都中野区上高田５,112000.0,3000.0,112000.0,112000.0,3,2DK,38.28,26,3,新井薬師前駅,8,14.00,124976.91,135945.31,524,128,1,0.02663474156497314
https://suumo.jp/chintai/jnc_000081616546/?bc=100505364263,西武新宿線 新井薬師前駅 2階建 築34年,東京都中野区松が丘２,95000.0,2000.0,95000.0,95000.0,2,2DK,40.0,34,2,新井薬師前駅,10,16.67,124976.91,135945.31,524,128,-1,-0.005573324782578659
https://suumo.jp/chintai/jnc_000106943937/?bc=100505197269,Arbre　Village,東京都中野区江古田１,135000.0,5000.0,135000.0,,1,1LDK,40.0,3,3,新井薬師前駅,14,15.33,124976.91,170377.07,524,811,1,0.05990547293652604
https://suumo.jp/chintai/jnc_000052770688/?bc=100498362059,西武新宿線 新井薬師前駅 3階建 築45年,東京都中野区松が丘２,100000.0,5000.0,100000.0,100000.0,2,2DK,36.0,45,3,新井薬師前駅,7,12.00,124976.91,135945.31,524,128,1,0.06160914979121884
https://suumo.jp/chintai/jnc_000105722053/?bc=100499135340,西武新宿線 新井薬師前駅 2階建 築33年,東京都中野区上高田２,120000.0,,120000.0,120000.0,1,2DK,43.89,33,2,新井薬師前駅,6,13.00,124976.91,135945.31,524,128,1,0.042281593970873776
https://suumo.jp/chintai/jnc_000107091952/?bc=100506801353,シルクヴィラ中野,東京都中野区新井１,130000.0,10000.0,130000.0,130000.0,3,2DK,43.52,38,4,新井薬師前駅,7,10.33,124976.91,135945.31,524,128,1,0.05943508886681975
https://suumo.jp/chintai/jnc_000107117085/?bc=100506264909,HNB,東京都中野区上高田２,73000.0,10000.0,73000.0,73000.0,4,1R,21.02,21,6,新井薬師前駅,7,9.00,124976.91,82826.39,524,879,1,0.09004261373913697
https://suumo.jp/chintai/jnc_000103571148/?bc=100486984067,T’s garden中野新井薬師前,東京都中野区上高田４,330000.0,10000.0,330000.0,,2,4LDK,112.14,32,3,新井薬師前駅,6,13.00,124976.91,309285.71,524,14,-1,-0.029536764923959957
https://suumo.jp/chintai/jnc_000106467371/?bc=100498279662,パステル中野,東京都中野区新井５,149000.0,10000.0,149000.0,149000.0,6,2DK,45.21,40,6,新井薬師前駅,6,10.67,124976.91,135945.31,524,128,1,0.022042054722088977
https://suumo.jp/chintai/jnc_000107013403/?bc=100505707359,K　FLAT,東京都中野区松が丘１,107000.0,3000.0,107000.0,107000.0,1,1DK,30.0,9,2,新井薬師前駅,4,10.33,124976.91,130743.78,524,402,1,0.12777736150117092
https://suumo.jp/chintai/jnc_000107045713/?bc=100506222100,西武新宿線 新井薬師前駅 6階建 築4年,東京都中野区上高田１,124000.0,15000.0,,124000.0,2,1DK,30.03,4,6,新井薬師前駅,9,12.33,124976.91,130743.78,524,402,1,0.14231220385535437
https://suumo.jp/chintai/jnc_000097769292/?bc=100504487642,TRINITE  Bleu,東京都中野区松が丘２,140000.0,5000.0,140000.0,140000.0,2,1K,33.57,29,3,新井薬師前駅,9,16.67,124976.91,98445.68,524,1447,1,0.08678915352148259
https://suumo.jp/chintai/jnc_000106409451/?bc=100501266841,Kolet中野松が丘#03,東京都中野区松が丘１,316000.0,,316000.0,316000.0,1,3LDK,80.1,3,3,新井薬師前駅,6,12.00,124976.91,281205.13,524,156,1,0.01044872609854064
https://suumo.jp/chintai/jnc_000106409451/?bc=100501266841,Kolet中野松が丘#03,東京都中野区松が丘１,316000.0,,316000.0,316000.0,2,3LDK,80.1,3,3,新井薬師前駅,6,12.00,124976.91,281205.13,524,156,1,0.01740593752402353
https://suumo.jp/chintai/jnc_000106409451/?bc=100501266841,Kolet中野松が丘#03,東京都中野区松が丘１,316000.0,,316000.0,316000.0,3,3LDK,80.1,3,3,新井薬師前駅,6,12.00,124976.91,281205.13,524,156,1,0.01222675976675558
https://suumo.jp/chintai/jnc_000106361361/?bc=100501469395,Kolet中野松が丘#03,東京都中野区松が丘１,316000.0,,316000.0,316000.0,1,3LDK,80.1,3,3,新井薬師前駅,6,12.00,124976.91,281205.13,524,156,1,0.01044872609854064
https://suumo.jp/chintai/jnc_000107108897/?bc=100506204858,フォトナ新井薬師前（小久保マンション）,東京都中野区新井５,120000.0,5000.0,120000.0,120000.0,2,2DK,40.0,56,5,新井薬師前駅,2,13.00,124976.91,135945.31,524,128,1,0.014302985238745736
https://suumo.jp/chintai/jnc_000106592711/?bc=100499517823,「防音マンション」ジェイグランコート中野,東京都中野区新井２,167000.0,15000.0,,167000.0,7,1K,30.66,0,9,新井薬師前駅,10,10.67,124976.91,98445.68,524,1447,1,0.07345935034764478
https://suumo.jp/chintai/jnc_000106628559/?bc=100382207403,鈴木ハイツ,東京都中野区上高田５,48000.0,,,,2,1K,17.0,59,2,新井薬師前駅,2,12.67,124976.91,98445.68,524,1447,1,0.060713881687569526
https://suumo.jp/chintai/jnc_000106268326/?bc=100473972106,ＪＲ中央線 中野駅 5階建 築1年,東京都中野区上高田２,218000.0,15000.0,,218000.0,3,2DK,42.75,1,5,新井薬師前駅,10,12.67,124976.91,135945.31,524,128,1,0.03499841850542762
https://suumo.jp/chintai/jnc_000106354769/?bc=100476142777,Alivis中野,東京都中野区上高田２,242000.0,15000.0,,242000.0,2,2LDK,47.73,0,5,新井薬師前駅,10,13.00,124976.91,243512.76,524,392,1,0.0745943705949566
https://suumo.jp/chintai/jnc_000106592705/?bc=100498519727,「防音マンション」ジェイグランコート中野,東京都中野区新井２,164000.0,15000.0,,164000.0,3,1K,30.66,0,9,新井薬師前駅,10,10.67,124976.91,98445.68,524,1447,1,0.09557224967215278
https://suumo.jp/chintai/jnc_000092985040/?bc=100507046823,西武新宿線 新井薬師前駅 3階建 築2年,東京都中野区上高田２,151000.0,15000.0,,151000.0,1,2LDK,40.65,2,3,新井薬師前駅,4,11.33,124976.91,243512.76,524,392,1,0.07138244542411198
https://suumo.jp/chintai/jnc_000107117088/?bc=100506258970,ROSA,東京都中野区上高田３,190000.0,4000.0,190000.0,190000.0,1,2LDK,65.0,42,4,新井薬師前駅,2,2.00,124976.91,243512.76,524,392,-1,-0.006943835477357552
https://suumo.jp/chintai/jnc_000101074811/?bc=100478481985,ＴＭハイツ,東京都新宿区西落合２,65000.0,1000.0,65000.0,65000.0,2,1K,21.0,35,2,新井薬師前駅,8,15.67,124976.91,98445.68,524,1447,1,0.07259984174443829
https://suumo.jp/chintai/jnc_000106608135/?bc=100501624274,日興パレス中野,東京都中野区上高田１,85000.0,5000.0,85000.0,,1,1DK,25.31,44,5,新井薬師前駅,7,11.67,124976.91,130743.78,524,402,1,0.13492902018056313
https://suumo.jp/chintai/jnc_000100545748/?bc=100454178416,ラティエラ中野新井,東京都中野区新井１,243000.0,15000.0,243000.0,243000.0,8,1LDK,41.88,0,8,新井薬師前駅,9,11.00,124976.91,170377.07,524,811,1,0.05184440537498641
https://suumo.jp/chintai/jnc_000105608676/?bc=100494658714,るり館,東京都中野区上高田２,95000.0,4500.0,95000.0,95000.0,1,2K,28.12,20,2,新井薬師前駅,7,14.33,124976.91,136763.16,524,114,1,0.02777453060508528
https://suumo.jp/chintai/jnc_000106106444/?bc=100498287352,石沢ビル,東京都中野区松が丘２,105000.0,5000.0,105000.0,105000.0,2,2K,32.0,45,3,新井薬師前駅,5,7.00,124976.91,136763.16,524,114,1,0.02550911220877472
https://suumo.jp/chintai/jnc_000106248865/?bc=100500196513,ＪＲ山手線 新大久保駅 地下1地上3階建 築18年,東京都新宿区北新宿３,110000.0,4000.0,110000.0,110000.0,1,1K,28.37,18,4,新大久保駅,11,13.00,102500.00,98445.68,2,1447,1,0.11512599483674363
https://suumo.jp/chintai/jnc_000106372317/?bc=100501348981,ＪＲ山手線 新大久保駅 地下1地上3階建 築18年,東京都新宿区北新宿３,95000.0,4000.0,95000.0,95000.0,1,1R,20.83,18,4,新大久保駅,11,13.00,102500.00,82826.39,2,879,1,0.07962370972651928
https://suumo.jp/chintai/jnc_000106863226/?bc=100504833191,プレール・ドゥーク中野江原町,東京都中野区江原町１,147000.0,8000.0,,147000.0,2,1LDK,43.9,12,3,新江古田駅,3,10.33,126623.29,170377.07,73,811,1,0.11476227784700854
https://suumo.jp/chintai/jnc_000023184067/?bc=100502978959,ホワイトシャトレー中野,東京都中野区江古田１,82000.0,3000.0,,,2,2DK,33.95,36,2,新江古田駅,12,12.33,126623.29,135945.31,73,128,1,0.02723242684349153
https://suumo.jp/chintai/jnc_000107087717/?bc=100500957351,朝日クレス・パリオ西落合,東京都新宿区西落合４,240000.0,,240000.0,240000.0,6,3LDK,61.28,31,12,新江古田駅,8,10.33,126623.29,281205.13,73,156,-1,-0.004601384985110424
https://suumo.jp/chintai/jnc_000104211529/?bc=100484143160,レオパレスネオライフ江古田,東京都中野区江古田１,83000.0,5500.0,,83000.0,2,1K,26.08,22,2,新江古田駅,15,17.67,126623.29,98445.68,73,1447,1,0.06943059595744044
https://suumo.jp/chintai/jnc_000103536629/?bc=100480214544,都営大江戸線 新江古田駅 3階建 築2年,東京都中野区江原町１,115500.0,15000.0,,,1,1K,25.56,2,3,新江古田駅,11,13.67,126623.29,98445.68,73,1447,1,0.0892798771399605
https://suumo.jp/chintai/jnc_000094293807/?bc=100505787100,都営大江戸線 新江古田駅 3階建 築29年,東京都中野区江原町１,68000.0,3000.0,68000.0,68000.0,3,1K,23.0,29,3,新江古田駅,4,9.00,126623.29,98445.68,73,1447,1,0.11596929512416759
https://suumo.jp/chintai/jnc_000088389433/?bc=100506945036,都営大江戸線 新江古田駅 2階建 築30年,東京都中野区江原町１,65000.0,1000.0,,,2,1R,14.52,30,2,新江古田駅,8,12.00,126623.29,82826.39,73,879,1,0.07612233086785597
https://suumo.jp/chintai/jnc_000067139438/?bc=100505777937,都営大江戸線 新江古田駅 2階建 築24年,東京都中野区江古田１,62000.0,2000.0,62000.0,,1,1K,16.38,24,2,新江古田駅,12,14.67,126623.29,98445.68,73,1447,1,0.056602443072770625
https://suumo.jp/chintai/jnc_000104211530/?bc=100502643476,都営大江戸線 新江古田駅 2階建 築22年,東京都中野区江古田１,83000.0,5500.0,,83000.0,2,1K,26.08,22,2,新江古田駅,15,16.33,126623.29,98445.68,73,1447,1,0.06943059595744044
https://suumo.jp/chintai/jnc_000106761471/?bc=100497897759,都営大江戸線 新江古田駅 12階建 築31年,東京都新宿区西落合４,198000.0,10000.0,198000.0,198000.0,8,2LDK,56.57,31,12,新江古田駅,8,10.33,126623.29,243512.76,73,392,1,0.03419184281007526
https://suumo.jp/chintai/jnc_000105644884/?bc=100493783157,都営大江戸線 新江古田駅 12階建 築31年,東京都新宿区西落合４,210000.0,10000.0,210000.0,210000.0,8,2LDK,56.57,31,12,新江古田駅,8,10.33,126623.29,243512.76,73,392,1,0.035902596678158816
https://suumo.jp/chintai/jnc_000105616460/?bc=100385552872,e-net哲学堂,東京都中野区江古田１,47000.0,3000.0,,,1,1K,17.0,39,2,新江古田駅,10,13.00,126623.29,98445.68,73,1447,1,0.07760863910242438
https://suumo.jp/chintai/jnc_000104280461/?bc=100484506138,都営大江戸線 新江古田駅 2階建 築15年,東京都中野区江古田１,86000.0,5500.0,,86000.0,1,1K,19.87,15,2,新江古田駅,13,16.00,126623.29,98445.68,73,1447,1,0.07226472932071348
https://suumo.jp/chintai/jnc_000105799920/?bc=100472231266,都営大江戸線 新江古田駅 2階建 築36年,東京都中野区江古田１,43000.0,2000.0,43000.0,,1,1R,14.0,36,2,新江古田駅,13,14.00,126623.29,82826.39,73,879,1,0.020012546368652462
https://suumo.jp/chintai/jnc_000106731983/?bc=100503564684,朝日クレス・パリオ西落合,東京都新宿区西落合４,198000.0,10000.0,198000.0,198000.0,8,2LDK,56.57,31,12,新江古田駅,8,10.33,126623.29,243512.76,73,392,1,0.03419184281007526
https://suumo.jp/chintai/jnc_000106876990/?bc=100504667813,都営大江戸線 新江古田駅 3階建 築12年,東京都中野区江原町１,147000.0,8000.0,,147000.0,2,1LDK,43.9,12,3,新江古田駅,3,10.33,126623.29,170377.07,73,811,1,0.11476227784700854
https://suumo.jp/chintai/jnc_000103481430/?bc=100458539533,Alivis新江古田,東京都中野区江原町１,191000.0,15000.0,,,2,1K,40.37,2,3,新江古田駅,10,13.67,126623.29,98445.68,73,1447,1,0.06938314431932602
https://suumo.jp/chintai/jnc_000106870799/?bc=100505517747,マ・メゾン中野,東京都中野区江原町１,83000.0,,83000.0,166000.0,2,1K,24.84,20,3,新江古田駅,10,11.00,126623.29,98445.68,73,1447,1,0.1423020682951448
https://suumo.jp/chintai/jnc_000105908255/?bc=100500574393,エアリーズ中野,東京都中野区江古田１,135000.0,3000.0,,135000.0,2,1LDK,42.0,13,3,新江古田駅,10,13.67,126623.29,170377.07,73,811,1,0.07299052740287326
https://suumo.jp/chintai/jnc_000063352315/?bc=100472959331,シャトーカネヨ江原,東京都中野区江原町１,145000.0,5000.0,145000.0,145000.0,1,3LDK,64.8,52,3,新江古田駅,8,11.33,126623.29,281205.13,73,156,1,0.006419626659581401
https://suumo.jp/chintai/jnc_000103536642/?bc=100462049500,都営大江戸線 新江古田駅 3階建 築2年,東京都中野区江原町１,191000.0,15000.0,,,2,1LDK,40.66,2,3,新江古田駅,11,13.67,126623.29,170377.07,73,811,1,0.07909981540047034
https://suumo.jp/chintai/jnc_000103536647/?bc=100462049239,都営大江戸線 新江古田駅 3階建 築2年,東京都中野区江原町１,192000.0,15000.0,,,3,1LDK,40.51,2,3,新江古田駅,11,13.67,126623.29,170377.07,73,811,1,0.07506943224149554
https://suumo.jp/chintai/jnc_000106140446/?bc=100499360621,ハウス江原II,東京都中野区江原町３,105000.0,7500.0,,210000.0,1,1DK,28.39,7,3,新江古田駅,8,10.67,126623.29,130743.78,73,402,1,0.15230473752370544
https://suumo.jp/chintai/jnc_000105833455/?bc=100497233938,エアリーズ中野,東京都中野区江古田１,132000.0,3000.0,,132000.0,2,1LDK,40.2,13,3,新江古田駅,10,13.67,126623.29,170377.07,73,811,1,0.07139502943127352
https://suumo.jp/chintai/jnc_000103481422/?bc=100506691467,Alivis新江古田,東京都中野区江原町１,189000.0,15000.0,,,1,1LDK,40.51,2,3,新江古田駅,10,13.67,126623.29,170377.07,73,811,1,0.08392165487254089
https://suumo.jp/chintai/jnc_000100821993/?bc=100496421449,Alivis新江古田,東京都中野区江原町１,210000.0,15000.0,,,3,1LDK,44.69,2,3,新江古田駅,10,13.67,126623.29,170377.07,73,811,1,0.07685564124199218
https://suumo.jp/chintai/jnc_000103481435/?bc=100506691094,Alivis新江古田,東京都中野区江原町１,191000.0,15000.0,,,2,1LDK,40.66,2,3,新江古田駅,10,13.67,126623.29,170377.07,73,811,1,0.0879336449683416
https://suumo.jp/chintai/jnc_000106972107/?bc=100505701435,ｅ ｈｏｕｓｅ,東京都中野区江原町３,92000.0,4000.0,92000.0,92000.0,2,1DK,26.96,17,3,新江古田駅,8,11.00,126623.29,130743.78,73,402,1,0.15848253998182432
https://suumo.jp/chintai/jnc_000103481423/?bc=100475923061,Alivis新江古田,東京都中野区江原町１,189000.0,15000.0,,,1,1LDK,40.66,2,3,新江古田駅,10,13.67,126623.29,170377.07,73,811,1,0.08392165487254089
https://suumo.jp/chintai/jnc_000106838031/?bc=100504367835,都営大江戸線 新江古田駅 3階建 築20年,東京都中野区江原町１,125000.0,15000.0,,125000.0,1,1LDK,40.57,20,3,新江古田駅,9,12.67,126623.29,170377.07,73,811,1,0.0810508875896736
https://suumo.jp/chintai/jnc_000106870800/?bc=100504547098,シャトーカネヨ江原,東京都中野区江原町１,90000.0,5000.0,90000.0,90000.0,1,2DK,32.81,52,3,新江古田駅,8,11.33,126623.29,135945.31,73,128,1,0.04645919454241848
https://suumo.jp/chintai/jnc_000103481421/?bc=100506691593,Alivis新江古田,東京都中野区江原町１,189000.0,15000.0,,,1,1LDK,40.63,2,3,新江古田駅,10,13.67,126623.29,170377.07,73,811,1,0.08392165487254089
https://suumo.jp/chintai/jnc_000105799919/?bc=100413913113,エステートハイツ,東京都中野区江古田１,43000.0,2000.0,43000.0,,1,1R,14.0,36,2,新江古田駅,13,14.00,126623.29,82826.39,73,879,1,0.020012546368652462
https://suumo.jp/chintai/jnc_000106684399/?bc=100506174258,キャピタル,東京都中野区江原町１,79000.0,,79000.0,79000.0,5,1R,27.8,36,5,新江古田駅,5,10.67,126623.29,82826.39,73,879,1,0.09620912860417452
https://suumo.jp/chintai/jnc_000106705274/?bc=100503427387,アクレール江古田,東京都中野区江古田１,102000.0,7000.0,,102000.0,1,2DK,38.2,34,2,新江古田駅,12,13.33,126623.29,135945.31,73,128,1,0.031040684555923514
https://suumo.jp/chintai/jnc_000106628553/?bc=100503089133,都営大江戸線 新江古田駅 7階建 築36年,東京都中野区江原町１,58000.0,5000.0,58000.0,58000.0,2,1R,17.18,36,7,新江古田駅,7,10.00,126623.29,82826.39,73,879,1,0.08811977073494515
https://suumo.jp/chintai/jnc_000103481436/?bc=100455019991,Alivis新江古田,東京都中野区江原町１,191000.0,15000.0,,,2,1LDK,40.79,2,3,新江古田駅,10,13.67,126623.29,170377.07,73,811,1,0.08764080370879185
https://suumo.jp/chintai/jnc_000067082911/?bc=100506691601,アバンサール,東京都中野区江古田１,62000.0,2000.0,62000.0,,1,1K,16.38,24,2,新江古田駅,12,14.67,126623.29,98445.68,73,1447,1,0.056602443072770625
https://suumo.jp/chintai/jnc_000105585365/?bc=100494377582,カーサ・デ・ノーチェ,東京都中野区江古田２,67000.0,3000.0,,,3,1K,21.27,33,3,新江古田駅,10,12.67,126623.29,98445.68,73,1447,1,0.10817598434607156
https://suumo.jp/chintai/jnc_000103536631/?bc=100462049296,都営大江戸線 新江古田駅 3階建 築2年,東京都中野区江原町１,189000.0,15000.0,,,1,1LDK,40.63,2,3,新江古田駅,11,13.67,126623.29,170377.07,73,811,1,0.07649838497681799
https://suumo.jp/chintai/jnc_000106979062/?bc=100505468690,都営大江戸線 新江古田駅 3階建 築52年,東京都中野区江原町１,89000.0,5000.0,89000.0,89000.0,2,2K,32.03,52,3,新江古田駅,10,11.67,126623.29,136763.16,73,114,1,0.00867735525532698
https://suumo.jp/chintai/jnc_000103481434/?bc=100458534520,Alivis新江古田,東京都中野区江原町１,191000.0,15000.0,,,2,1LDK,40.51,2,3,新江古田駅,10,13.67,126623.29,170377.07,73,811,1,0.0879336449683416
https://suumo.jp/chintai/jnc_000100997231/?bc=100502075872,都営大江戸線 新江古田駅 3階建 築2年,東京都中野区江原町１,210000.0,15000.0,,,3,1LDK,44.69,2,3,新江古田駅,11,13.67,126623.29,170377.07,73,811,1,0.06779563469808009
https://suumo.jp/chintai/jnc_000106802077/?bc=100504108570,ＡＸＡＳ中野新江古田,東京都中野区江古田２,90000.0,10000.0,,90000.0,4,1R,28.05,18,6,新江古田駅,10,13.00,126623.29,82826.39,73,879,1,0.06953761607984993
https://suumo.jp/chintai/jnc_000093278480/?bc=100505085542,エクメーネ,東京都中野区江原町１,68000.0,3000.0,68000.0,68000.0,3,1K,23.0,29,3,新江古田駅,4,9.00,126623.29,98445.68,73,1447,1,0.11596929512416759
https://suumo.jp/chintai/jnc_000103481443/?bc=100506690973,Alivis新江古田,東京都中野区江原町１,192000.0,15000.0,,,3,1LDK,40.51,2,3,新江古田駅,10,13.67,126623.29,170377.07,73,811,1,0.08398390275975337
https://suumo.jp/chintai/jnc_000106221389/?bc=100500135007,グラナーデ江古田,東京都中野区江古田２,168000.0,7000.0,,336000.0,1,1LDK,48.5,2,3,新江古田駅,12,15.33,126623.29,170377.07,73,811,1,0.06009901941718204
https://suumo.jp/chintai/jnc_000105300731/?bc=100493108148,ハーモニーテラス江原町II,東京都中野区江原町１,75000.0,3500.0,75000.0,75000.0,2,1R,11.0,6,2,新江古田駅,8,11.00,126623.29,82826.39,73,879,1,0.0937294608555872
https://suumo.jp/chintai/jnc_000106451612/?bc=100502124525,アピッシュ,東京都中野区江原町１,105000.0,2500.0,,,2,1DK,36.43,18,2,新江古田駅,4,10.33,126623.29,130743.78,73,402,1,0.12917555498482497
https://suumo.jp/chintai/jnc_000104280460/?bc=100484563205,レオパレスネオライフ江古田II,東京都中野区江古田１,86000.0,5500.0,,86000.0,1,1K,19.87,15,2,新江古田駅,13,16.00,126623.29,98445.68,73,1447,1,0.07226472932071348
https://suumo.jp/chintai/jnc_000106548817/?bc=100502310584,都営大江戸線 新江古田駅 6階建 築18年,東京都中野区江古田２,80000.0,10000.0,,80000.0,2,1K,24.45,18,6,新江古田駅,10,13.00,126623.29,98445.68,73,1447,1,0.11920181552130982
https://suumo.jp/chintai/jnc_000103481433/?bc=100496419629,Alivis新江古田,東京都中野区江原町１,191000.0,15000.0,,,2,1LDK,40.63,2,3,新江古田駅,10,13.67,126623.29,170377.07,73,811,1,0.0879336449683416
https://suumo.jp/chintai/jnc_000103536632/?bc=100462049177,都営大江戸線 新江古田駅 3階建 築2年,東京都中野区江原町１,189000.0,15000.0,,,1,1LDK,40.51,2,3,新江古田駅,11,13.67,126623.29,170377.07,73,811,1,0.07649838497681799
https://suumo.jp/chintai/jnc_000106670047/?bc=100504479356,江古田フラット,東京都中野区江古田２,90000.0,4000.0,90000.0,90000.0,3,1K,27.12,4,3,新江古田駅,11,13.33,126623.29,98445.68,73,1447,1,0.11109012237728022
https://suumo.jp/chintai/jnc_000107013386/?bc=100505931154,ライフピアバイオレット,東京都中野区江古田２,45000.0,3000.0,,,1,1R,9.07,19,2,新江古田駅,13,15.67,126623.29,82826.39,73,879,1,0.016735161239807672
https://suumo.jp/chintai/jnc_000106539612/?bc=100502209732,ＡＸＡＳ中野新江古田,東京都中野区江古田２,80000.0,10000.0,,80000.0,2,1K,24.45,18,6,新江古田駅,10,13.00,126623.29,98445.68,73,1447,1,0.11920181552130982
https://suumo.jp/chintai/jnc_000106825388/?bc=100504424945,グラントゥルース中野江原町,東京都中野区江原町１,125000.0,15000.0,,125000.0,1,1LDK,40.57,20,3,新江古田駅,9,12.67,126623.29,170377.07,73,811,1,0.0810508875896736
https://suumo.jp/chintai/jnc_000107200229/?bc=100506832079,都営大江戸線 新江古田駅 3階建 築43年,東京都中野区江古田１,70000.0,3000.0,70000.0,70000.0,2,2DK,32.1,43,3,新江古田駅,9,12.00,126623.29,135945.31,73,128,1,0.03426953991024456
https://suumo.jp/chintai/jnc_000106635233/?bc=100503033648,リバティヒルズ中野江原,東京都中野区江原町１,58000.0,5000.0,58000.0,58000.0,2,1R,17.18,35,7,新江古田駅,10,13.33,126623.29,82826.39,73,879,1,0.061744605163648825
https://suumo.jp/chintai/jnc_000088394652/?bc=100506949014,ルクレール中野,東京都中野区江原町１,65000.0,1000.0,,,2,1R,14.52,30,2,新江古田駅,8,12.00,126623.29,82826.39,73,879,1,0.07612233086785597
https://suumo.jp/chintai/jnc_000103563632/?bc=100471667443,都営大江戸線 新江古田駅 3階建 築2年,東京都中野区江原町１,189000.0,15000.0,,,1,1LDK,40.66,2,3,新江古田駅,11,13.67,126623.29,170377.07,73,811,1,0.07649838497681799
https://suumo.jp/chintai/jnc_000103536633/?bc=100462049098,都営大江戸線 新江古田駅 3階建 築2年,東京都中野区江原町１,189000.0,15000.0,,,1,1LDK,40.79,2,3,新江古田駅,11,13.67,126623.29,170377.07,73,811,1,0.07619780415890426
https://suumo.jp/chintai/jnc_000106274347/?bc=100499861430,都営大江戸線 新江古田駅 3階建 築2年,東京都中野区江古田２,168000.0,7000.0,,336000.0,1,1LDK,48.5,2,3,新江古田駅,13,15.33,126623.29,170377.07,73,811,1,0.05947544815002759
https://suumo.jp/chintai/jnc_000107117075/?bc=100506691377,サンマリノ江古田,東京都中野区江古田２,90000.0,5000.0,,,2,2K,30.9,37,4,新江古田駅,10,14.00,126623.29,136763.16,73,114,1,0.02330825798712416
https://suumo.jp/chintai/jnc_000103536641/?bc=100502075870,都営大江戸線 新江古田駅 3階建 築2年,東京都中野区江原町１,191000.0,15000.0,,,2,1LDK,40.51,2,3,新江古田駅,11,13.67,126623.29,170377.07,73,811,1,0.07909981540047034
https://suumo.jp/chintai/jnc_000106979061/?bc=100505468652,シャトーカネヨ江原,東京都中野区江原町１,89000.0,5000.0,89000.0,89000.0,2,2K,32.03,52,3,新江古田駅,8,11.33,126623.29,136763.16,73,114,1,0.013346707896845444
https://suumo.jp/chintai/jnc_000103481424/?bc=100489851994,Alivis新江古田,東京都中野区江原町１,189000.0,15000.0,,,1,1LDK,40.79,2,3,新江古田駅,10,13.67,126623.29,170377.07,73,811,1,0.08362609823690653
https://suumo.jp/chintai/jnc_000106986722/?bc=100505531885,都営大江戸線 新江古田駅 3階建 築17年,東京都中野区江原町３,92000.0,4000.0,92000.0,92000.0,2,1DK,26.96,17,3,新江古田駅,8,10.33,126623.29,130743.78,73,402,1,0.15779174111649907
https://suumo.jp/chintai/jnc_000106712936/?bc=100503480583,Rocher江古田,東京都中野区江古田３,150000.0,10000.0,150000.0,165000.0,1,2SLDK,62.07,11,2,新江古田駅,9,14.00,126623.29,276060.00,73,25,1,0.03482722917141412
https://suumo.jp/chintai/jnc_000106113513/?bc=100506409595,ＥＨＡＲＡ ＧＡＲＤＥＮ 江原ガーデン,東京都中野区江原町１,110000.0,,110000.0,110000.0,1,1LDK,33.48,11,3,新江古田駅,8,10.67,126623.29,170377.07,73,811,1,0.11053734119133551
https://suumo.jp/chintai/jnc_000103536640/?bc=100462049228,都営大江戸線 新江古田駅 3階建 築2年,東京都中野区江原町１,191000.0,15000.0,,,2,1LDK,40.63,2,3,新江古田駅,11,13.67,126623.29,170377.07,73,811,1,0.07909981540047034
https://suumo.jp/chintai/jnc_000106848620/?bc=100504737886,レオネクスト江原,東京都中野区江原町３,109000.0,5500.0,,109000.0,3,1R,26.84,13,3,新江古田駅,10,12.00,126623.29,82826.39,73,879,1,0.09695650613533807
https://suumo.jp/chintai/jnc_000106460896/?bc=100501735564,都営大江戸線 新江古田駅 2階建 築18年,東京都中野区江原町１,105000.0,2500.0,,,2,1DK,36.43,18,2,新江古田駅,4,10.00,126623.29,130743.78,73,402,1,0.12735715397606479
https://suumo.jp/chintai/jnc_000106234022/?bc=100500830045,ダイアパレス沼袋第２,東京都中野区沼袋１,57000.0,4000.0,57000.0,57000.0,3,1K,17.02,37,5,新江古田駅 バス2分 (バス停)江古田二丁目,2,3.33,57000.00,98445.68,1,1447,1,0.06659682855896071
https://suumo.jp/chintai/jnc_000106655495/?bc=100488847854,リビオ東中野ヒルトップ,東京都中野区東中野１,139000.0,12000.0,,,1,1K,27.84,5,19,東中野駅,3,6.67,158226.65,98445.68,623,1447,1,0.05888242354629447
https://suumo.jp/chintai/jnc_000107162422/?bc=100506585178,中野フラワーコーポ,東京都中野区中野１,68000.0,2000.0,68000.0,,1,1DK,27.6,43,3,東中野駅,11,14.00,158226.65,130743.78,623,402,1,0.0737149586866982
https://suumo.jp/chintai/jnc_000106910344/?bc=100504902919,クレスト北新宿 B棟,東京都新宿区北新宿４,138000.0,7000.0,138000.0,,4,1DK,37.31,11,5,東中野駅,9,9.67,158226.65,130743.78,623,402,1,0.14581503453585976
https://suumo.jp/chintai/jnc_000106321615/?bc=100501235717,ラグディア北新宿,東京都新宿区北新宿４,126000.0,15000.0,,63000.0,2,1DK,25.41,2,11,東中野駅,9,12.00,158226.65,130743.78,623,402,1,0.13438770442567805
https://suumo.jp/chintai/jnc_000107161945/?bc=100506781567,北新宿レーベル,東京都新宿区北新宿３,127000.0,15000.0,127000.0,127000.0,1,1DK,26.33,5,4,東中野駅,7,11.33,158226.65,130743.78,623,402,1,0.1499824712300405
https://suumo.jp/chintai/jnc_000106281385/?bc=100505288545,メゾンエンゼル,東京都新宿区北新宿４,85000.0,5000.0,85000.0,85000.0,5,1DK,24.0,46,5,東中野駅,8,10.00,158226.65,130743.78,623,402,1,0.12529804385918875
https://suumo.jp/chintai/jnc_000106335568/?bc=100500741741,ＪＲ中央線 東中野駅 11階建 築2年,東京都新宿区北新宿４,126000.0,15000.0,,63000.0,2,1DK,25.41,2,11,東中野駅,9,11.67,158226.65,130743.78,623,402,1,0.1356557119579736
https://suumo.jp/chintai/jnc_000107200248/?bc=100376901177,山内ビル,東京都中野区東中野４,100000.0,,100000.0,100000.0,3,1DK,33.44,46,7,東中野駅,1,3.00,158226.65,130743.78,623,402,1,0.06490832981632927
https://suumo.jp/chintai/jnc_000107177611/?bc=100502934314,ＪＲ中央線 東中野駅 5階建 築3年,東京都中野区東中野５,140000.0,15000.0,,140000.0,1,1DK,25.98,3,5,東中野駅,7,9.00,158226.65,130743.78,623,402,1,0.14362894642378848
https://suumo.jp/chintai/jnc_000107177612/?bc=100500247457,ＪＲ中央線 東中野駅 5階建 築3年,東京都中野区東中野５,144000.0,15000.0,,144000.0,3,1DK,25.98,3,5,東中野駅,7,9.00,158226.65,130743.78,623,402,1,0.1478608200691156
https://suumo.jp/chintai/jnc_000106635276/?bc=100502974452,ＪＲ中央線 東中野駅 5階建 築3年,東京都中野区東中野５,150000.0,15000.0,150000.0,150000.0,4,1DK,25.98,3,5,東中野駅,7,9.00,158226.65,130743.78,623,402,1,0.14390049731943338
https://suumo.jp/chintai/jnc_000104796185/?bc=100488199482,ＪＲ中央線 東中野駅 5階建 築3年,東京都中野区東中野５,150000.0,15000.0,150000.0,150000.0,4,1DK,26.25,3,5,東中野駅,7,9.00,158226.65,130743.78,623,402,1,0.14390049731943338
https://suumo.jp/chintai/jnc_000106641020/?bc=100502643501,ＪＲ中央線 東中野駅 5階建 築3年,東京都中野区東中野５,157000.0,10000.0,157000.0,,4,1DK,28.14,3,5,東中野駅,7,9.33,158226.65,130743.78,623,402,1,0.15088896602564988
https://suumo.jp/chintai/jnc_000106921610/?bc=100505000917,パークタワー東中野グランドエア,東京都中野区東中野５,150000.0,9000.0,150000.0,150000.0,10,1DK,28.24,3,26,東中野駅,2,8.00,158226.65,130743.78,623,402,1,0.018126324660638793
https://suumo.jp/chintai/jnc_000106493244/?bc=100505250499,プライムブリス東中野駅前,東京都中野区東中野１,148000.0,10000.0,148000.0,,8,1DK,25.37,3,12,東中野駅,1,8.67,158226.65,130743.78,623,402,1,0.07426797513753475
https://suumo.jp/chintai/jnc_000104295025/?bc=100485054881,レジデンスアンドウ,東京都新宿区北新宿４,145000.0,8000.0,145000.0,145000.0,2,1DK,39.0,21,8,東中野駅,8,8.00,158226.65,130743.78,623,402,1,0.139630123477806
https://suumo.jp/chintai/jnc_000107194827/?bc=100506973044,エレガンス上高田,東京都中野区上高田１,75000.0,2000.0,75000.0,75000.0,2,1DK,20.9,33,2,東中野駅,6,8.00,158226.65,130743.78,623,402,1,0.11956687789927628
https://suumo.jp/chintai/jnc_000106597706/?bc=100504968444,レジデンス東中野ガーデン,東京都中野区東中野５,189000.0,10000.0,189000.0,,2,1DK,38.63,3,5,東中野駅,7,10.00,158226.65,130743.78,623,402,1,0.14953313161894322
https://suumo.jp/chintai/jnc_000106556145/?bc=100503334408,レジデンス東中野ガーデン,東京都中野区東中野５,157000.0,10000.0,157000.0,,4,1DK,28.14,3,5,東中野駅,7,10.00,158226.65,130743.78,623,402,1,0.15504089801296217
https://suumo.jp/chintai/jnc_000106628574/?bc=100505829811,サン・シオン,東京都中野区東中野１,140000.0,5000.0,140000.0,210000.0,2,1DK,46.71,19,6,東中野駅,1,8.00,158226.65,130743.78,623,402,1,0.11035427677314308
https://suumo.jp/chintai/jnc_000106778257/?bc=100377877717,ハピネス豊倉,東京都中野区東中野４,86000.0,,86000.0,,2,1DK,27.54,46,4,東中野駅,1,3.00,158226.65,130743.78,623,402,1,0.07134064080394292
https://suumo.jp/chintai/jnc_000101885890/?bc=100504172188,プライムブリス東中野駅前,東京都中野区東中野１,145000.0,10000.0,145000.0,,5,1DK,25.37,3,12,東中野駅,1,8.67,158226.65,130743.78,623,402,1,0.09369068521822999
https://suumo.jp/chintai/jnc_000106831565/?bc=100504305103,ザ・プレミアムキューブG東中野,東京都中野区東中野５,150000.0,15000.0,150000.0,150000.0,4,1DK,28.5,3,5,東中野駅,7,9.67,158226.65,130743.78,623,402,1,0.14755934236701462
https://suumo.jp/chintai/jnc_000107169511/?bc=100506901749,都営大江戸線 東中野駅 4階建 築4年,東京都新宿区北新宿３,127000.0,15000.0,127000.0,127000.0,1,1DK,26.33,4,4,東中野駅,6,11.00,158226.65,130743.78,623,402,1,0.14674203246896678
https://suumo.jp/chintai/jnc_000106918946/?bc=100488926172,ザ・プレミアムキューブG東中野,東京都中野区東中野５,145000.0,15000.0,,72500.0,4,1DK,26.25,3,5,東中野駅,7,9.67,158226.65,130743.78,623,402,1,0.14745957885322541
https://suumo.jp/chintai/jnc_000106659224/?bc=100503104243,ザ・プレミアムキューブG東中野,東京都中野区東中野５,150000.0,15000.0,150000.0,150000.0,4,1DK,25.98,3,5,東中野駅,7,9.67,158226.65,130743.78,623,402,1,0.14745957885322541
https://suumo.jp/chintai/jnc_000106650637/?bc=100503208211,ドルチェドミール,東京都新宿区北新宿４,170000.0,15000.0,,170000.0,5,1DK,37.01,10,9,東中野駅,9,12.67,158226.65,130743.78,623,402,1,0.11785265906525572
https://suumo.jp/chintai/jnc_000106831041/?bc=100503819289,ドルチェドミール,東京都新宿区北新宿４,150000.0,15000.0,,150000.0,5,1DK,37.01,10,9,東中野駅,9,12.67,158226.65,130743.78,623,402,1,0.12012887072053274
https://suumo.jp/chintai/jnc_000106255891/?bc=100505250436,ザ・プレミアムキューブG東中野,東京都中野区東中野５,159000.0,15000.0,159000.0,159000.0,3,1DK,27.91,3,5,東中野駅,7,9.67,158226.65,130743.78,623,402,1,0.15124060448062754
https://suumo.jp/chintai/jnc_000106249552/?bc=100501629854,ザ・プレミアムキューブG東中野,東京都中野区東中野５,149500.0,15000.0,149500.0,149500.0,3,1DK,25.98,3,5,東中野駅,7,9.67,158226.65,130743.78,623,402,1,0.15146976091030673
https://suumo.jp/chintai/jnc_000106260817/?bc=100505965238,リバーストーン,東京都中野区東中野１,125000.0,5000.0,125000.0,125000.0,2,1DK,34.8,34,4,東中野駅,8,10.00,158226.65,130743.78,623,402,1,0.14757015544598895
https://suumo.jp/chintai/jnc_000107108939/?bc=100496848142,ザ・プレミアムキューブG東中野,東京都中野区東中野５,144000.0,15000.0,,144000.0,3,1DK,25.98,3,5,東中野駅,7,9.67,158226.65,130743.78,623,402,1,0.1513824851056758
https://suumo.jp/chintai/jnc_000106274369/?bc=100503404096,ＪＲ中央線 東中野駅 4階建 築34年,東京都中野区東中野１,125000.0,5000.0,125000.0,125000.0,2,1DK,34.8,34,4,東中野駅,4,8.00,158226.65,130743.78,623,402,1,0.14442636471025866
https://suumo.jp/chintai/jnc_000106628577/?bc=100502915568,桜山パックス,東京都中野区東中野３,125000.0,5000.0,125000.0,125000.0,4,1DK,32.67,31,7,東中野駅,2,3.00,158226.65,130743.78,623,402,1,0.07360855624956947
https://suumo.jp/chintai/jnc_000107020916/?bc=100503361107,高橋マンション,東京都中野区東中野３,105000.0,5000.0,105000.0,105000.0,4,1DK,35.0,47,5,東中野駅,4,7.00,158226.65,130743.78,623,402,1,0.11857302844584044
https://suumo.jp/chintai/jnc_000106659222/?bc=100503104198,ザ・プレミアムキューブG東中野,東京都中野区東中野５,145000.0,15000.0,145000.0,145000.0,1,1DK,25.98,3,5,東中野駅,7,9.67,158226.65,130743.78,623,402,1,0.14864578281027802
https://suumo.jp/chintai/jnc_000103144317/?bc=100488214891,THE PREMIUM CUBE G 東中野,東京都中野区東中野５,141500.0,15000.0,141500.0,141500.0,5,1DK,26.32,3,5,東中野駅,7,9.67,158226.65,130743.78,623,402,1,0.14244501654595143
https://suumo.jp/chintai/jnc_000106684434/?bc=100504102472,THE PREMIUM CUBE G 東中野,東京都中野区東中野５,150000.0,15000.0,150000.0,150000.0,4,1DK,28.5,3,5,東中野駅,7,9.67,158226.65,130743.78,623,402,1,0.14755934236701462
https://suumo.jp/chintai/jnc_000106870819/?bc=100489318433,THE PREMIUM CUBE G 東中野,東京都中野区東中野５,145000.0,15000.0,,72500.0,4,1DK,26.25,3,5,東中野駅,7,9.67,158226.65,130743.78,623,402,1,0.14745957885322541
https://suumo.jp/chintai/jnc_000106562826/?bc=100502470704,THE PREMIUM CUBE G 東中野,東京都中野区東中野５,150000.0,15000.0,150000.0,150000.0,4,1DK,25.98,3,5,東中野駅,7,9.67,158226.65,130743.78,623,402,1,0.14745957885322541
https://suumo.jp/chintai/jnc_000106408918/?bc=100491898966,ＪＲ中央線 東中野駅 4階建 築41年,東京都新宿区北新宿４,85000.0,5000.0,85000.0,85000.0,3,1DK,33.41,41,4,東中野駅,5,9.33,158226.65,130743.78,623,402,1,0.1413201951225645
https://suumo.jp/chintai/jnc_000106807522/?bc=100504905171,ＪＲ中央線 東中野駅 4階建 築45年,東京都新宿区北新宿４,75000.0,2000.0,75000.0,75000.0,2,1DK,25.92,45,4,東中野駅,9,11.00,158226.65,130743.78,623,402,1,0.10720523439379065
https://suumo.jp/chintai/jnc_000106241068/?bc=100503463370,THE PREMIUM CUBE G 東中野,東京都中野区東中野５,159000.0,15000.0,159000.0,159000.0,3,1DK,27.91,3,5,東中野駅,7,9.67,158226.65,130743.78,623,402,1,0.15124060448062754
https://suumo.jp/chintai/jnc_000106241067/?bc=100500412775,THE PREMIUM CUBE G 東中野,東京都中野区東中野５,149500.0,15000.0,149500.0,149500.0,3,1DK,25.98,3,5,東中野駅,7,9.67,158226.65,130743.78,623,402,1,0.15146976091030673
https://suumo.jp/chintai/jnc_000107123461/?bc=100503334373,THE PREMIUM CUBE G 東中野,東京都中野区東中野５,144000.0,15000.0,,144000.0,3,1DK,25.98,3,5,東中野駅,7,9.67,158226.65,130743.78,623,402,1,0.1513824851056758
https://suumo.jp/chintai/jnc_000107117103/?bc=100502640945,THE PREMIUM CUBE G 東中野,東京都中野区東中野５,140000.0,15000.0,,140000.0,1,1DK,25.98,3,5,東中野駅,7,9.67,158226.65,130743.78,623,402,1,0.14719059352710034
https://suumo.jp/chintai/jnc_000106556142/?bc=100502460593,THE PREMIUM CUBE G 東中野,東京都中野区東中野５,145000.0,15000.0,145000.0,145000.0,1,1DK,25.98,3,5,東中野駅,7,9.67,158226.65,130743.78,623,402,1,0.14864578281027802
https://suumo.jp/chintai/jnc_000106409435/?bc=100270156348,T-COURT,東京都中野区中野６,140000.0,,140000.0,140000.0,2,1DK,33.69,5,3,東中野駅,8,10.33,158226.65,130743.78,623,402,1,0.1563256663157791
https://suumo.jp/chintai/jnc_000101173853/?bc=100473584886,ＪＲ総武線 東中野駅 12階建 築3年,東京都中野区東中野１,151000.0,10000.0,151000.0,,10,1DK,25.47,3,12,東中野駅,1,5.67,158226.65,130743.78,623,402,1,0.04033752324942619
https://suumo.jp/chintai/jnc_000106501286/?bc=100504507718,ＪＲ総武線 東中野駅 12階建 築3年,東京都中野区東中野１,148000.0,10000.0,148000.0,,8,1DK,25.37,3,12,東中野駅,1,5.67,158226.65,130743.78,623,402,1,0.051583352129985605
https://suumo.jp/chintai/jnc_000106198967/?bc=100500077471,ＪＲ総武線 東中野駅 9階建 築10年,東京都新宿区北新宿４,150000.0,15000.0,,150000.0,2,1DK,37.01,10,9,東中野駅,5,10.33,158226.65,130743.78,623,402,1,0.13205997390569912
https://suumo.jp/chintai/jnc_000106822005/?bc=100504207673,コーポ田口,東京都新宿区北新宿４,75000.0,2000.0,75000.0,75000.0,2,1DK,25.92,45,4,東中野駅,9,10.00,158226.65,130743.78,623,402,1,0.10479588802522344
https://suumo.jp/chintai/jnc_000106628578/?bc=100505169641,ＪＲ総武線 東中野駅 4階建 築32年,東京都中野区東中野３,125000.0,5000.0,125000.0,125000.0,4,1DK,32.67,32,4,東中野駅,2,5.67,158226.65,130743.78,623,402,1,0.11307827885182986
https://suumo.jp/chintai/jnc_000107009855/?bc=100506670462,ＪＲ総武線 東中野駅 4階建 築10年,東京都中野区東中野４,143000.0,3000.0,143000.0,143000.0,2,1DK,30.4,10,4,東中野駅,3,7.33,158226.65,130743.78,623,402,1,0.1233150333891267
https://suumo.jp/chintai/jnc_000106389949/?bc=100503940540,都営大江戸線 東中野駅 5階建 築9年,東京都中野区東中野１,120000.0,8000.0,120000.0,120000.0,3,1K,27.08,9,5,東中野駅,4,9.00,158226.65,98445.68,623,1447,1,0.14011675831937698
https://suumo.jp/chintai/jnc_000106959648/?bc=100505342524,都営大江戸線 東中野駅 3階建 築11年,東京都中野区東中野１,109000.0,7000.0,109000.0,218000.0,3,1K,41.91,11,3,東中野駅,3,5.67,158226.65,98445.68,623,1447,1,0.09854440080684485
https://suumo.jp/chintai/jnc_000106772324/?bc=100503908440,都営大江戸線 東中野駅 13階建 築17年,東京都中野区東中野２,120000.0,5000.0,120000.0,120000.0,8,1K,21.78,17,13,東中野駅,2,7.67,158226.65,98445.68,623,1447,1,0.04313971833527763
https://suumo.jp/chintai/jnc_000107129333/?bc=100493765249,都営大江戸線 東中野駅 13階建 築17年,東京都中野区東中野２,100000.0,5000.0,100000.0,100000.0,3,1K,20.76,17,13,東中野駅,2,7.67,158226.65,98445.68,623,1447,1,0.08752209696442653
https://suumo.jp/chintai/jnc_000105518839/?bc=100500460938,都営大江戸線 東中野駅 13階建 築17年,東京都中野区東中野２,105000.0,5000.0,105000.0,105000.0,3,1K,20.76,17,13,東中野駅,2,7.67,158226.65,98445.68,623,1447,1,0.08692696767025199
https://suumo.jp/chintai/jnc_000104903321/?bc=100495804629,ＪＲ総武線 東中野駅 10階建 築17年,東京都中野区東中野１,122000.0,8000.0,122000.0,183000.0,9,1K,24.49,17,10,東中野駅,3,9.33,158226.65,98445.68,623,1447,1,0.08048131377084022
https://suumo.jp/chintai/jnc_000100637889/?bc=100501066183,ＪＲ総武線 東中野駅 4階建 築19年,東京都中野区東中野３,91000.0,4500.0,91000.0,91000.0,1,1K,22.46,19,4,東中野駅,5,5.33,158226.65,98445.68,623,1447,1,0.11890029950921882
https://suumo.jp/chintai/jnc_000105843437/?bc=100499231737,ＪＲ中央線 東中野駅 12階建 築3年,東京都中野区東中野１,145000.0,10000.0,145000.0,,8,1K,26.19,3,12,東中野駅,3,9.33,158226.65,98445.68,623,1447,1,0.06604454508332047
https://suumo.jp/chintai/jnc_000106210974/?bc=100500463179,ＪＲ中央線 東中野駅 14階建 築6年,東京都新宿区北新宿４,130000.0,15000.0,130000.0,,2,1K,25.13,6,14,東中野駅,6,11.33,158226.65,98445.68,623,1447,1,0.10604418356687101
https://suumo.jp/chintai/jnc_000106538821/?bc=100505930596,ＪＲ中央線 東中野駅 14階建 築6年,東京都新宿区北新宿４,135000.0,15000.0,135000.0,,6,1K,25.13,6,14,東中野駅,6,11.33,158226.65,98445.68,623,1447,1,0.08637696894980335
https://suumo.jp/chintai/jnc_000106958984/?bc=100505477413,ＪＲ中央線 東中野駅 14階建 築6年,東京都新宿区北新宿４,135000.0,15000.0,135000.0,,7,1K,25.13,6,14,東中野駅,6,11.33,158226.65,98445.68,623,1447,1,0.0829270686936292
https://suumo.jp/chintai/jnc_000106548138/?bc=100505714701,ＪＲ中央線 東中野駅 14階建 築6年,東京都新宿区北新宿４,135000.0,15000.0,135000.0,,9,1K,25.13,6,14,東中野駅,6,11.33,158226.65,98445.68,623,1447,1,0.07173747924531904
https://suumo.jp/chintai/jnc_000106061578/?bc=100501576124,ユニゾンタワー,東京都中野区東中野５,160000.0,10000.0,160000.0,160000.0,17,1K,32.71,19,33,東中野駅,1,9.00,158226.65,98445.68,623,1447,-1,-0.057987672025985426
https://suumo.jp/chintai/jnc_000107069000/?bc=100506538371,ユニゾンタワー,東京都中野区東中野５,170000.0,10000.0,170000.0,170000.0,23,1K,32.71,19,33,東中野駅,1,9.00,158226.65,98445.68,623,1447,-1,-0.07104204254254898
https://suumo.jp/chintai/jnc_000103162007/?bc=100501592437,ラ・ヴィオレ東中野,東京都中野区東中野１,120000.0,8000.0,120000.0,120000.0,3,1K,27.08,9,5,東中野駅,2,8.00,158226.65,98445.68,623,1447,1,0.1216910567970616
https://suumo.jp/chintai/jnc_000106485276/?bc=100502025324,ラ・シード東中野,東京都中野区東中野５,90000.0,10000.0,90000.0,90000.0,5,1K,25.41,19,6,東中野駅,6,10.67,158226.65,98445.68,623,1447,1,0.13462625374314396
https://suumo.jp/chintai/jnc_000104789419/?bc=100500299290,ＪＲ中央線 東中野駅 15階建 築16年,東京都中野区東中野１,150000.0,8000.0,150000.0,150000.0,3,1K,29.85,16,15,東中野駅,1,8.00,158226.65,98445.68,623,1447,1,0.07601720339627477
https://suumo.jp/chintai/jnc_000105849166/?bc=100501224307,ＪＲ中央線 東中野駅 15階建 築16年,東京都中野区東中野１,149000.0,10000.0,149000.0,149000.0,6,1K,29.8,16,15,東中野駅,1,8.00,158226.65,98445.68,623,1447,1,0.04533868059058349
https://suumo.jp/chintai/jnc_000107216265/?bc=100489759466,ＪＲ中央線 東中野駅 18階建 築5年,東京都中野区東中野１,129000.0,12000.0,,,1,1K,27.84,5,18,東中野駅,3,8.00,158226.65,98445.68,623,1447,1,0.06691501092828311
https://suumo.jp/chintai/jnc_000106670066/?bc=100489016709,ＪＲ中央線 東中野駅 18階建 築5年,東京都中野区東中野１,139000.0,12000.0,,,1,1K,27.84,5,18,東中野駅,3,8.00,158226.65,98445.68,623,1447,1,0.06665583188720031
https://suumo.jp/chintai/jnc_000106783616/?bc=100504924276,ラグディア北新宿,東京都新宿区北新宿４,126000.0,15000.0,,126000.0,2,1K,25.76,2,11,東中野駅,9,12.00,158226.65,98445.68,623,1447,1,0.11226838010499174
https://suumo.jp/chintai/jnc_000106381558/?bc=100501313399,ラグディア北新宿,東京都新宿区北新宿４,126500.0,15000.0,,126500.0,3,1K,25.53,2,11,東中野駅,9,12.00,158226.65,98445.68,623,1447,1,0.11287844123938773
https://suumo.jp/chintai/jnc_000106650636/?bc=100503284155,ラグディア北新宿,東京都新宿区北新宿４,126500.0,15000.0,,126500.0,3,1K,25.76,2,11,東中野駅,9,12.00,158226.65,98445.68,623,1447,1,0.11287844123938773
https://suumo.jp/chintai/jnc_000106655484/?bc=100505479134,ＪＲ中央線 東中野駅 2階建 築20年,東京都中野区上高田１,72000.0,4000.0,72000.0,72000.0,2,1K,23.58,20,2,東中野駅,10,10.33,158226.65,98445.68,623,1447,1,0.13352135020899536
https://suumo.jp/chintai/jnc_000106409443/?bc=100501249595,ＪＲ中央線 東中野駅 2階建 築23年,東京都中野区東中野２,86000.0,2000.0,86000.0,86000.0,1,1K,23.0,23,2,東中野駅,8,10.67,158226.65,98445.68,623,1447,1,0.113841588982451
https://suumo.jp/chintai/jnc_000107194865/?bc=100506958240,ＪＲ中央線 東中野駅 2階建 築38年,東京都中野区東中野３,79000.0,4000.0,79000.0,79000.0,2,1K,18.63,38,2,東中野駅,4,5.00,158226.65,98445.68,623,1447,1,0.10395291124894118
https://suumo.jp/chintai/jnc_000107216268/?bc=100507009550,ＪＲ中央線 東中野駅 2階建 築39年,東京都中野区東中野４,55000.0,,,,2,1K,17.0,39,2,東中野駅,3,4.00,158226.65,98445.68,623,1447,1,0.08214925516486271
https://suumo.jp/chintai/jnc_000107216264/?bc=100491091780,リビオ東中野ヒルトップ,東京都中野区東中野１,129000.0,12000.0,,,1,1K,27.84,5,19,東中野駅,3,6.67,158226.65,98445.68,623,1447,1,0.059458154626323756
https://suumo.jp/chintai/jnc_000105048550/?bc=100491784411,コーポ橘(北新宿3),東京都新宿区北新宿３,130000.0,,130000.0,130000.0,5,1DK,29.66,46,5,東中野駅,5,10.33,158226.65,130743.78,623,402,1,0.1394812907106146
https://suumo.jp/chintai/jnc_000104873404/?bc=100501416347,リビオ東中野ヒルトップ,東京都中野区東中野１,149000.0,12000.0,,,1,1K,27.84,5,19,東中野駅,3,6.67,158226.65,98445.68,623,1447,1,0.054633541589029444
https://suumo.jp/chintai/jnc_000107091699/?bc=100506226566,ルーブル北新宿,東京都新宿区北新宿４,92000.0,8000.0,,92000.0,5,1K,20.15,20,10,東中野駅,10,12.33,158226.65,98445.68,623,1447,1,0.11897784242598164
https://suumo.jp/chintai/jnc_000107091700/?bc=100506353411,ルーブル北新宿,東京都新宿区北新宿４,91000.0,8000.0,,91000.0,6,1K,20.44,20,10,東中野駅,10,12.33,158226.65,98445.68,623,1447,1,0.09886902166624145
https://suumo.jp/chintai/jnc_000106931039/?bc=100505122765,ＪＲ中央線 東中野駅 3階建 築12年,東京都新宿区北新宿３,87000.0,3000.0,87000.0,87000.0,1,1K,21.94,12,3,東中野駅,5,10.00,158226.65,98445.68,623,1447,1,0.13305514294209364
https://suumo.jp/chintai/jnc_000106613470/?bc=100502775888,第二ベルハイム,東京都新宿区北新宿４,69000.0,9000.0,69000.0,,4,1K,25.4,40,5,東中野駅,9,11.67,158226.65,98445.68,623,1447,1,0.12284425291333745
https://suumo.jp/chintai/jnc_000105651387/?bc=100496136277,ＪＲ中央線 東中野駅 3階建 築16年,東京都中野区東中野３,75000.0,2000.0,75000.0,75000.0,2,1K,18.0,16,3,東中野駅,3,8.33,158226.65,98445.68,623,1447,1,0.10690267152637678
https://suumo.jp/chintai/jnc_000105917902/?bc=100497391877,ＪＲ中央線 東中野駅 3階建 築18年,東京都中野区東中野１,107000.0,3000.0,107000.0,107000.0,2,1K,29.81,18,3,東中野駅,3,8.33,158226.65,98445.68,623,1447,1,0.12384213595467797
https://suumo.jp/chintai/jnc_000106662779/?bc=100500412928,レオパレスＷＡＯ ＷＡＯ,東京都新宿区北新宿４,121000.0,7500.0,,121000.0,3,1K,18.5,18,4,東中野駅,11,12.67,158226.65,98445.68,623,1447,1,0.11629620378352101
https://suumo.jp/chintai/jnc_000106492896/?bc=100502005400,レオパレスＷＡＯ ＷＡＯ,東京都新宿区北新宿４,114000.0,7500.0,,114000.0,4,1K,18.5,18,4,東中野駅,11,12.67,158226.65,98445.68,623,1447,1,0.10886648370362162
https://suumo.jp/chintai/jnc_000106523860/?bc=100499728952,レオパレスＷＡＯ ＷＡＯ,東京都新宿区北新宿４,124000.0,7500.0,,124000.0,4,1K,18.5,18,4,東中野駅,11,12.67,158226.65,98445.68,623,1447,1,0.1061225929930451
https://suumo.jp/chintai/jnc_000106813443/?bc=100504133484,レオパレスメゾン　紗々,東京都中野区上高田１,91000.0,5500.0,,91000.0,1,1K,19.87,20,3,東中野駅,14,14.67,158226.65,98445.68,623,1447,1,0.08413692004341017
https://suumo.jp/chintai/jnc_000107108933/?bc=100506222219,ＪＲ中央線 東中野駅 3階建 築33年,東京都中野区中野６,70000.0,,70000.0,70000.0,1,1K,21.98,33,3,東中野駅,9,13.33,158226.65,98445.68,623,1447,1,0.12758719130940888
https://suumo.jp/chintai/jnc_000106918943/?bc=100505115896,ＪＲ中央線 東中野駅 3階建 築35年,東京都中野区東中野２,75000.0,2000.0,75000.0,75000.0,1,1K,23.83,35,3,東中野駅,5,9.33,158226.65,98445.68,623,1447,1,0.11405399920726639
https://suumo.jp/chintai/jnc_000106336021/?bc=100503869644,ＪＲ中央線 東中野駅 3階建 築5年,東京都中野区中野６,91000.0,3000.0,91000.0,91000.0,1,1K,21.03,5,3,東中野駅,6,10.00,158226.65,98445.68,623,1447,1,0.1282568338683821
https://suumo.jp/chintai/jnc_000106548854/?bc=100502264969,ＪＲ中央線 東中野駅 4階建 新築,東京都中野区中野６,107000.0,10000.0,,107000.0,1,1K,21.35,0,4,東中野駅,11,12.00,158226.65,98445.68,623,1447,1,0.1145440548717489
https://suumo.jp/chintai/jnc_000106684420/?bc=100503263504,ＪＲ中央線 東中野駅 4階建 新築,東京都中野区中野６,110000.0,10000.0,,110000.0,2,1K,21.35,0,4,東中野駅,11,12.00,158226.65,98445.68,623,1447,1,0.115317163538106
https://suumo.jp/chintai/jnc_000106684422/?bc=100503263503,ＪＲ中央線 東中野駅 4階建 新築,東京都中野区中野６,110000.0,10000.0,,110000.0,3,1K,21.35,0,4,東中野駅,11,12.00,158226.65,98445.68,623,1447,1,0.11563853011642322
https://suumo.jp/chintai/jnc_000106684424/?bc=100503263502,ＪＲ中央線 東中野駅 4階建 新築,東京都中野区中野６,107000.0,10000.0,,107000.0,4,1K,20.92,0,4,東中野駅,11,12.00,158226.65,98445.68,623,1447,1,0.10787652381583385
https://suumo.jp/chintai/jnc_000106684426/?bc=100503263511,ＪＲ中央線 東中野駅 4階建 新築,東京都中野区中野６,110000.0,10000.0,,110000.0,4,1K,21.32,0,4,東中野駅,11,12.00,158226.65,98445.68,623,1447,1,0.10915573405957174
https://suumo.jp/chintai/jnc_000106684425/?bc=100503263514,ＪＲ中央線 東中野駅 4階建 新築,東京都中野区中野６,110000.0,10000.0,,110000.0,4,1K,21.35,0,4,東中野駅,11,12.00,158226.65,98445.68,623,1447,1,0.10915573405957174
https://suumo.jp/chintai/jnc_000106538820/?bc=100498245439,ＪＲ中央線 東中野駅 4階建 築18年,東京都新宿区北新宿４,124000.0,7500.0,,,4,1K,18.5,18,4,東中野駅,11,12.67,158226.65,98445.68,623,1447,1,0.1061225929930451
https://suumo.jp/chintai/jnc_000107020917/?bc=100505772712,ＪＲ中央線 東中野駅 4階建 築2年,東京都中野区東中野４,125000.0,10000.0,125000.0,,1,1K,25.65,2,4,東中野駅,4,7.67,158226.65,98445.68,623,1447,1,0.12014211432878369
https://suumo.jp/chintai/jnc_000106592281/?bc=100502571745,橋爪二ビル,東京都新宿区北新宿４,102000.0,8000.0,,153000.0,2,1K,27.85,15,3,東中野駅,7,9.33,158226.65,98445.68,623,1447,1,0.15390937571407354
https://suumo.jp/chintai/jnc_000106460179/?bc=100504359336,ＪＲ中央線 東中野駅 4階建 築36年,東京都新宿区北新宿３,80000.0,8500.0,80000.0,,2,1K,21.7,36,4,東中野駅,6,12.67,158226.65,98445.68,623,1447,1,0.13245267163539964
https://suumo.jp/chintai/jnc_000106848718/?bc=100503269413,ＪＲ中央線 東中野駅 5階建 新築,東京都中野区東中野１,135000.0,10000.0,,,2,1K,23.17,0,5,東中野駅,8,10.67,158226.65,98445.68,623,1447,1,0.13290009137742276
https://suumo.jp/chintai/jnc_000106848720/?bc=100503269422,ＪＲ中央線 東中野駅 5階建 新築,東京都中野区東中野１,134000.0,10000.0,,,3,1K,23.17,0,5,東中野駅,8,10.67,158226.65,98445.68,623,1447,1,0.1356012090412161
https://suumo.jp/chintai/jnc_000056345949/?bc=100500029839,中西ハウス,東京都新宿区北新宿３,85000.0,3000.0,85000.0,85000.0,1,1K,22.35,36,2,東中野駅,6,9.33,158226.65,98445.68,623,1447,1,0.12789641008351943
https://suumo.jp/chintai/jnc_000106882344/?bc=100504671261,亀山ハイツ,東京都中野区東中野１,75000.0,,75000.0,,2,1K,18.8,43,2,東中野駅,5,9.67,158226.65,98445.68,623,1447,1,0.12644167327038086
https://suumo.jp/chintai/jnc_000107155473/?bc=100506564192,ＪＲ中央線 東中野駅 5階建 築21年,東京都中野区東中野１,124000.0,6000.0,124000.0,124000.0,2,1K,26.82,21,5,東中野駅,2,9.00,158226.65,98445.68,623,1447,1,0.1280184411894812
https://suumo.jp/chintai/jnc_000106508776/?bc=100502071372,ＪＲ中央線 東中野駅 5階建 築21年,東京都中野区東中野１,124000.0,6000.0,124000.0,124000.0,3,1K,26.82,21,5,東中野駅,2,9.00,158226.65,98445.68,623,1447,1,0.1273968811492578
https://suumo.jp/chintai/jnc_000107155474/?bc=100506626134,ＪＲ中央線 東中野駅 5階建 築21年,東京都中野区東中野１,129000.0,6000.0,129000.0,129000.0,3,1K,27.56,21,5,東中野駅,2,9.00,158226.65,98445.68,623,1447,1,0.12485509350498863
https://suumo.jp/chintai/jnc_000106943949/?bc=100505216954,八重垣荘,東京都中野区東中野４,45000.0,,,,1,1K,18.0,39,2,東中野駅,4,4.00,158226.65,98445.68,623,1447,1,0.07671697921539106
https://suumo.jp/chintai/jnc_000097236211/?bc=100427265695,八重垣荘,東京都中野区東中野４,45000.0,,,,2,1K,18.0,39,2,東中野駅,4,4.00,158226.65,98445.68,623,1447,1,0.07861773776250924
https://suumo.jp/chintai/jnc_000107162426/?bc=100504905269,ＪＲ中央線 東中野駅 5階建 築2年,東京都中野区東中野２,112000.0,8900.0,,112000.0,4,1K,24.15,2,5,東中野駅,4,7.67,158226.65,98445.68,623,1447,1,0.12198529436556954
https://suumo.jp/chintai/jnc_000106408917/?bc=100421651778,大倉ビルディング,東京都新宿区北新宿４,85000.0,5000.0,85000.0,85000.0,3,1K,33.41,41,4,東中野駅,5,11.00,158226.65,98445.68,623,1447,1,0.12376077626566795
https://suumo.jp/chintai/jnc_000106991800/?bc=100505550374,大石荘,東京都中野区東中野１,53700.0,4300.0,53700.0,107400.0,1,1K,15.0,56,2,東中野駅,7,10.67,158226.65,98445.68,623,1447,1,0.0790848950804856
https://suumo.jp/chintai/jnc_000106991799/?bc=100497640743,大石荘,東京都中野区東中野１,60000.0,3000.0,60000.0,60000.0,1,1K,16.52,56,2,東中野駅,7,10.67,158226.65,98445.68,623,1447,1,0.07850090418878303
https://suumo.jp/chintai/jnc_000107161947/?bc=100506682381,ＪＲ中央線 東中野駅 5階建 築31年,東京都新宿区北新宿４,68000.0,8000.0,68000.0,68000.0,4,1K,16.41,31,5,東中野駅,5,9.33,158226.65,98445.68,623,1447,1,0.1315151682157748
https://suumo.jp/chintai/jnc_000106316040/?bc=100505659041,ＪＲ中央線 東中野駅 5階建 築3年,東京都中野区東中野５,145000.0,15000.0,,145000.0,1,1K,25.5,3,5,東中野駅,7,9.00,158226.65,98445.68,623,1447,1,0.12244710426520272
https://suumo.jp/chintai/jnc_000106381560/?bc=100507041437,ＪＲ中央線 東中野駅 5階建 築6年,東京都新宿区北新宿４,135000.0,15000.0,135000.0,135000.0,2,1K,25.52,6,5,東中野駅,8,11.67,158226.65,98445.68,623,1447,1,0.12419656212712471
https://suumo.jp/chintai/jnc_000107221870/?bc=100507036417,ＪＲ中央線 東中野駅 6階建 築22年,東京都中野区東中野４,86000.0,10000.0,,,1,1K,21.67,22,6,東中野駅,2,8.00,158226.65,98445.68,623,1447,1,0.10289334656936078
https://suumo.jp/chintai/jnc_000107209744/?bc=100503772944,ＪＲ中央線 東中野駅 7階建 築23年,東京都新宿区北新宿４,95000.0,8000.0,95000.0,95000.0,4,1K,20.73,23,7,東中野駅,6,12.33,158226.65,98445.68,623,1447,1,0.13748608540396834
https://suumo.jp/chintai/jnc_000106281386/?bc=100500343200,ＪＲ中央線 東中野駅 7階建 築23年,東京都新宿区北新宿４,116000.0,11000.0,,116000.0,5,1K,20.73,23,7,東中野駅,6,12.33,158226.65,98445.68,623,1447,1,0.12297114979886942
https://suumo.jp/chintai/jnc_000106888788/?bc=100504655350,ＪＲ中央線 東中野駅 8階建 築13年,東京都新宿区北新宿４,110000.0,5000.0,110000.0,110000.0,1,1K,26.61,13,8,東中野駅,7,9.67,158226.65,98445.68,623,1447,1,0.1397600018763911
https://suumo.jp/chintai/jnc_000106112908/?bc=100499135345,ＪＲ中央線 東中野駅 8階建 築30年,東京都新宿区北新宿４,70000.0,8000.0,70000.0,70000.0,1,1K,17.73,30,8,東中野駅,5,9.00,158226.65,98445.68,623,1447,1,0.11956112207005776
https://suumo.jp/chintai/jnc_000106704549/?bc=100503558798,ＪＲ中央線 東中野駅 8階建 築30年,東京都新宿区北新宿４,75000.0,7000.0,75000.0,75000.0,6,1K,19.25,30,8,東中野駅,5,9.00,158226.65,98445.68,623,1447,1,0.09767757743648631
https://suumo.jp/chintai/jnc_000106677563/?bc=100503357486,ＪＲ中央線 東中野駅 9階建 築20年,東京都新宿区北新宿４,109000.0,11000.0,,218000.0,6,1K,20.88,20,9,東中野駅,9,9.00,158226.65,98445.68,623,1447,1,0.10205474206772608
https://suumo.jp/chintai/jnc_000098993170/?bc=100483588853,ＪＲ中央線 東中野駅 地下1地上10階建 築8年,東京都中野区東中野１,145000.0,11000.0,,145000.0,8,1K,26.06,8,11,東中野駅,2,9.00,158226.65,98445.68,623,1447,1,0.07165031336451283
https://suumo.jp/chintai/jnc_000105027000/?bc=100473970932,ＪＲ中央線 東中野駅 地下1地上10階建 築8年,東京都中野区東中野１,148000.0,11000.0,,148000.0,8,1K,26.06,8,11,東中野駅,2,9.00,158226.65,98445.68,623,1447,1,0.07059115458610754
https://suumo.jp/chintai/jnc_000106401398/?bc=100482889573,ＪＲ中央線 東中野駅 地下1地上6階建 築3年,東京都新宿区北新宿３,192000.0,11000.0,,192000.0,5,1K,25.8,3,7,東中野駅,10,13.00,158226.65,98445.68,623,1447,1,0.093005700382912
https://suumo.jp/chintai/jnc_000103135303/?bc=100486416150,ＪＲ中央線 東中野駅 地下1地上9階建 築17年,東京都中野区東中野４,126000.0,7000.0,126000.0,,5,1K,23.82,17,10,東中野駅,2,8.00,158226.65,98445.68,623,1447,1,0.09921957793274888
https://suumo.jp/chintai/jnc_000107216267/?bc=100507001529,ＪＲ中央線 東中野駅 地下1地上9階建 築17年,東京都中野区東中野４,129000.0,7000.0,129000.0,,5,1K,23.82,17,10,東中野駅,2,8.00,158226.65,98445.68,623,1447,1,0.09893437516475373
https://suumo.jp/chintai/jnc_000106183505/?bc=100506863295,ＪＲ中央線 東中野駅 地下2地上33階建 築19年,東京都中野区東中野５,160000.0,10000.0,160000.0,160000.0,17,1K,32.71,19,35,東中野駅,1,7.67,158226.65,98445.68,623,1447,-1,-0.06137116309708146
https://suumo.jp/chintai/jnc_000107108941/?bc=100506515341,アーバンハイム花,東京都中野区東中野５,63000.0,1000.0,63000.0,31500.0,2,1K,18.56,40,2,東中野駅,9,10.33,158226.65,98445.68,623,1447,1,0.09766617841295006
https://suumo.jp/chintai/jnc_000105488835/?bc=100495749952,アイルズ東中野,東京都中野区東中野２,105000.0,5000.0,105000.0,105000.0,3,1K,20.76,17,13,東中野駅,3,7.67,158226.65,98445.68,623,1447,1,0.099277670766455
https://suumo.jp/chintai/jnc_000107108936/?bc=100494876420,アイルズ東中野,東京都中野区東中野２,100000.0,5000.0,100000.0,100000.0,3,1K,20.76,17,13,東中野駅,3,7.67,158226.65,98445.68,623,1447,1,0.09985585154729926
https://suumo.jp/chintai/jnc_000106772323/?bc=100504008085,アイルズ東中野,東京都中野区東中野２,120000.0,5000.0,120000.0,120000.0,8,1K,21.78,17,13,東中野駅,3,7.67,158226.65,98445.68,623,1447,1,0.048951095639092446
https://suumo.jp/chintai/jnc_000106422867/?bc=100503726515,アヴィニティー東中野,東京都新宿区北新宿４,95000.0,8000.0,95000.0,95000.0,4,1K,20.73,23,7,東中野駅,6,9.67,158226.65,98445.68,623,1447,1,0.1421359129317109
https://suumo.jp/chintai/jnc_000100632686/?bc=100500494297,アメニティーＴＯＡ,東京都中野区東中野３,91000.0,4500.0,91000.0,91000.0,1,1K,22.46,19,4,東中野駅,5,5.67,158226.65,98445.68,623,1447,1,0.12466478600275255
https://suumo.jp/chintai/jnc_000106548844/?bc=100504558785,アレス中野,東京都中野区中野６,107000.0,10000.0,,107000.0,1,1K,21.35,0,4,東中野駅,11,12.00,158226.65,98445.68,623,1447,1,0.1145440548717489
https://suumo.jp/chintai/jnc_000106548847/?bc=100503594088,アレス中野,東京都中野区中野６,110000.0,10000.0,,110000.0,2,1K,21.35,0,4,東中野駅,11,12.00,158226.65,98445.68,623,1447,1,0.115317163538106
https://suumo.jp/chintai/jnc_000106548849/?bc=100504558419,アレス中野,東京都中野区中野６,110000.0,10000.0,,110000.0,3,1K,21.35,0,4,東中野駅,11,12.00,158226.65,98445.68,623,1447,1,0.11563853011642322
https://suumo.jp/chintai/jnc_000106548851/?bc=100506336036,アレス中野,東京都中野区中野６,107000.0,10000.0,,107000.0,4,1K,20.92,0,4,東中野駅,11,12.00,158226.65,98445.68,623,1447,1,0.10787652381583385
https://suumo.jp/chintai/jnc_000106548853/?bc=100506336032,アレス中野,東京都中野区中野６,110000.0,10000.0,,110000.0,4,1K,21.32,0,4,東中野駅,11,12.00,158226.65,98445.68,623,1447,1,0.10915573405957174
https://suumo.jp/chintai/jnc_000106548852/?bc=100506336029,アレス中野,東京都中野区中野６,110000.0,10000.0,,110000.0,4,1K,21.35,0,4,東中野駅,11,12.00,158226.65,98445.68,623,1447,1,0.10915573405957174
https://suumo.jp/chintai/jnc_000106613476/?bc=100502766483,ヴィラブリス,東京都新宿区北新宿４,72000.0,3000.0,72000.0,72000.0,1,1K,25.0,54,5,東中野駅,6,8.00,158226.65,98445.68,623,1447,1,0.0837726997638828
https://suumo.jp/chintai/jnc_000107148047/?bc=100506690096,エヌエス　フィールド,東京都中野区東中野２,112000.0,8900.0,,112000.0,4,1K,24.15,2,5,東中野駅,4,7.67,158226.65,98445.68,623,1447,1,0.12198529436556954
https://suumo.jp/chintai/jnc_000105679522/?bc=100498948538,エヌエス　フィールド,東京都中野区東中野２,118000.0,8900.0,,236000.0,4,1K,24.15,2,5,東中野駅,4,7.67,158226.65,98445.68,623,1447,1,0.12126738940423004
https://suumo.jp/chintai/jnc_000106199601/?bc=100473139922,エミリーズイン,東京都中野区東中野２,62000.0,2000.0,,,1,1K,18.0,35,2,東中野駅,6,10.33,158226.65,98445.68,623,1447,1,0.10657177081268765
https://suumo.jp/chintai/jnc_000106761877/?bc=100503772475,エルム桜山,東京都中野区東中野３,159000.0,8000.0,159000.0,159000.0,3,1K,43.68,3,3,東中野駅,5,9.33,158226.65,98445.68,623,1447,1,0.11110047629888448
https://suumo.jp/chintai/jnc_000107045029/?bc=100505933361,オークパーク,東京都新宿区北新宿４,105000.0,4500.0,,210000.0,1,1K,29.42,15,3,東中野駅,10,12.67,158226.65,98445.68,623,1447,1,0.1276629544213545
https://suumo.jp/chintai/jnc_000107116253/?bc=100506427287,オークハイツ,東京都新宿区北新宿３,79000.0,3000.0,,79000.0,2,1K,20.14,39,4,東中野駅,6,10.00,158226.65,98445.68,623,1447,1,0.1218863634124493
https://suumo.jp/chintai/jnc_000106340094/?bc=100501077864,オリーブレジデンス東中野,東京都中野区中野６,91000.0,3000.0,91000.0,91000.0,1,1K,21.03,5,3,東中野駅,6,10.33,158226.65,98445.68,623,1447,1,0.13044291242959094
https://suumo.jp/chintai/jnc_000106893960/?bc=100504751235,オリエンス,東京都中野区東中野１,109000.0,7000.0,109000.0,218000.0,3,1K,41.91,11,3,東中野駅,3,5.67,158226.65,98445.68,623,1447,1,0.09854440080684485
https://suumo.jp/chintai/jnc_000105873796/?bc=100502731455,カーサエスピナカ,東京都中野区東中野１,107000.0,3000.0,107000.0,107000.0,2,1K,29.81,18,2,東中野駅,2,5.50,158226.65,98445.68,623,1447,1,0.09762723529645007
https://suumo.jp/chintai/jnc_000105968349/?bc=100497723503,HF東中野レジデンス,東京都中野区東中野２,109000.0,5000.0,109000.0,109000.0,9,1K,22.81,20,11,東中野駅,5,8.33,158226.65,98445.68,623,1447,1,0.07279031155350424
https://suumo.jp/chintai/jnc_000105864158/?bc=100505328468,カルチャーコーポII,東京都中野区東中野２,75000.0,2000.0,75000.0,75000.0,1,1K,23.83,35,3,東中野駅,5,9.33,158226.65,98445.68,623,1447,1,0.11405399920726639
https://suumo.jp/chintai/jnc_000105999416/?bc=100506949070,i-Ap,東京都新宿区北新宿３,147000.0,,147000.0,147000.0,3,1K,30.33,3,3,東中野駅,5,10.33,158226.65,98445.68,623,1447,1,0.1374943061584269
https://suumo.jp/chintai/jnc_000105843436/?bc=100497202581,グランカーサ東中野,東京都中野区東中野１,145000.0,10000.0,145000.0,,8,1K,25.57,3,12,東中野駅,4,13.00,158226.65,98445.68,623,1447,1,0.06652378587945751
https://suumo.jp/chintai/jnc_000107027204/?bc=100506217972,グランドメゾン,東京都中野区中野６,70000.0,,70000.0,70000.0,1,1K,21.98,33,3,東中野駅,9,13.33,158226.65,98445.68,623,1447,1,0.12758719130940888
https://suumo.jp/chintai/jnc_000107148045/?bc=100506908470,グランハイツ東中野,東京都中野区東中野１,124000.0,6000.0,124000.0,124000.0,2,1K,26.82,21,5,東中野駅,2,7.33,158226.65,98445.68,623,1447,1,0.12508633341630843
https://suumo.jp/chintai/jnc_000106508775/?bc=100503267652,グランハイツ東中野,東京都中野区東中野１,124000.0,6000.0,124000.0,124000.0,3,1K,26.82,21,5,東中野駅,2,7.33,158226.65,98445.68,623,1447,1,0.12446013118304516
https://suumo.jp/chintai/jnc_000107148046/?bc=100506860361,グランハイツ東中野,東京都中野区東中野１,129000.0,6000.0,129000.0,129000.0,3,1K,27.56,21,5,東中野駅,2,7.33,158226.65,98445.68,623,1447,1,0.12078723385696682
https://suumo.jp/chintai/jnc_000107016034/?bc=100505766596,グランピア東中野駅前,東京都中野区東中野４,125000.0,10000.0,125000.0,,1,1K,25.65,2,4,東中野駅,1,12.33,158226.65,98445.68,623,1447,1,0.10451900876570686
https://suumo.jp/chintai/jnc_000106135450/?bc=100499513439,グランピア東中野駅前,東京都中野区東中野４,125000.0,10000.0,125000.0,,3,1K,25.65,2,4,東中野駅,1,12.33,158226.65,98445.68,623,1447,1,0.10732073692651439
https://suumo.jp/chintai/jnc_000106493243/?bc=100502266682,ｉＳｕｉｔｅ ＨｉｇａｓｈｉＮａｋａｎｏ,東京都中野区東中野１,125000.0,8000.0,125000.0,,4,1K,24.49,17,10,東中野駅,4,9.33,158226.65,98445.68,623,1447,1,0.12840852495032024
https://suumo.jp/chintai/jnc_000104903319/?bc=100490080518,ｉＳｕｉｔｅ ＨｉｇａｓｈｉＮａｋａｎｏ,東京都中野区東中野１,122000.0,8000.0,122000.0,183000.0,9,1K,24.49,17,10,東中野駅,4,9.33,158226.65,98445.68,623,1447,1,0.08823793337357083
https://suumo.jp/chintai/jnc_000106870804/?bc=100505319743,クレヴィスタ中野,東京都中野区上高田１,122600.0,15000.0,,122600.0,1,1K,25.77,1,9,東中野駅,12,13.33,158226.65,98445.68,623,1447,1,0.07698152990018686
https://suumo.jp/chintai/jnc_000106908666/?bc=100504887148,クレスト北新宿 A棟,東京都新宿区北新宿４,90000.0,5000.0,90000.0,,2,1K,19.62,11,5,東中野駅,9,9.33,158226.65,98445.68,623,1447,1,0.139970106618641
https://suumo.jp/chintai/jnc_000106409442/?bc=100504759261,コートヤード東中野,東京都中野区東中野２,86000.0,2000.0,86000.0,86000.0,1,1K,22.0,23,2,東中野駅,10,11.67,158226.65,98445.68,623,1447,1,0.10676674397975211
https://suumo.jp/chintai/jnc_000102372519/?bc=100491299341,コンフォート喜月,東京都中野区東中野４,60000.0,3000.0,60000.0,60000.0,1,1K,18.0,31,3,東中野駅,3,3.67,158226.65,98445.68,623,1447,1,0.08099475278421642
https://suumo.jp/chintai/jnc_000107210295/?bc=100506988644,コンフォリア東中野DEUX,東京都中野区東中野４,129000.0,7000.0,129000.0,,5,1K,23.82,17,10,東中野駅,2,4.67,158226.65,98445.68,623,1447,1,0.0801469453370553
https://suumo.jp/chintai/jnc_000106446060/?bc=100501629381,ザ・プレミアムキューブG東中野,東京都中野区東中野５,145000.0,15000.0,,145000.0,1,1K,25.5,3,5,東中野駅,7,9.67,158226.65,98445.68,623,1447,1,0.12389976030069616
https://suumo.jp/chintai/jnc_000106924746/?bc=100505362855,サンタフェ北新宿,東京都新宿区北新宿３,87000.0,3000.0,87000.0,87000.0,1,1K,21.94,12,3,東中野駅,5,10.00,158226.65,98445.68,623,1447,1,0.13305514294209364
https://suumo.jp/chintai/jnc_000107215510/?bc=100506956542,サンハイツ柏木,東京都新宿区北新宿４,68000.0,,68000.0,68000.0,3,1K,22.3,33,3,東中野駅,7,8.67,158226.65,98445.68,623,1447,1,0.13508037828640457
https://suumo.jp/chintai/jnc_000105350941/?bc=100492645388,サンライズ東中野,東京都中野区東中野４,76000.0,4500.0,76000.0,76000.0,3,1K,25.17,39,4,東中野駅,3,5.33,158226.65,98445.68,623,1447,1,0.10012273007804517
https://suumo.jp/chintai/jnc_000106882315/?bc=100504989814,西武新宿線 新井薬師前駅 9階建 築1年,東京都中野区上高田１,122600.0,15000.0,,122600.0,1,1K,25.77,1,9,東中野駅,12,13.33,158226.65,98445.68,623,1447,1,0.07698152990018686
https://suumo.jp/chintai/jnc_000107155475/?bc=100506743927,シティハイム　ゾンネ,東京都中野区東中野３,79000.0,4000.0,79000.0,79000.0,2,1K,18.63,38,2,東中野駅,4,5.00,158226.65,98445.68,623,1447,1,0.10395291124894118
https://suumo.jp/chintai/jnc_000106005350/?bc=100498469999,スカイコートヒルズ北新宿,東京都新宿区北新宿４,115000.0,8000.0,115000.0,115000.0,4,1K,25.5,10,9,東中野駅,8,11.00,158226.65,98445.68,623,1447,1,0.1418097608963269
https://suumo.jp/chintai/jnc_000106876592/?bc=100505250616,スカイコートヒルズ北新宿,東京都新宿区北新宿４,132000.0,8000.0,,132000.0,4,1K,25.5,10,9,東中野駅,8,11.00,158226.65,98445.68,623,1447,1,0.13848344703390963
https://suumo.jp/chintai/jnc_000105615914/?bc=100502304009,スカイコートヒルズ北新宿,東京都新宿区北新宿４,128000.0,7000.0,128000.0,128000.0,6,1K,25.5,10,9,東中野駅,8,11.00,158226.65,98445.68,623,1447,1,0.11275459051499276
https://suumo.jp/chintai/jnc_000105832901/?bc=100502463192,スカイコートヒルズ北新宿,東京都新宿区北新宿４,129000.0,7000.0,129000.0,129000.0,8,1K,25.5,10,9,東中野駅,8,11.00,158226.65,98445.68,623,1447,1,0.09902676387464682
https://suumo.jp/chintai/jnc_000105993828/?bc=100502274832,スカイコートヒルズ北新宿,東京都新宿区北新宿４,126000.0,7000.0,126000.0,126000.0,9,1K,25.5,10,9,東中野駅,8,11.00,158226.65,98445.68,623,1447,1,0.09541314851580801
https://suumo.jp/chintai/jnc_000106472481/?bc=100501847705,スカイコート新宿第５,東京都新宿区北新宿３,96000.0,11000.0,,96000.0,2,1K,17.47,36,4,東中野駅,6,12.67,158226.65,98445.68,623,1447,1,0.12359113349819406
https://suumo.jp/chintai/jnc_000106456154/?bc=100504183780,スカイコート新宿第５,東京都新宿区北新宿３,80000.0,8500.0,80000.0,,2,1K,21.7,36,4,東中野駅,6,12.67,158226.65,98445.68,623,1447,1,0.13245267163539964
https://suumo.jp/chintai/jnc_000106827961/?bc=100504576015,スカイコート新宿第５,東京都新宿区北新宿３,70000.0,7000.0,70000.0,70000.0,3,1K,16.58,36,4,東中野駅,6,12.67,158226.65,98445.68,623,1447,1,0.12782379271869337
https://suumo.jp/chintai/jnc_000106903620/?bc=100504837345,ストーク北新宿,東京都新宿区北新宿４,90000.0,8000.0,,,3,1K,27.9,38,10,東中野駅,12,13.33,158226.65,98445.68,623,1447,1,0.08174017584687554
https://suumo.jp/chintai/jnc_000106966645/?bc=100505387536,スワンレイク東中野,東京都中野区上高田１,105000.0,11000.0,105000.0,,3,1K,27.0,6,6,東中野駅,10,11.67,158226.65,98445.68,623,1447,1,0.13590656913082422
https://suumo.jp/chintai/jnc_000106655483/?bc=100505250541,タウンハウス東中野,東京都中野区上高田１,72000.0,4000.0,72000.0,72000.0,2,1K,23.58,20,2,東中野駅,10,12.00,158226.65,98445.68,623,1447,1,0.1310615321358144
https://suumo.jp/chintai/jnc_000107053565/?bc=100505981995,ドミールｃｉｔｙ東中野II,東京都中野区東中野３,102000.0,10500.0,102000.0,102000.0,7,1K,25.28,10,12,東中野駅,6,6.00,158226.65,98445.68,623,1447,1,0.07539183715821496
https://suumo.jp/chintai/jnc_000106783615/?bc=100505979068,パークアベニュー,東京都新宿区北新宿４,102000.0,20000.0,100000.0,,2,1K,23.6,36,4,東中野駅,9,12.33,158226.65,98445.68,623,1447,1,0.08879142807509477
https://suumo.jp/chintai/jnc_000107045028/?bc=100494174124,パークアベニュー,東京都新宿区北新宿４,98000.0,20000.0,100000.0,,2,1K,8.2,36,4,東中野駅,9,12.33,158226.65,98445.68,623,1447,1,0.06802551190861061
https://suumo.jp/chintai/jnc_000104709361/?bc=100499508307,パークハビオ東中野,東京都中野区東中野１,150000.0,8000.0,150000.0,150000.0,3,1K,29.85,16,16,東中野駅,1,7.33,158226.65,98445.68,623,1447,1,0.0719292147074026
https://suumo.jp/chintai/jnc_000105826266/?bc=100497640372,パークハビオ東中野,東京都中野区東中野１,149000.0,10000.0,149000.0,149000.0,6,1K,29.8,16,16,東中野駅,1,7.33,158226.65,98445.68,623,1447,1,0.04164120389918602
https://suumo.jp/chintai/jnc_000104997377/?bc=100480866738,パティーナエーレ東中野,東京都中野区東中野１,148000.0,11000.0,,148000.0,8,1K,26.06,8,11,東中野駅,2,9.00,158226.65,98445.68,623,1447,1,0.07059115458610754
https://suumo.jp/chintai/jnc_000107004404/?bc=100505607203,フェリーチェ,東京都中野区東中野４,143000.0,3000.0,143000.0,143000.0,2,1K,30.4,10,4,東中野駅,3,9.00,158226.65,98445.68,623,1447,1,0.11559183378537713
https://suumo.jp/chintai/jnc_000106986725/?bc=100505550370,フォーシーズンズ,東京都中野区上高田１,79000.0,3000.0,79000.0,,1,1K,17.43,17,2,東中野駅,9,10.00,158226.65,98445.68,623,1447,1,0.1200949267864363
https://suumo.jp/chintai/jnc_000104735897/?bc=100487692368,フラットカメリア,東京都中野区東中野３,80000.0,2000.0,80000.0,80000.0,2,1K,23.19,31,2,東中野駅,3,3.33,158226.65,98445.68,623,1447,1,0.07201036425257729
https://suumo.jp/chintai/jnc_000106783617/?bc=100504173272,プラトリエ北新宿,東京都新宿区北新宿４,121000.0,8000.0,,,7,1K,25.0,5,9,東中野駅,9,12.00,158226.65,98445.68,623,1447,1,0.10514755759235944
https://suumo.jp/chintai/jnc_000106135049/?bc=100498991329,ホームタウン柏木,東京都新宿区北新宿３,108000.0,8000.0,,108000.0,3,1K,27.75,17,3,東中野駅,5,9.33,158226.65,98445.68,623,1447,1,0.15372381550635805
https://suumo.jp/chintai/jnc_000106696064/?bc=100503476484,マイナビステイロアール北新宿,東京都新宿区北新宿４,109000.0,11000.0,,218000.0,6,1K,20.88,20,9,東中野駅,9,10.33,158226.65,98445.68,623,1447,1,0.10572006576975473
https://suumo.jp/chintai/jnc_000105185731/?bc=100491261197,ミュウ,東京都中野区東中野２,80000.0,2000.0,80000.0,80000.0,2,1K,21.84,21,2,東中野駅,4,9.33,158226.65,98445.68,623,1447,1,0.10954551259829548
https://suumo.jp/chintai/jnc_000106634599/?bc=100503190700,ＪＲ中央線 東中野駅 11階建 築2年,東京都新宿区北新宿４,129500.0,15000.0,,129500.0,11,1K,25.53,2,11,東中野駅,9,11.67,158226.65,98445.68,623,1447,1,0.06087367273130073
https://suumo.jp/chintai/jnc_000106843360/?bc=100504396834,ＪＲ中央線 東中野駅 11階建 築2年,東京都新宿区北新宿４,126000.0,15000.0,,126000.0,2,1K,25.76,2,11,東中野駅,9,11.67,158226.65,98445.68,623,1447,1,0.11360900784820893
https://suumo.jp/chintai/jnc_000106381559/?bc=100501241254,ＪＲ中央線 東中野駅 11階建 築2年,東京都新宿区北新宿４,126500.0,15000.0,,126500.0,3,1K,25.53,2,11,東中野駅,9,11.67,158226.65,98445.68,623,1447,1,0.11421706608379956
https://suumo.jp/chintai/jnc_000106677562/?bc=100503375620,ＪＲ中央線 東中野駅 11階建 築2年,東京都新宿区北新宿４,126500.0,15000.0,,126500.0,3,1K,25.76,2,11,東中野駅,9,11.67,158226.65,98445.68,623,1447,1,0.11421706608379956
https://suumo.jp/chintai/jnc_000106422865/?bc=100501432074,ＪＲ中央線 東中野駅 11階建 築2年,東京都新宿区北新宿４,128000.0,15000.0,,128000.0,8,1K,25.76,2,11,東中野駅,9,11.67,158226.65,98445.68,623,1447,1,0.08209564653103285
https://suumo.jp/chintai/jnc_000104752926/?bc=100489454987,ＪＲ総武線 東中野駅 5階建 築3年,東京都新宿区北新宿３,130000.0,15000.0,,,5,1K,25.96,3,5,東中野駅,5,9.67,158226.65,98445.68,623,1447,1,0.1202993415829629
https://suumo.jp/chintai/jnc_000106014016/?bc=100498204312,ＪＲ総武線 東中野駅 9階建 築10年,東京都新宿区北新宿４,115000.0,8000.0,115000.0,115000.0,4,1K,25.5,10,9,東中野駅,8,10.67,158226.65,98445.68,623,1447,1,0.14184342116587995
https://suumo.jp/chintai/jnc_000106949803/?bc=100505368014,ＪＲ総武線 東中野駅 9階建 築10年,東京都新宿区北新宿４,132000.0,8000.0,,132000.0,4,1K,25.5,10,9,東中野駅,8,10.67,158226.65,98445.68,623,1447,1,0.1385174028812206
https://suumo.jp/chintai/jnc_000106172711/?bc=100503618485,ＪＲ総武線 東中野駅 9階建 築10年,東京都新宿区北新宿４,128000.0,7000.0,128000.0,128000.0,6,1K,25.5,10,9,東中野駅,8,10.67,158226.65,98445.68,623,1447,1,0.11334230777851068
https://suumo.jp/chintai/jnc_000106346635/?bc=100500810557,ＪＲ総武線 東中野駅 9階建 築10年,東京都新宿区北新宿４,120000.0,10000.0,100000.0,100000.0,7,1K,25.5,10,9,東中野駅,8,10.67,158226.65,98445.68,623,1447,1,0.10915835643736216
https://suumo.jp/chintai/jnc_000106273910/?bc=100500503590,ＪＲ総武線 東中野駅 9階建 築10年,東京都新宿区北新宿４,126000.0,7000.0,126000.0,126000.0,9,1K,25.5,10,9,東中野駅,8,10.67,158226.65,98445.68,623,1447,1,0.09421852991957602
https://suumo.jp/chintai/jnc_000106801480/?bc=100504688437,ＪＲ総武線 東中野駅 9階建 築5年,東京都新宿区北新宿４,121000.0,8000.0,,,7,1K,25.0,5,9,東中野駅,8,12.33,158226.65,98445.68,623,1447,1,0.110593897568325
https://suumo.jp/chintai/jnc_000106777577/?bc=100504066360,Ｋａｎａｌｏａ　-カナロア-,東京都新宿区北新宿４,110000.0,5000.0,110000.0,110000.0,1,1K,26.61,13,8,東中野駅,7,10.33,158226.65,98445.68,623,1447,1,0.14144589276683206
https://suumo.jp/chintai/jnc_000106198966/?bc=100499717318,La　Douceur　東中野,東京都新宿区北新宿４,130000.0,15000.0,130000.0,,2,1K,25.13,6,14,東中野駅,6,10.00,158226.65,98445.68,623,1447,1,0.10668416665503977
https://suumo.jp/chintai/jnc_000106484885/?bc=100504916821,La　Douceur　東中野,東京都新宿区北新宿４,135000.0,15000.0,135000.0,,6,1K,25.13,6,14,東中野駅,6,10.00,158226.65,98445.68,623,1447,1,0.0882195609175439
https://suumo.jp/chintai/jnc_000106949804/?bc=100505304432,La　Douceur　東中野,東京都新宿区北新宿４,135000.0,15000.0,135000.0,,7,1K,25.13,6,14,東中野駅,6,10.00,158226.65,98445.68,623,1447,1,0.08478429974478635
https://suumo.jp/chintai/jnc_000106484886/?bc=100505250546,La　Douceur　東中野,東京都新宿区北新宿４,135000.0,15000.0,135000.0,,9,1K,25.13,6,14,東中野駅,6,10.00,158226.65,98445.68,623,1447,1,0.07204318216461436
https://suumo.jp/chintai/jnc_000105984219/?bc=100495159860,Casa de la Luz,東京都中野区東中野２,85000.0,5000.0,8500.0,8500.0,1,1K,25.0,20,7,東中野駅,5,7.00,158226.65,98445.68,623,1447,1,0.1287249506419485
https://suumo.jp/chintai/jnc_000106959649/?bc=100505300940,CasaVerde東中野,東京都中野区東中野１,110000.0,10000.0,110000.0,110000.0,1,1K,25.78,3,3,東中野駅,2,4.67,158226.65,98445.68,623,1447,1,0.08617465857617984
https://suumo.jp/chintai/jnc_000106508779/?bc=100502077577,Cazn東中野,東京都中野区東中野５,88000.0,4000.0,88000.0,88000.0,2,1K,26.28,17,2,東中野駅,4,8.00,158226.65,98445.68,623,1447,1,0.1337608803221158
https://suumo.jp/chintai/jnc_000107170307/?bc=100304168653,都コーポ,東京都中野区中野６,88000.0,2000.0,176000.0,88000.0,1,1K,28.9,9,2,東中野駅,9,9.67,158226.65,98445.68,623,1447,1,0.10601054739518362
https://suumo.jp/chintai/jnc_000060888330/?bc=100499274935,近藤ビル,東京都中野区上高田１,65000.0,,65000.0,65000.0,2,1K,20.2,48,2,東中野駅,8,9.33,158226.65,98445.68,623,1447,1,0.11534063725019067
https://suumo.jp/chintai/jnc_000106372319/?bc=100504968714,PREMIUM CUBE 東中野,東京都新宿区北新宿４,135000.0,15000.0,135000.0,135000.0,2,1K,25.52,6,5,東中野駅,7,10.33,158226.65,98445.68,623,1447,1,0.13176247257098145
https://suumo.jp/chintai/jnc_000107169513/?bc=100506740703,PREMIUM CUBE 東中野,東京都新宿区北新宿４,135000.0,15000.0,135000.0,135000.0,3,1K,25.52,6,5,東中野駅,7,10.33,158226.65,98445.68,623,1447,1,0.13235788838905277
https://suumo.jp/chintai/jnc_000106943641/?bc=100505339265,ＲＡＤＩＡ　ＫＩＴＡ－ＳＨＩＮＪＵＫＵ,東京都新宿区北新宿３,123000.0,6000.0,123000.0,123000.0,3,1K,24.68,18,4,東中野駅,10,14.00,158226.65,98445.68,623,1447,1,0.1243494173462536
https://suumo.jp/chintai/jnc_000105585394/?bc=100494377036,Ｃｕｓｔｏｍ　Ｃｏｎｄｏ,東京都中野区東中野１,110000.0,3000.0,110000.0,110000.0,1,1K,28.0,15,3,東中野駅,7,11.00,158226.65,98445.68,623,1447,1,0.1408334031243446
https://suumo.jp/chintai/jnc_000103447282/?bc=100477631039,RELUXIA北新宿,東京都新宿区北新宿３,116000.0,20000.0,,116000.0,3,1K,25.51,6,5,東中野駅,3,10.00,158226.65,98445.68,623,1447,1,0.0890793686849834
https://suumo.jp/chintai/jnc_000107033232/?bc=100505857390,Ｔ－フラッツ,東京都中野区東中野４,79000.0,2000.0,79000.0,79000.0,1,1K,20.31,27,3,東中野駅,4,4.33,158226.65,98445.68,623,1447,1,0.08497723397776086
https://suumo.jp/chintai/jnc_000106241066/?bc=100501508225,THE PREMIUM CUBE G 東中野,東京都中野区東中野５,145000.0,15000.0,,145000.0,1,1K,25.5,3,5,東中野駅,7,9.67,158226.65,98445.68,623,1447,1,0.12389976030069616
https://suumo.jp/chintai/jnc_000104426282/?bc=100488214908,THE PREMIUM CUBE G 東中野,東京都中野区東中野５,139000.0,15000.0,139000.0,139000.0,3,1K,25.5,3,5,東中野駅,7,9.67,158226.65,98445.68,623,1447,1,0.12698480057780576
https://suumo.jp/chintai/jnc_000106484884/?bc=100502318750,VILLE NEUVE 北新宿,東京都新宿区北新宿３,93000.0,12000.0,,,1,1K,20.94,6,5,東中野駅,5,10.33,158226.65,98445.68,623,1447,1,0.13950423825639274
https://suumo.jp/chintai/jnc_000105961386/?bc=100500053071,アークマーク東中野,東京都新宿区北新宿３,128000.0,15000.0,,,4,1K,25.96,3,5,東中野駅,5,12.00,158226.65,98445.68,623,1447,1,0.12410585361439608
https://suumo.jp/chintai/jnc_000104598661/?bc=100488792277,アークマーク東中野,東京都新宿区北新宿３,130000.0,15000.0,,,5,1K,25.96,3,5,東中野駅,5,12.00,158226.65,98445.68,623,1447,1,0.11841645417118718
https://suumo.jp/chintai/jnc_000106087898/?bc=100502126038,ＪＲ総武線 東中野駅 4階建 築4年,東京都中野区東中野５,187000.0,11000.0,,,4,1LDK,30.85,4,4,東中野駅,3,4.00,158226.65,170377.07,623,811,1,0.05368677395298954
https://suumo.jp/chintai/jnc_000106562128/?bc=100502834673,ＪＲ総武線 東中野駅 4階建 築6年,東京都新宿区北新宿３,186000.0,12000.0,,,4,1LDK,42.78,6,4,東中野駅,5,10.67,158226.65,170377.07,623,811,1,0.11468752967212548
https://suumo.jp/chintai/jnc_000105917903/?bc=100493339924,Brilla 東中野 Station Front,東京都中野区東中野２,210000.0,10000.0,210000.0,210000.0,4,1LDK,40.45,8,14,東中野駅,2,3.67,158226.65,170377.07,623,811,1,0.01970470357502474
https://suumo.jp/chintai/jnc_000102998284/?bc=100505005087,ＪＲ総武線 東中野駅 6階建 築47年,東京都中野区中央１,145000.0,5000.0,290000.0,145000.0,1,1LDK,43.74,47,6,東中野駅,8,11.00,158226.65,170377.07,623,811,1,0.07715042349587659
https://suumo.jp/chintai/jnc_000105893744/?bc=100497022949,ＪＲ総武線 東中野駅 6階建 築5年,東京都中野区東中野１,205000.0,10000.0,205000.0,307500.0,1,1LDK,41.43,5,6,東中野駅,6,10.00,158226.65,170377.07,623,811,1,0.10650091305893605
https://suumo.jp/chintai/jnc_000104995842/?bc=100505667248,ＪＲ総武線 東中野駅 8階建 築20年,東京都新宿区北新宿４,145000.0,8000.0,145000.0,145000.0,2,1LDK,39.21,20,8,東中野駅,6,11.33,158226.65,170377.07,623,811,1,0.10990247999598712
https://suumo.jp/chintai/jnc_000105570259/?bc=100496289721,ＪＲ総武線 東中野駅 3階建 新築,東京都中野区東中野５,220000.0,14000.0,220000.0,,2,1LDK,55.87,0,3,東中野駅,3,5.33,158226.65,170377.07,623,811,1,0.037003817705629105
https://suumo.jp/chintai/jnc_000105570259/?bc=100496289721,ＪＲ総武線 東中野駅 3階建 新築,東京都中野区東中野５,220000.0,14000.0,220000.0,,3,1LDK,55.87,0,3,東中野駅,3,5.33,158226.65,170377.07,623,811,1,0.035715562110624155
https://suumo.jp/chintai/jnc_000105447250/?bc=100500046832,ＪＲ総武線 東中野駅 8階建 築56年,東京都中野区東中野１,137000.0,8000.0,,137000.0,6,1LDK,36.36,56,8,東中野駅,1,8.33,158226.65,170377.07,623,811,1,0.03375402478837536
https://suumo.jp/chintai/jnc_000106837368/?bc=100504338045,ＪＲ総武線 東中野駅 9階建 築10年,東京都新宿区北新宿４,150000.0,15000.0,,150000.0,5,1LDK,37.01,10,9,東中野駅,5,10.33,158226.65,170377.07,623,811,1,0.08233746432800088
https://suumo.jp/chintai/jnc_000106979084/?bc=100499979700,ＪＲ総武線 東中野駅 地下1地上11階建 築20年,東京都中野区東中野２,175000.0,10000.0,175000.0,,8,1LDK,40.05,20,12,東中野駅,5,8.00,158226.65,170377.07,623,811,1,0.048237901203623645
https://suumo.jp/chintai/jnc_000106515708/?bc=100503437184,ＪＲ総武線 東中野駅 27階建 築12年,東京都中野区東中野４,220000.0,10000.0,220000.0,220000.0,6,1LDK,46.03,12,27,東中野駅,1,5.00,158226.65,170377.07,623,811,-1,-0.05696263431077819
https://suumo.jp/chintai/jnc_000107209742/?bc=100496370041,グロワール北新宿,東京都新宿区北新宿４,200000.0,8000.0,100000.0,100000.0,1,1LDK,48.77,2,4,東中野駅,8,11.00,158226.65,170377.07,623,811,1,0.10269452747511026
https://suumo.jp/chintai/jnc_000106848723/?bc=100502750597,ＪＲ中央線 東中野駅 5階建 新築,東京都中野区東中野１,253000.0,,253000.0,,4,1LDK,53.43,0,5,東中野駅,8,10.67,158226.65,170377.07,623,811,1,0.08129092099602869
https://suumo.jp/chintai/jnc_000106848722/?bc=100502461785,ＪＲ中央線 東中野駅 5階建 新築,東京都中野区東中野１,264000.0,15000.0,,,4,1LDK,50.4,0,5,東中野駅,8,10.67,158226.65,170377.07,623,811,1,0.07089069478347748
https://suumo.jp/chintai/jnc_000106467405/?bc=100497023571,ユニゾンタワー,東京都中野区東中野５,220000.0,12000.0,220000.0,264000.0,7,1LDK,52.75,19,33,東中野駅,1,9.00,158226.65,170377.07,623,811,-1,-0.03323285805792131
https://suumo.jp/chintai/jnc_000105453747/?bc=100493990081,ユニゾンタワー,東京都中野区東中野５,197000.0,12000.0,197000.0,236400.0,4,1LDK,43.1,19,33,東中野駅,1,9.00,158226.65,170377.07,623,811,-1,-0.011880912561661683
https://suumo.jp/chintai/jnc_000106640662/?bc=100503244932,ラシーネ北新宿,東京都新宿区北新宿３,162000.0,4000.0,162000.0,324000.0,1,1LDK,43.8,10,3,東中野駅,8,12.00,158226.65,170377.07,623,811,1,0.10492268952426942
https://suumo.jp/chintai/jnc_000106028089/?bc=100500578010,ＪＲ総武線 東中野駅 25階建 築3年,東京都中野区東中野５,360000.0,10000.0,360000.0,360000.0,23,1LDK,61.53,3,25,東中野駅,1,7.33,158226.65,170377.07,623,811,-1,-0.13972541362146973
https://suumo.jp/chintai/jnc_000090450468/?bc=100506951929,ＪＲ総武線 東中野駅 25階建 築3年,東京都中野区東中野５,230000.0,10000.0,230000.0,230000.0,10,1LDK,41.02,3,25,東中野駅,1,7.33,158226.65,170377.07,623,811,-1,-0.05074405642345381
https://suumo.jp/chintai/jnc_000073416774/?bc=100504019226,ラ・ミアカーサ東中野,東京都中野区東中野１,166000.0,12000.0,166000.0,166000.0,1,1LDK,36.12,7,5,東中野駅,2,7.33,158226.65,170377.07,623,811,1,0.08326647764847972
https://suumo.jp/chintai/jnc_000105738567/?bc=100507041687,ＪＲ総武線 東中野駅 12階建 築3年,東京都中野区東中野１,172000.0,12000.0,172000.0,,10,1LDK,33.05,3,12,東中野駅,1,5.67,158226.65,170377.07,623,811,-1,-0.005657006692640465
https://suumo.jp/chintai/jnc_000101104881/?bc=100459975638,コンフォリア・リヴ東中野,東京都中野区上高田１,213000.0,15000.0,,,1,1LDK,37.76,0,4,東中野駅,9,10.33,158226.65,170377.07,623,811,1,0.09579740987302632
https://suumo.jp/chintai/jnc_000101837760/?bc=100498196312,コンフォリア・リヴ東中野,東京都中野区上高田１,213000.0,15000.0,213000.0,,1,1LDK,38.01,0,4,東中野駅,9,10.33,158226.65,170377.07,623,811,1,0.09579740987302632
https://suumo.jp/chintai/jnc_000105833458/?bc=100494679524,コンフォリア・リヴ東中野,東京都中野区上高田１,230000.0,15000.0,,,2,1LDK,40.32,0,4,東中野駅,9,10.33,158226.65,170377.07,623,811,1,0.09543656635552861
https://suumo.jp/chintai/jnc_000103680780/?bc=100496920004,コンフォリア・リヴ東中野,東京都中野区上高田１,225000.0,15000.0,,,3,1LDK,40.6,0,4,東中野駅,9,10.33,158226.65,170377.07,623,811,1,0.09458785423991267
https://suumo.jp/chintai/jnc_000105799927/?bc=100463111392,コンフォリア・リヴ東中野,東京都中野区上高田１,210000.0,15000.0,,,-1,1LDK,38.01,0,4,東中野駅,9,10.33,158226.65,170377.07,623,811,1,0.09048392542962469
https://suumo.jp/chintai/jnc_000105873772/?bc=100506387062,コンフォリア・リヴ東中野,東京都中野区上高田１,223000.0,15000.0,,,-1,1LDK,40.32,0,4,東中野駅,9,10.33,158226.65,170377.07,623,811,1,0.0836019660032023
https://suumo.jp/chintai/jnc_000101104879/?bc=100477594376,コンフォリア・リヴ東中野,東京都中野区上高田１,226000.0,15000.0,226000.0,,-1,1LDK,40.32,0,4,東中野駅,9,10.33,158226.65,170377.07,623,811,1,0.08250463724174029
https://suumo.jp/chintai/jnc_000106761444/?bc=100503780927,Partenza 柏中,東京都新宿区北新宿３,165000.0,8000.0,,330000.0,2,1LDK,40.75,10,3,東中野駅,6,10.67,158226.65,170377.07,623,811,1,0.12807940416564095
https://suumo.jp/chintai/jnc_000104910110/?bc=100498582085,ＪＲ総武線 東中野駅 10階建 築17年,東京都中野区東中野１,222000.0,13000.0,222000.0,333000.0,3,1LDK,49.93,17,10,東中野駅,3,9.33,158226.65,170377.07,623,811,1,0.06959123449381915
https://suumo.jp/chintai/jnc_000103259878/?bc=100476748593,ＪＲ総武線 東中野駅 10階建 築17年,東京都中野区東中野１,225000.0,13000.0,225000.0,,1,1LDK,51.14,17,10,東中野駅,3,9.33,158226.65,170377.07,623,811,1,0.0629896734231346
https://suumo.jp/chintai/jnc_000106485275/?bc=100501922865,ＪＲ中央線 東中野駅 2階建 築1年,東京都中野区東中野４,197000.0,,197000.0,197000.0,2,1LDK,49.12,1,2,東中野駅,3,6.67,158226.65,170377.07,623,811,1,0.07152797070710604
https://suumo.jp/chintai/jnc_000104910109/?bc=100489375872,ＪＲ総武線 東中野駅 10階建 築17年,東京都中野区東中野１,229000.0,13000.0,229000.0,343500.0,10,1LDK,49.93,17,10,東中野駅,3,9.33,158226.65,170377.07,623,811,1,0.03210710126919841
https://suumo.jp/chintai/jnc_000106848724/?bc=100504344587,ＪＲ中央線 東中野駅 5階建 新築,東京都中野区東中野１,253000.0,15000.0,,,1,1LDK,53.43,0,5,東中野駅,8,10.67,158226.65,170377.07,623,811,1,0.07575623058320852
https://suumo.jp/chintai/jnc_000106848724/?bc=100504344587,ＪＲ中央線 東中野駅 5階建 新築,東京都中野区東中野１,253000.0,15000.0,,,2,1LDK,53.43,0,5,東中野駅,8,10.67,158226.65,170377.07,623,811,1,0.07759990937387784
https://suumo.jp/chintai/jnc_000102732921/?bc=100471965430,松屋ビル,東京都中野区東中野１,85000.0,4400.0,170000.0,85000.0,4,1LDK,25.0,29,5,東中野駅,1,10.00,158226.65,170377.07,623,811,1,0.07340080203624905
https://suumo.jp/chintai/jnc_000107209743/?bc=100496384160,ＪＲ中央線 東中野駅 4階建 築2年,東京都新宿区北新宿４,200000.0,8000.0,100000.0,100000.0,1,1LDK,48.77,2,4,東中野駅,8,11.00,158226.65,170377.07,623,811,1,0.10269452747511026
https://suumo.jp/chintai/jnc_000105114826/?bc=100505250417,ワンルーフレジデンス中野,東京都中野区中野６,184000.0,15000.0,184000.0,,2,1LDK,35.47,0,10,東中野駅,11,12.67,158226.65,170377.07,623,811,1,0.06784116762833348
https://suumo.jp/chintai/jnc_000106569719/?bc=100502418350,都営大江戸線 東中野駅 2階建 新築,東京都中野区中野６,148000.0,10000.0,,148000.0,1,1LDK,40.16,0,2,東中野駅,13,14.67,158226.65,170377.07,623,811,1,0.0629662084358103
https://suumo.jp/chintai/jnc_000106882338/?bc=100504648827,都営大江戸線 東中野駅 2階建 新築,東京都中野区中野６,148000.0,10000.0,,148000.0,1,1LDK,41.21,0,2,東中野駅,13,14.67,158226.65,170377.07,623,811,1,0.062346519596566397
https://suumo.jp/chintai/jnc_000105182102/?bc=100491895387,都営大江戸線 東中野駅 3階建 新築,東京都中野区上高田１,171500.0,15000.0,,,1,1LDK,30.83,0,3,東中野駅,8,9.67,158226.65,170377.07,623,811,1,0.10891073476342489
https://suumo.jp/chintai/jnc_000105182100/?bc=100505250549,都営大江戸線 東中野駅 3階建 新築,東京都中野区上高田１,171500.0,15000.0,,,1,1LDK,31.29,0,3,東中野駅,8,9.67,158226.65,170377.07,623,811,1,0.10845413091801126
https://suumo.jp/chintai/jnc_000105182101/?bc=100491895407,都営大江戸線 東中野駅 3階建 新築,東京都中野区上高田１,170500.0,15000.0,,,1,1LDK,31.52,0,3,東中野駅,8,9.67,158226.65,170377.07,623,811,1,0.10845413091801126
https://suumo.jp/chintai/jnc_000105178027/?bc=100492968853,都営大江戸線 東中野駅 3階建 新築,東京都中野区上高田１,176000.0,15000.0,,,2,1LDK,31.04,0,3,東中野駅,8,9.67,158226.65,170377.07,623,811,1,0.11096241032248061
https://suumo.jp/chintai/jnc_000105178024/?bc=100491895412,都営大江戸線 東中野駅 3階建 新築,東京都中野区上高田１,175000.0,15000.0,,,2,1LDK,31.29,0,3,東中野駅,8,9.67,158226.65,170377.07,623,811,1,0.112275348394275
https://suumo.jp/chintai/jnc_000105178025/?bc=100494679466,都営大江戸線 東中野駅 3階建 新築,東京都中野区上高田１,174000.0,15000.0,,,2,1LDK,31.52,0,3,東中野駅,8,9.67,158226.65,170377.07,623,811,1,0.112275348394275
https://suumo.jp/chintai/jnc_000105160621/?bc=100491943655,ＥＳ Ｇｒａｎｄｅ東中野,東京都中野区上高田１,171500.0,15000.0,,,1,1LDK,30.83,0,3,東中野駅,8,8.67,158226.65,170377.07,623,811,1,0.10704421589719282
https://suumo.jp/chintai/jnc_000105160619/?bc=100491190693,ＥＳ Ｇｒａｎｄｅ東中野,東京都中野区上高田１,171500.0,15000.0,,,1,1LDK,31.29,0,3,東中野駅,8,8.67,158226.65,170377.07,623,811,1,0.10658554194407249
https://suumo.jp/chintai/jnc_000106684421/?bc=100503263513,ＪＲ中央線 東中野駅 4階建 新築,東京都中野区中野６,207000.0,10000.0,,207000.0,3,1LDK,41.85,0,4,東中野駅,11,12.00,158226.65,170377.07,623,811,1,0.08599233164943482
https://suumo.jp/chintai/jnc_000106228565/?bc=100500413230,ユニゾンタワー,東京都中野区東中野５,267000.0,12000.0,267000.0,400500.0,23,1LDK,60.8,19,33,東中野駅,1,9.00,158226.65,170377.07,623,811,-1,-0.12880774035687514
https://suumo.jp/chintai/jnc_000106538817/?bc=100502654297,VILLE NEUVE 北新宿,東京都新宿区北新宿３,186000.0,12000.0,,,4,1LDK,42.78,6,5,東中野駅,5,10.33,158226.65,170377.07,623,811,1,0.11197008479055659
https://suumo.jp/chintai/jnc_000105160620/?bc=100492721740,ＥＳ Ｇｒａｎｄｅ東中野,東京都中野区上高田１,170500.0,15000.0,,,1,1LDK,31.52,0,3,東中野駅,8,8.67,158226.65,170377.07,623,811,1,0.10658554194407249
https://suumo.jp/chintai/jnc_000105160626/?bc=100500359961,ＥＳ Ｇｒａｎｄｅ東中野,東京都中野区上高田１,176000.0,15000.0,,,2,1LDK,31.04,0,3,東中野駅,8,8.67,158226.65,170377.07,623,811,1,0.10967806975279581
https://suumo.jp/chintai/jnc_000105160623/?bc=100491117862,ＥＳ Ｇｒａｎｄｅ東中野,東京都中野区上高田１,175000.0,15000.0,,,2,1LDK,31.29,0,3,東中野駅,8,8.67,158226.65,170377.07,623,811,1,0.11099512420146868
https://suumo.jp/chintai/jnc_000105160624/?bc=100491943664,ＥＳ Ｇｒａｎｄｅ東中野,東京都中野区上高田１,174000.0,15000.0,,,2,1LDK,31.52,0,3,東中野駅,8,8.67,158226.65,170377.07,623,811,1,0.11099512420146868
https://suumo.jp/chintai/jnc_000105160629/?bc=100491943649,ＥＳ Ｇｒａｎｄｅ東中野,東京都中野区上高田１,175000.0,15000.0,,,3,1LDK,30.83,0,3,東中野駅,8,8.67,158226.65,170377.07,623,811,1,0.10980345376429235
https://suumo.jp/chintai/jnc_000105160628/?bc=100492721735,ＥＳ Ｇｒａｎｄｅ東中野,東京都中野区上高田１,174000.0,15000.0,,,3,1LDK,31.52,0,3,東中野駅,8,8.67,158226.65,170377.07,623,811,1,0.10934784001038911
https://suumo.jp/chintai/jnc_000106028091/?bc=100498712494,ルネサンスコート東中野,東京都中野区東中野５,187000.0,11000.0,,,4,1LDK,30.85,4,4,東中野駅,3,7.67,158226.65,170377.07,623,811,1,0.09260332131023324
https://suumo.jp/chintai/jnc_000100938872/?bc=100480122077,レジデンス東中野ガーデン,東京都中野区東中野５,198000.0,9000.0,198000.0,,2,1LDK,38.63,3,5,東中野駅,7,10.00,158226.65,170377.07,623,811,1,0.11644679851977058
https://suumo.jp/chintai/jnc_000106684419/?bc=100503263515,ＪＲ中央線 東中野駅 4階建 新築,東京都中野区中野６,207000.0,10000.0,,207000.0,2,1LDK,41.85,0,4,東中野駅,11,12.00,158226.65,170377.07,623,811,1,0.08642595438283346
https://suumo.jp/chintai/jnc_000063758336/?bc=100507000957,アートクレール東中野1号館,東京都中野区東中野５,97000.0,3000.0,97000.0,97000.0,5,1LDK,35.38,52,5,東中野駅,8,10.33,158226.65,170377.07,623,811,1,0.04317136350993028
https://suumo.jp/chintai/jnc_000105178029/?bc=100491833335,都営大江戸線 東中野駅 3階建 新築,東京都中野区上高田１,175000.0,15000.0,,,3,1LDK,30.83,0,3,東中野駅,8,9.67,158226.65,170377.07,623,811,1,0.11071955101939362
https://suumo.jp/chintai/jnc_000099437322/?bc=100506951897,ＪＲ中央線 東中野駅 12階建 新築,東京都中野区東中野１,170000.0,15000.0,170000.0,,5,1LDK,29.25,0,12,東中野駅,3,9.33,158226.65,170377.07,623,811,1,0.0646070866624282
https://suumo.jp/chintai/jnc_000105172612/?bc=100491043059,都営大江戸線 東中野駅 3階建 新築,東京都中野区上高田１,174000.0,15000.0,,,3,1LDK,31.52,0,3,東中野駅,8,9.67,158226.65,170377.07,623,811,1,0.11026495328521685
https://suumo.jp/chintai/jnc_000105488834/?bc=100494804129,アイルズ東中野,東京都中野区東中野２,200000.0,10000.0,200000.0,200000.0,13,1LDK,41.74,17,13,東中野駅,3,7.67,158226.65,170377.07,623,811,1,0.011544072680255368
https://suumo.jp/chintai/jnc_000105337186/?bc=100491886429,ＪＲ中央線 東中野駅 12階建 新築,東京都中野区東中野１,175000.0,15000.0,,,7,1LDK,28.87,0,12,東中野駅,3,9.33,158226.65,170377.07,623,811,1,0.050614433880591336
https://suumo.jp/chintai/jnc_000106628573/?bc=100492539107,ＪＲ中央線 東中野駅 12階建 新築,東京都中野区東中野１,170000.0,15000.0,170000.0,,7,1LDK,28.87,0,12,東中野駅,3,9.33,158226.65,170377.07,623,811,1,0.05148302873920224
https://suumo.jp/chintai/jnc_000106684418/?bc=100503263582,ＪＲ中央線 東中野駅 4階建 新築,東京都中野区中野６,205000.0,10000.0,,205000.0,1,1LDK,41.85,0,4,東中野駅,11,12.00,158226.65,170377.07,623,811,1,0.08406945361258
https://suumo.jp/chintai/jnc_000090458635/?bc=100505106615,パークタワー東中野グランドエア,東京都中野区東中野５,230000.0,10000.0,230000.0,230000.0,10,1LDK,41.02,3,26,東中野駅,2,8.00,158226.65,170377.07,623,811,-1,-0.038175387529851945
https://suumo.jp/chintai/jnc_000105984224/?bc=100371751446,パークタワー東中野グランドエア,東京都中野区東中野５,235000.0,10000.0,235000.0,235000.0,12,1LDK,41.02,3,26,東中野駅,2,8.00,158226.65,170377.07,623,811,-1,-0.045144624852593296
https://suumo.jp/chintai/jnc_000106548843/?bc=100504558597,アレス中野,東京都中野区中野６,205000.0,10000.0,,205000.0,1,1LDK,41.85,0,4,東中野駅,11,12.00,158226.65,170377.07,623,811,1,0.08406945361258
https://suumo.jp/chintai/jnc_000106548845/?bc=100506336033,アレス中野,東京都中野区中野６,207000.0,10000.0,,207000.0,2,1LDK,41.85,0,4,東中野駅,11,12.00,158226.65,170377.07,623,811,1,0.08642595438283346
https://suumo.jp/chintai/jnc_000106548848/?bc=100503594192,アレス中野,東京都中野区中野６,207000.0,10000.0,,207000.0,3,1LDK,41.85,0,4,東中野駅,11,12.00,158226.65,170377.07,623,811,1,0.08599233164943482
https://suumo.jp/chintai/jnc_000105887960/?bc=100502379463,パークホームズ東中野,東京都中野区東中野１,205000.0,10000.0,205000.0,307500.0,1,1LDK,41.43,5,6,東中野駅,6,10.00,158226.65,170377.07,623,811,1,0.10650091305893605
https://suumo.jp/chintai/jnc_000105738566/?bc=100506628495,プライムブリス東中野駅前,東京都中野区東中野１,172000.0,12000.0,172000.0,,10,1LDK,33.05,3,12,東中野駅,1,8.67,158226.65,170377.07,623,811,1,0.01732543436352063
https://suumo.jp/chintai/jnc_000106249548/?bc=100500047098,ＪＲ中央線 東中野駅 3階建 築27年,東京都中野区東中野１,180000.0,5000.0,360000.0,,3,1LDK,60.7,27,3,東中野駅,1,9.00,158226.65,170377.07,623,811,1,0.054591149101319736
https://suumo.jp/chintai/jnc_000105185732/?bc=100491266105,ウエルカーサ東中野,東京都中野区東中野４,165000.0,8000.0,165000.0,165000.0,2,1LDK,43.44,31,3,東中野駅,3,5.67,158226.65,170377.07,623,811,1,0.08312818898067809
https://suumo.jp/chintai/jnc_000106361355/?bc=100500904706,ＪＲ中央線 東中野駅 3階建 築26年,東京都中野区東中野５,140000.0,5000.0,140000.0,140000.0,2,1LDK,32.96,26,3,東中野駅,2,4.67,158226.65,170377.07,623,811,1,0.059815092962480276
https://suumo.jp/chintai/jnc_000105747496/?bc=100495759810,ＪＲ中央線 東中野駅 14階建 築8年,東京都中野区東中野２,230000.0,10000.0,230000.0,230000.0,4,1LDK,40.45,8,14,東中野駅,1,6.67,158226.65,170377.07,623,811,1,0.03497588138935431
https://suumo.jp/chintai/jnc_000106539648/?bc=100504969434,ユニゾンタワー,東京都中野区東中野５,247000.0,12000.0,247000.0,296400.0,21,1LDK,52.75,19,33,東中野駅,1,9.00,158226.65,170377.07,623,811,-1,-0.11605586271409019
https://suumo.jp/chintai/jnc_000106592738/?bc=100506863292,ＪＲ中央線 東中野駅 地下2地上33階建 築19年,東京都中野区東中野５,204000.0,12000.0,204000.0,244800.0,9,1LDK,47.06,19,35,東中野駅,1,7.67,158226.65,170377.07,623,811,-1,-0.045090724688275574
https://suumo.jp/chintai/jnc_000107068999/?bc=100506381545,ユニゾンタワー,東京都中野区東中野５,242000.0,12000.0,242000.0,242000.0,21,1LDK,52.75,19,33,東中野駅,1,9.00,158226.65,170377.07,623,811,-1,-0.11605586271409019
https://suumo.jp/chintai/jnc_000106241064/?bc=100504942006,エヌエス　フィールド,東京都中野区東中野２,165500.0,9200.0,,331000.0,3,1LDK,38.31,2,5,東中野駅,4,7.67,158226.65,170377.07,623,811,1,0.11324375386313279
https://suumo.jp/chintai/jnc_000106241065/?bc=100504111291,ＪＲ中央線 東中野駅 地下2地上33階建 築19年,東京都中野区東中野５,267000.0,12000.0,267000.0,400500.0,23,1LDK,60.8,19,35,東中野駅,1,7.67,158226.65,170377.07,623,811,-1,-0.13325007961183788
https://suumo.jp/chintai/jnc_000106562825/?bc=100504111400,ＪＲ中央線 東中野駅 地下2地上33階建 築19年,東京都中野区東中野５,247000.0,12000.0,247000.0,296400.0,21,1LDK,52.75,19,35,東中野駅,1,7.67,158226.65,170377.07,623,811,-1,-0.12041097266677592
https://suumo.jp/chintai/jnc_000107069001/?bc=100502366072,ＪＲ中央線 東中野駅 地下2地上33階建 築19年,東京都中野区東中野５,242000.0,12000.0,242000.0,242000.0,21,1LDK,52.75,19,35,東中野駅,1,7.67,158226.65,170377.07,623,811,-1,-0.12041097266677592
https://suumo.jp/chintai/jnc_000105616497/?bc=100473970674,ＪＲ中央線 東中野駅 12階建 新築,東京都中野区東中野１,175000.0,15000.0,,,9,1LDK,28.87,0,12,東中野駅,3,9.33,158226.65,170377.07,623,811,1,0.043847191422457354
https://suumo.jp/chintai/jnc_000106034624/?bc=100498231575,ＪＲ中央線 東中野駅 地下2地上33階建 築19年,東京都中野区東中野５,204000.0,12000.0,204000.0,244800.0,18,1LDK,43.1,19,35,東中野駅,1,7.67,158226.65,170377.07,623,811,-1,-0.1021307488416936
https://suumo.jp/chintai/jnc_000106285274/?bc=100500372590,プラスドア東中野,東京都中野区東中野５,220000.0,14000.0,220000.0,,2,1LDK,41.39,0,3,東中野駅,3,4.33,158226.65,170377.07,623,811,1,0.046786228463920276
https://suumo.jp/chintai/jnc_000106285274/?bc=100500372590,プラスドア東中野,東京都中野区東中野５,220000.0,14000.0,220000.0,,3,1LDK,41.39,0,3,東中野駅,3,4.33,158226.65,170377.07,623,811,1,0.04552403182487086
https://suumo.jp/chintai/jnc_000106651049/?bc=100502422308,ユニゾンタワー,東京都中野区東中野５,223000.0,12000.0,223000.0,,19,1LDK,52.75,19,33,東中野駅,1,9.00,158226.65,170377.07,623,811,-1,-0.1071274371393316
https://suumo.jp/chintai/jnc_000049548314/?bc=100505318106,ＪＲ中央線 東中野駅 3階建 築21年,東京都新宿区北新宿３,130000.0,,130000.0,130000.0,1,1LDK,44.3,21,3,東中野駅,6,11.67,158226.65,170377.07,623,811,1,0.10590365751897118
https://suumo.jp/chintai/jnc_000107138586/?bc=100506425771,オルヴェラ,東京都中野区上高田１,149000.0,3000.0,149000.0,149000.0,1,1LDK,43.5,8,2,東中野駅,10,10.33,158226.65,170377.07,623,811,1,0.08125990332421146
https://suumo.jp/chintai/jnc_000104624544/?bc=100505250440,プラスドア東中野,東京都中野区東中野５,220000.0,14000.0,220000.0,,2,1LDK,41.39,0,3,東中野駅,3,8.67,158226.65,170377.07,623,811,1,0.08815439532696723
https://suumo.jp/chintai/jnc_000100276320/?bc=100450156231,ＪＲ中央線 東中野駅 12階建 新築,東京都中野区東中野１,180000.0,15000.0,,,9,1LDK,28.87,0,12,東中野駅,3,9.33,158226.65,170377.07,623,811,1,0.04302802839879005
https://suumo.jp/chintai/jnc_000106979083/?bc=100499619812,HF東中野レジデンス,東京都中野区東中野２,175000.0,10000.0,175000.0,,8,1LDK,40.05,20,11,東中野駅,5,8.33,158226.65,170377.07,623,811,1,0.05799378123555943
https://suumo.jp/chintai/jnc_000103695177/?bc=100480227330,ＪＲ中央線 東中野駅 5階建 築7年,東京都中野区東中野１,196000.0,12000.0,196000.0,196000.0,3,1LDK,36.12,7,5,東中野駅,2,8.00,158226.65,170377.07,623,811,1,0.08804637159926648
https://suumo.jp/chintai/jnc_000105114835/?bc=100502076611,HF東中野レジデンス,東京都中野区東中野２,182000.0,10000.0,182000.0,182000.0,8,1LDK,40.05,20,11,東中野駅,5,8.33,158226.65,170377.07,623,811,1,0.056506308586749376
https://suumo.jp/chintai/jnc_000106268346/?bc=100498966156,ＪＲ中央線 東中野駅 5階建 築7年,東京都中野区東中野１,208000.0,12000.0,208000.0,208000.0,2,1LDK,40.55,7,5,東中野駅,2,7.00,158226.65,170377.07,623,811,1,0.07951316865804431
https://suumo.jp/chintai/jnc_000106234028/?bc=100498773697,ＪＲ中央線 東中野駅 5階建 築7年,東京都中野区東中野１,189000.0,12000.0,189000.0,189000.0,1,1LDK,36.12,7,5,東中野駅,2,8.00,158226.65,170377.07,623,811,1,0.08401821287360728
https://suumo.jp/chintai/jnc_000106493248/?bc=100502112299,クラッシィタワー東中野,東京都中野区東中野４,220000.0,10000.0,220000.0,220000.0,6,1LDK,46.03,12,28,東中野駅,2,7.00,158226.65,170377.07,623,811,-1,-0.029325952063518734
https://suumo.jp/chintai/jnc_000106010630/?bc=100498474576,ユニゾンタワー,東京都中野区東中野５,204000.0,12000.0,204000.0,244800.0,18,1LDK,43.1,19,33,東中野駅,1,9.00,158226.65,170377.07,623,811,-1,-0.0991565340617987
https://suumo.jp/chintai/jnc_000104903317/?bc=100489351747,ｉＳｕｉｔｅ ＨｉｇａｓｈｉＮａｋａｎｏ,東京都中野区東中野１,229000.0,13000.0,229000.0,343500.0,10,1LDK,49.93,17,10,東中野駅,4,9.33,158226.65,170377.07,623,811,1,0.03540493264508332
https://suumo.jp/chintai/jnc_000106562821/?bc=100502494239,グランパーチェ,東京都中野区中野６,148000.0,10000.0,,148000.0,1,1LDK,40.16,1,2,東中野駅,12,13.67,158226.65,170377.07,623,811,1,0.07038310031947703
https://suumo.jp/chintai/jnc_000102998319/?bc=100503288352,ＪＲ中央線 東中野駅 12階建 新築,東京都中野区東中野１,168000.0,15000.0,,,3,1LDK,29.25,0,12,東中野駅,3,9.33,158226.65,170377.07,623,811,1,0.07663712316512616
https://suumo.jp/chintai/jnc_000103259876/?bc=100491924778,ｉＳｕｉｔｅ ＨｉｇａｓｈｉＮａｋａｎｏ,東京都中野区東中野１,225000.0,13000.0,225000.0,,1,1LDK,51.14,17,10,東中野駅,4,9.33,158226.65,170377.07,623,811,1,0.0650068937408585
https://suumo.jp/chintai/jnc_000104903318/?bc=100503435920,ｉＳｕｉｔｅ ＨｉｇａｓｈｉＮａｋａｎｏ,東京都中野区東中野１,222000.0,13000.0,222000.0,333000.0,3,1LDK,49.93,17,10,東中野駅,4,9.33,158226.65,170377.07,623,811,1,0.0743957984061619
https://suumo.jp/chintai/jnc_000107147303/?bc=100506484483,ホームタウン柏木,東京都新宿区北新宿３,185000.0,9000.0,,185000.0,2,1LDK,52.0,17,3,東中野駅,5,9.33,158226.65,170377.07,623,811,1,0.10247397118207363
https://suumo.jp/chintai/jnc_000106931719/?bc=100494699882,東中野コーポ,東京都中野区東中野１,129000.0,8000.0,,129000.0,6,1LDK,36.36,56,8,東中野駅,1,8.33,158226.65,170377.07,623,811,1,0.0318209403296113
https://suumo.jp/chintai/jnc_000106705339/?bc=100487142581,ＪＲ中央線 東中野駅 5階建 築3年,東京都中野区東中野５,189000.0,10000.0,189000.0,,2,1LDK,38.63,3,5,東中野駅,7,9.33,158226.65,170377.07,623,811,1,0.11818087539738903
https://suumo.jp/chintai/jnc_000106854226/?bc=100504879680,ソレイユ柏木,東京都新宿区北新宿３,171000.0,8000.0,,342000.0,2,1LDK,43.72,13,3,東中野駅,7,11.33,158226.65,170377.07,623,811,1,0.12444169672079691
https://suumo.jp/chintai/jnc_000105784738/?bc=100505473401,ゆうでん２１,東京都中野区中野１,120000.0,5000.0,120000.0,120000.0,3,1LDK,42.0,35,4,東中野駅,10,12.67,158226.65,170377.07,623,811,1,0.08341687723917118
https://suumo.jp/chintai/jnc_000106354797/?bc=100501805546,ブランニューウェイヴ,東京都中野区東中野５,140000.0,5000.0,140000.0,140000.0,2,1LDK,32.96,26,4,東中野駅,2,8.00,158226.65,170377.07,623,811,1,0.0889656344179488
https://suumo.jp/chintai/jnc_000104608774/?bc=100494808638,ブランニューウェイヴ,東京都中野区東中野５,140000.0,5000.0,140000.0,140000.0,3,1LDK,32.96,26,4,東中野駅,2,8.00,158226.65,170377.07,623,811,1,0.0885128393973918
https://suumo.jp/chintai/jnc_000106959650/?bc=100505327558,クレール東中野,東京都中野区東中野２,132000.0,8000.0,132000.0,132000.0,6,1LDK,39.76,29,8,東中野駅,2,6.33,158226.65,170377.07,623,811,1,0.04339531541510383
https://suumo.jp/chintai/jnc_000105818345/?bc=100497853567,ＪＲ中央線 東中野駅 10階建 新築,東京都中野区中野６,184000.0,15000.0,184000.0,,2,1LDK,35.47,0,10,東中野駅,11,12.33,158226.65,170377.07,623,811,1,0.07083189873744056
https://suumo.jp/chintai/jnc_000106794373/?bc=100504147354,ラミィ北新宿,東京都新宿区北新宿３,203000.0,15000.0,,,2,1LDK,37.24,2,4,東中野駅,9,10.67,158226.65,170377.07,623,811,1,0.10253532850334796
https://suumo.jp/chintai/jnc_000106539649/?bc=100502301138,ユニゾンタワー,東京都中野区東中野５,204000.0,12000.0,204000.0,244800.0,9,1LDK,47.06,19,33,東中野駅,1,9.00,158226.65,170377.07,623,811,-1,-0.03955016711047754
https://suumo.jp/chintai/jnc_000106720078/?bc=100503944248,ＪＲ中央線 東中野駅 5階建 築2年,東京都中野区東中野２,165500.0,9200.0,,331000.0,3,1LDK,38.31,2,5,東中野駅,4,7.67,158226.65,170377.07,623,811,1,0.11324375386313279
https://suumo.jp/chintai/jnc_000105924382/?bc=100495194939,住吉コート,東京都中野区東中野４,197000.0,,197000.0,197000.0,2,1LDK,49.12,0,2,東中野駅,3,3.33,158226.65,170377.07,623,811,1,0.0449174854302557
https://suumo.jp/chintai/jnc_000105249407/?bc=100491892204,クレストコート東中野,東京都中野区東中野１,180000.0,15000.0,,,10,1LDK,28.87,0,12,東中野駅,3,9.33,158226.65,170377.07,623,811,1,0.033946771353997485
https://suumo.jp/chintai/jnc_000103685974/?bc=100479919034,ラ・ミアカーサ東中野,東京都中野区東中野１,196000.0,12000.0,196000.0,196000.0,3,1LDK,36.12,7,5,東中野駅,2,7.33,158226.65,170377.07,623,811,1,0.08311831633129896
https://suumo.jp/chintai/jnc_000103994798/?bc=100495225829,クレストコート東中野,東京都中野区東中野１,168000.0,15000.0,,,3,1LDK,28.87,0,12,東中野駅,3,9.33,158226.65,170377.07,623,811,1,0.07633663624733422
https://suumo.jp/chintai/jnc_000102998316/?bc=100505250521,クレストコート東中野,東京都中野区東中野１,168000.0,15000.0,,,3,1LDK,29.25,0,12,東中野駅,3,9.33,158226.65,170377.07,623,811,1,0.07663712316512616
https://suumo.jp/chintai/jnc_000099392941/?bc=100506880924,クレストコート東中野,東京都中野区東中野１,170000.0,15000.0,,,5,1LDK,29.25,0,12,東中野駅,3,9.33,158226.65,170377.07,623,811,1,0.0646070866624282
https://suumo.jp/chintai/jnc_000105237381/?bc=100492202982,クレストコート東中野,東京都中野区東中野１,175000.0,15000.0,,,7,1LDK,28.87,0,12,東中野駅,3,9.33,158226.65,170377.07,623,811,1,0.050614433880591336
https://suumo.jp/chintai/jnc_000106635270/?bc=100502944010,クレストコート東中野,東京都中野区東中野１,170000.0,15000.0,,,7,1LDK,28.87,0,12,東中野駅,3,9.33,158226.65,170377.07,623,811,1,0.05148302873920224
https://suumo.jp/chintai/jnc_000106670067/?bc=100463301398,クレストコート東中野,東京都中野区東中野１,175000.0,15000.0,,,9,1LDK,28.87,0,12,東中野駅,3,9.33,158226.65,170377.07,623,811,1,0.043847191422457354
https://suumo.jp/chintai/jnc_000100284066/?bc=100500831290,クレストコート東中野,東京都中野区東中野１,180000.0,15000.0,,,9,1LDK,28.87,0,12,東中野駅,3,9.33,158226.65,170377.07,623,811,1,0.04302802839879005
https://suumo.jp/chintai/jnc_000106211939/?bc=100506543231,ラ・ミアカーサ東中野,東京都中野区東中野１,208000.0,12000.0,208000.0,208000.0,2,1LDK,40.55,7,5,東中野駅,2,7.33,158226.65,170377.07,623,811,1,0.08071235557950279
https://suumo.jp/chintai/jnc_000106211938/?bc=100499070916,ラ・ミアカーサ東中野,東京都中野区東中野１,189000.0,12000.0,189000.0,189000.0,1,1LDK,36.12,7,5,東中野駅,2,7.33,158226.65,170377.07,623,811,1,0.07904426600786557
https://suumo.jp/chintai/jnc_000107033231/?bc=100505862521,ＣＡＳＡ東中野,東京都中野区東中野２,85000.0,,,,2,1R,25.46,13,2,東中野駅,8,10.00,158226.65,82826.39,623,879,1,0.10512883862417
https://suumo.jp/chintai/jnc_000107177607/?bc=100506949133,Charmaine東中野,東京都中野区東中野１,108000.0,2000.0,108000.0,108000.0,1,1R,20.48,2,3,東中野駅,4,10.00,158226.65,82826.39,623,879,1,0.07811355324522445
https://suumo.jp/chintai/jnc_000106366290/?bc=100504562910,ＣＯＣＯＦＬＡＴ東中野,東京都新宿区北新宿４,90000.0,6000.0,90000.0,90000.0,2,1R,20.65,10,5,東中野駅,3,10.33,158226.65,82826.39,623,879,1,0.10181207306088041
https://suumo.jp/chintai/jnc_000106922690/?bc=100505251022,FLAT HIFUMI,東京都中野区東中野１,62000.0,3000.0,62000.0,62000.0,2,1R,17.67,26,3,東中野駅,5,10.33,158226.65,82826.39,623,879,1,0.10702918757869673
https://suumo.jp/chintai/jnc_000104997379/?bc=100503522390,Fハイツ,東京都中野区東中野４,56000.0,,56000.0,56000.0,1,1R,16.5,65,2,東中野駅,2,2.67,158226.65,82826.39,623,879,-1,-0.022600092224017376
https://suumo.jp/chintai/jnc_000105849167/?bc=100506275125,ＪＲ中央線 東中野駅 15階建 築16年,東京都中野区東中野１,150000.0,10000.0,150000.0,150000.0,8,1R,29.71,16,15,東中野駅,1,8.00,158226.65,82826.39,623,879,1,0.013931476168711598
https://suumo.jp/chintai/jnc_000106986726/?bc=100505270626,ＪＲ中央線 東中野駅 2階建 築17年,東京都中野区上高田１,79000.0,3000.0,79000.0,,1,1R,17.43,17,2,東中野駅,9,10.00,158226.65,82826.39,623,879,1,0.09474981796031173
https://suumo.jp/chintai/jnc_000104029322/?bc=100479824842,ＪＲ中央線 東中野駅 2階建 築2年,東京都中野区上高田１,70000.0,4000.0,,70000.0,1,1R,13.58,2,2,東中野駅,9,10.67,158226.65,82826.39,623,879,1,0.09508192819064848
https://suumo.jp/chintai/jnc_000106548861/?bc=100505266065,ＪＲ中央線 東中野駅 2階建 築35年,東京都中野区東中野１,53000.0,3000.0,,,2,1R,9.72,35,2,東中野駅,7,12.00,158226.65,82826.39,623,879,1,0.07606441763693689
https://suumo.jp/chintai/jnc_000105817522/?bc=100501677538,ＪＲ中央線 東中野駅 2階建 築36年,東京都新宿区北新宿３,85000.0,5000.0,,85000.0,1,1R,13.7,36,2,東中野駅,9,11.00,158226.65,82826.39,623,879,1,0.09079267538234631
https://suumo.jp/chintai/jnc_000106389950/?bc=100501135515,ＪＲ中央線 東中野駅 2階建 築36年,東京都中野区東中野２,70000.0,2000.0,,70000.0,1,1R,16.52,36,2,東中野駅,1,3.00,158226.65,82826.39,623,879,1,4.091204410161531e-05
https://suumo.jp/chintai/jnc_000106925235/?bc=100502028967,ＪＲ中央線 東中野駅 2階建 築5年,東京都中野区中野６,67000.0,4000.0,,67000.0,1,1R,10.54,5,2,東中野駅,9,10.33,158226.65,82826.39,623,879,1,0.08687251269202584
https://suumo.jp/chintai/jnc_000104170655/?bc=100506420305,ＪＲ中央線 東中野駅 2階建 築6年,東京都中野区東中野１,100000.0,4000.0,100000.0,,1,1R,11.61,6,2,東中野駅,4,8.33,158226.65,82826.39,623,879,1,0.08771408221769772
https://suumo.jp/chintai/jnc_000096466547/?bc=100506420421,ＪＲ中央線 東中野駅 2階建 築6年,東京都中野区東中野１,75000.0,4000.0,75000.0,,2,1R,11.61,6,2,東中野駅,4,8.33,158226.65,82826.39,623,879,1,0.09118301988640515
https://suumo.jp/chintai/jnc_000101390438/?bc=100460743926,ＪＲ中央線 東中野駅 2階建 築8年,東京都中野区中野６,65000.0,4000.0,,65000.0,1,1R,10.8,8,2,東中野駅,8,11.00,158226.65,82826.39,623,879,1,0.0950338039525892
https://suumo.jp/chintai/jnc_000107183253/?bc=100504920203,ＪＲ中央線 東中野駅 2階建 築8年,東京都中野区中野６,66000.0,4000.0,,,2,1R,10.8,8,2,東中野駅,8,11.00,158226.65,82826.39,623,879,1,0.09760554094956164
https://suumo.jp/chintai/jnc_000106761876/?bc=100503782891,ＪＲ中央線 東中野駅 3階建 築21年,東京都中野区東中野１,72000.0,3000.0,72000.0,72000.0,2,1R,20.07,21,3,東中野駅,3,7.67,158226.65,82826.39,623,879,1,0.09492285512190762
https://suumo.jp/chintai/jnc_000103663185/?bc=100507018302,ＪＲ中央線 東中野駅 3階建 築25年,東京都中野区東中野２,51000.0,3000.0,,,2,1R,11.13,25,3,東中野駅,9,14.00,158226.65,82826.39,623,879,1,0.057459693069458306
https://suumo.jp/chintai/jnc_000104317183/?bc=100484658908,ＪＲ中央線 東中野駅 3階建 築37年,東京都中野区上高田１,57000.0,2000.0,57000.0,57000.0,1,1R,14.8,37,3,東中野駅,10,11.00,158226.65,82826.39,623,879,1,0.06966006888509385
https://suumo.jp/chintai/jnc_000103625938/?bc=100493646200,ＪＲ中央線 東中野駅 4階建 築3年,東京都中野区東中野１,104000.0,15000.0,104000.0,104000.0,2,1R,20.6,3,4,東中野駅,6,11.67,158226.65,82826.39,623,879,1,0.0964303591830058
https://suumo.jp/chintai/jnc_000106381562/?bc=100503884082,ＪＲ中央線 東中野駅 5階建 築10年,東京都新宿区北新宿４,90000.0,6000.0,90000.0,90000.0,2,1R,20.65,10,5,東中野駅,3,8.67,158226.65,82826.39,623,879,1,0.10050535185838255
https://suumo.jp/chintai/jnc_000106372320/?bc=100501757530,ＪＲ中央線 東中野駅 5階建 築31年,東京都新宿区北新宿４,70800.0,7200.0,70800.0,70800.0,3,1R,16.41,31,5,東中野駅,5,9.33,158226.65,82826.39,623,879,1,0.10004140010967327
https://suumo.jp/chintai/jnc_000107137634/?bc=100505767973,ＪＲ中央線 東中野駅 5階建 築3年,東京都新宿区北新宿４,104000.0,6000.0,,104000.0,4,1R,21.72,3,5,東中野駅,5,9.33,158226.65,82826.39,623,879,1,0.10215140743119533
https://suumo.jp/chintai/jnc_000107215512/?bc=100507001442,ＪＲ中央線 東中野駅 7階建 築19年,東京都新宿区北新宿４,105000.0,5000.0,105000.0,,2,1R,20.01,19,7,東中野駅,7,10.67,158226.65,82826.39,623,879,1,0.10563095628360536
https://suumo.jp/chintai/jnc_000107108172/?bc=100506222027,ＪＲ中央線 東中野駅 7階建 築20年,東京都新宿区北新宿４,125000.0,11000.0,125000.0,125000.0,5,1R,31.85,20,7,東中野駅,9,11.00,158226.65,82826.39,623,879,1,0.06679608335798609
https://suumo.jp/chintai/jnc_000105983570/?bc=100498520386,ＪＲ中央線 東中野駅 7階建 築29年,東京都新宿区北新宿４,76000.0,7000.0,76000.0,76000.0,2,1R,17.36,29,7,東中野駅,6,13.33,158226.65,82826.39,623,879,1,0.07963996969178028
https://suumo.jp/chintai/jnc_000097922875/?bc=100505005086,ＪＲ中央線 東中野駅 地下1地上6階建 築3年,東京都新宿区北新宿３,122000.0,20000.0,,122000.0,1,1R,30.6,3,7,東中野駅,10,13.00,158226.65,82826.39,623,879,1,0.03789808682948037
https://suumo.jp/chintai/jnc_000103643825/?bc=100478746810,ＪＲ中央線 東中野駅 地下1地上6階建 築3年,東京都新宿区北新宿３,118000.0,20000.0,,118000.0,5,1R,25.79,3,7,東中野駅,10,13.00,158226.65,82826.39,623,879,1,0.03298143014110122
https://suumo.jp/chintai/jnc_000106038849/?bc=100500084377,ＪＲ中央線 東中野駅 地下1地上6階建 築3年,東京都新宿区北新宿３,129000.0,10000.0,,129000.0,6,1R,25.79,3,7,東中野駅,10,13.00,158226.65,82826.39,623,879,1,0.05131281493816214
https://suumo.jp/chintai/jnc_000106915924/?bc=100504950181,ＪＲ中央線 東中野駅 地下1地上6階建 築3年,東京都新宿区北新宿３,124500.0,20000.0,,124500.0,7,1R,25.8,3,7,東中野駅,10,13.00,158226.65,82826.39,623,879,1,0.01574202605311459
https://suumo.jp/chintai/jnc_000107004405/?bc=100505554466,ＪＲ中央線 東中野駅 地下1地上9階建 築51年,東京都中野区東中野４,63000.0,5000.0,63000.0,63000.0,7,1R,17.64,51,10,東中野駅,1,3.33,158226.65,82826.39,623,879,-1,-0.030615596077620877
https://suumo.jp/chintai/jnc_000107108938/?bc=100506221975,ＪＲ中央線 東中野駅 地下2地上33階建 築19年,東京都中野区東中野５,170000.0,10000.0,170000.0,170000.0,23,1R,32.71,19,35,東中野駅,1,7.67,158226.65,82826.39,623,879,-1,-0.1061839467053809
https://suumo.jp/chintai/jnc_000106597305/?bc=100504481634,ＪＲ山手線 新大久保駅 7階建 築15年,東京都新宿区北新宿４,156000.0,10000.0,156000.0,,7,1R,33.64,15,7,東中野駅,8,11.33,158226.65,82826.39,623,879,1,0.059412381827016136
https://suumo.jp/chintai/jnc_000080583660/?bc=100503162943,ＪＲ総武線 東中野駅 2階建 築21年,東京都中野区東中野３,114000.0,3000.0,114000.0,114000.0,2,1R,31.88,21,2,東中野駅,4,8.00,158226.65,82826.39,623,879,1,0.08308477130913905
https://suumo.jp/chintai/jnc_000106822385/?bc=100504458855,ＪＲ総武線 東中野駅 2階建 築9年,東京都中野区東中野１,60000.0,4000.0,,,1,1R,10.62,9,2,東中野駅,5,8.00,158226.65,82826.39,623,879,1,0.08953942370579365
https://suumo.jp/chintai/jnc_000105784753/?bc=100496257256,ＪＲ総武線 東中野駅 3階建 築18年,東京都中野区東中野１,77000.0,3500.0,77000.0,77000.0,3,1R,15.62,18,3,東中野駅,2,8.67,158226.65,82826.39,623,879,1,0.08347017647652477
https://suumo.jp/chintai/jnc_000107194868/?bc=100506722545,ＪＲ総武線 東中野駅 3階建 築21年,東京都中野区東中野４,116000.0,5000.0,116000.0,116000.0,1,1R,25.54,21,3,東中野駅,3,6.00,158226.65,82826.39,623,879,1,0.0859035773594366
https://suumo.jp/chintai/jnc_000107082751/?bc=100506615019,ＪＲ総武線 東中野駅 3階建 築21年,東京都中野区東中野４,98000.0,5000.0,98000.0,98000.0,2,1R,21.27,21,3,東中野駅,3,6.00,158226.65,82826.39,623,879,1,0.09306998622946405
https://suumo.jp/chintai/jnc_000107170318/?bc=100506624609,ＪＲ総武線 東中野駅 3階建 築2年,東京都中野区東中野１,108000.0,2000.0,108000.0,108000.0,1,1R,22.73,2,3,東中野駅,4,6.67,158226.65,82826.39,623,879,1,0.05591880791945775
https://suumo.jp/chintai/jnc_000105424421/?bc=100496260432,ＪＲ総武線 東中野駅 3階建 築2年,東京都中野区東中野１,107000.0,2000.0,107000.0,107000.0,2,1R,20.23,2,3,東中野駅,4,6.67,158226.65,82826.39,623,879,1,0.06089708967863372
https://suumo.jp/chintai/jnc_000061752842/?bc=100497230371,ＪＲ総武線 東中野駅 4階建 築46年,東京都新宿区北新宿４,85000.0,2000.0,85000.0,85000.0,2,1R,21.0,46,4,東中野駅,6,9.67,158226.65,82826.39,623,879,1,0.07674825735176682
https://suumo.jp/chintai/jnc_000105165051/?bc=100491280806,ＪＲ総武線 東中野駅 5階建 築12年,東京都新宿区北新宿４,115000.0,5000.0,,230000.0,3,1R,31.51,12,5,東中野駅,5,8.00,158226.65,82826.39,623,879,1,0.10131823072959445
https://suumo.jp/chintai/jnc_000107004401/?bc=100505368005,ＪＲ総武線 東中野駅 6階建 築57年,東京都中野区東中野１,85000.0,5000.0,85000.0,85000.0,4,1R,22.0,57,6,東中野駅,4,10.00,158226.65,82826.39,623,879,1,0.056052566977621565
https://suumo.jp/chintai/jnc_000104170654/?bc=100506420356,MANNA　A棟,東京都中野区東中野１,100000.0,4000.0,100000.0,,1,1R,11.61,6,2,東中野駅,5,8.67,158226.65,82826.39,623,879,1,0.09667863305360613
https://suumo.jp/chintai/jnc_000096466546/?bc=100506420466,MANNA　A棟,東京都中野区東中野１,75000.0,4000.0,75000.0,,2,1R,11.61,6,2,東中野駅,5,8.67,158226.65,82826.39,623,879,1,0.0985323548417294
https://suumo.jp/chintai/jnc_000063808133/?bc=100503251477,MOET(モエ),東京都中野区東中野３,110000.0,5000.0,110000.0,,4,1R,29.0,17,4,東中野駅,3,5.00,158226.65,82826.39,623,879,1,0.06930525948474031
https://suumo.jp/chintai/jnc_000107052850/?bc=100505981120,POMONA,東京都新宿区北新宿４,125000.0,1540.0,125000.0,125000.0,5,1R,31.85,20,7,東中野駅,7,14.00,158226.65,82826.39,623,879,1,0.03549017742662425
https://suumo.jp/chintai/jnc_000106267899/?bc=100506273097,ＲＡＤＩＡ　ＫＩＴＡ－ＳＨＩＮＪＵＫＵ,東京都新宿区北新宿３,110000.0,5540.0,110000.0,110000.0,2,1R,28.37,18,4,東中野駅,10,14.00,158226.65,82826.39,623,879,1,0.07932924453413664
https://suumo.jp/chintai/jnc_000097845011/?bc=100504976448,ＲＥＬＵＸＩＡ ＣＩＴＹ 北新宿,東京都新宿区北新宿３,122000.0,20000.0,,122000.0,1,1R,30.6,3,7,東中野駅,6,10.67,158226.65,82826.39,623,879,1,0.06154285208069904
https://suumo.jp/chintai/jnc_000105947257/?bc=100498781803,ＲＥＬＵＸＩＡ ＣＩＴＹ 北新宿,東京都新宿区北新宿３,128000.0,20000.0,,128000.0,1,1R,30.6,3,7,東中野駅,6,10.67,158226.65,82826.39,623,879,1,0.06092123589086751
https://suumo.jp/chintai/jnc_000106145819/?bc=100499255275,ＲＥＬＵＸＩＡ ＣＩＴＹ 北新宿,東京都新宿区北新宿３,192000.0,11000.0,,192000.0,5,1R,25.8,3,7,東中野駅,6,10.67,158226.65,82826.39,623,879,1,0.06912053816093094
https://suumo.jp/chintai/jnc_000106027449/?bc=100498417850,ＲＥＬＵＸＩＡ ＣＩＴＹ 北新宿,東京都新宿区北新宿３,129000.0,10000.0,,129000.0,6,1R,25.79,3,7,東中野駅,6,10.67,158226.65,82826.39,623,879,1,0.07043543159763271
https://suumo.jp/chintai/jnc_000106634598/?bc=100505250520,ＲＥＬＵＸＩＡ ＣＩＴＹ 北新宿,東京都新宿区北新宿３,124500.0,20000.0,,124500.0,6,1R,25.8,3,7,東中野駅,6,10.67,158226.65,82826.39,623,879,1,0.04157037126088414
https://suumo.jp/chintai/jnc_000107053559/?bc=100506413713,アーバンプレイス落合IV,東京都中野区中野６,57000.0,3000.0,,,2,1R,11.0,17,2,東中野駅,8,10.67,158226.65,82826.39,623,879,1,0.09193465240595339
https://suumo.jp/chintai/jnc_000106663084/?bc=100503204735,アヴァン中野,東京都中野区中野１,69000.0,4000.0,,69000.0,1,1R,12.48,10,2,東中野駅,10,12.67,158226.65,82826.39,623,879,1,0.08692291141147107
https://suumo.jp/chintai/jnc_000106943943/?bc=100505591440,アリビオ中野,東京都中野区中野１,89000.0,4000.0,,,1,1R,19.04,4,4,東中野駅,9,11.67,158226.65,82826.39,623,879,1,0.10251756773475412
https://suumo.jp/chintai/jnc_000080562775/?bc=100502438240,ヴィレッタＹ,東京都中野区東中野３,114000.0,3000.0,114000.0,114000.0,2,1R,31.88,21,2,東中野駅,10,13.33,158226.65,82826.39,623,879,1,0.06162784195438875
https://suumo.jp/chintai/jnc_000106818070/?bc=100504175589,ウインナーズコーポ,東京都中野区東中野４,53000.0,2000.0,53000.0,53000.0,2,1R,18.15,34,2,東中野駅,4,7.33,158226.65,82826.39,623,879,1,0.07344410926551975
https://suumo.jp/chintai/jnc_000105799084/?bc=100496788070,エスポワール北新宿第３,東京都新宿区北新宿３,85000.0,5000.0,,85000.0,1,1R,13.7,36,2,東中野駅,9,12.33,158226.65,82826.39,623,879,1,0.08629646606683805
https://suumo.jp/chintai/jnc_000106331164/?bc=100500693620,カーサ・フォレストーネ東中野,東京都中野区東中野１,100000.0,5000.0,100000.0,100000.0,2,1R,33.64,37,6,東中野駅,2,8.00,158226.65,82826.39,623,879,1,0.06799505677235995
https://suumo.jp/chintai/jnc_000105114834/?bc=100490681531,グラン・フェリーチェ,東京都中野区東中野１,220000.0,,880000.0,330000.0,1,1R,31.78,0,2,東中野駅,2,7.67,158226.65,82826.39,623,879,1,0.04758816925722087
https://suumo.jp/chintai/jnc_000107117083/?bc=100506254184,グレースハイム,東京都中野区上高田１,69000.0,,69000.0,,2,1R,17.5,32,3,東中野駅,10,11.00,158226.65,82826.39,623,879,1,0.09627770122930146
https://suumo.jp/chintai/jnc_000105160321/?bc=100493559579,グレイス北新宿,東京都新宿区北新宿４,115000.0,5000.0,,230000.0,3,1R,31.51,12,5,東中野駅,5,8.00,158226.65,82826.39,623,879,1,0.10131823072959445
https://suumo.jp/chintai/jnc_000103680808/?bc=100477302461,クロノス東中野West,東京都中野区東中野２,51000.0,3000.0,,,2,1R,11.13,42,2,東中野駅,14,15.33,158226.65,82826.39,623,879,1,0.0061007111446447215
https://suumo.jp/chintai/jnc_000107209746/?bc=100507046160,コンフォリア東中野,東京都新宿区北新宿４,101000.0,5000.0,101000.0,,1,1R,20.01,19,7,東中野駅,7,10.67,158226.65,82826.39,623,879,1,0.10120973017123813
https://suumo.jp/chintai/jnc_000107215511/?bc=100506993091,コンフォリア東中野,東京都新宿区北新宿４,105000.0,5000.0,105000.0,,1,1R,20.01,19,7,東中野駅,7,10.67,158226.65,82826.39,623,879,1,0.1020131235716688
https://suumo.jp/chintai/jnc_000049065743/?bc=100506994804,コンフォリア東中野,東京都新宿区北新宿４,105000.0,5000.0,105000.0,,2,1R,20.01,19,7,東中野駅,7,10.67,158226.65,82826.39,623,879,1,0.10563095628360536
https://suumo.jp/chintai/jnc_000107209748/?bc=100507062271,コンフォリア東中野,東京都新宿区北新宿４,110000.0,5000.0,110000.0,,5,1R,20.01,19,7,東中野駅,7,10.67,158226.65,82826.39,623,879,1,0.0859449680841266
https://suumo.jp/chintai/jnc_000107137631/?bc=100506413024,サンライズビル（住居）,東京都新宿区北新宿４,58000.0,8000.0,,,4,1R,15.57,34,8,東中野駅,9,10.67,158226.65,82826.39,623,879,1,0.06279119440098174
https://suumo.jp/chintai/jnc_000105678589/?bc=100454136552,サンライズビル（住居）,東京都新宿区北新宿４,62000.0,8000.0,,,7,1R,13.6,34,8,東中野駅,9,10.67,158226.65,82826.39,623,879,1,0.02700291340734534
https://suumo.jp/chintai/jnc_000107177608/?bc=100506697484,シティフラット２５,東京都中野区東中野３,70000.0,3000.0,70000.0,,3,1R,17.33,36,3,東中野駅,3,7.33,158226.65,82826.39,623,879,1,0.08803199002130818
https://suumo.jp/chintai/jnc_000103187755/?bc=100506949688,ジュネス東中野,東京都中野区東中野２,51000.0,3000.0,,,2,1R,11.13,42,2,東中野駅,9,12.67,158226.65,82826.39,623,879,1,0.05558163462309973
https://suumo.jp/chintai/jnc_000107116254/?bc=100506270710,スカイコート新宿第10,東京都新宿区北新宿４,70000.0,10000.0,,70000.0,7,1R,19.09,29,7,東中野駅,5,7.33,158226.65,82826.39,623,879,1,0.033860688385465576
https://suumo.jp/chintai/jnc_000107128838/?bc=100506822105,スカイコート新宿第７,東京都新宿区北新宿４,68000.0,8000.0,68000.0,68000.0,4,1R,16.41,31,5,東中野駅,7,9.67,158226.65,82826.39,623,879,1,0.09602987170036176
https://suumo.jp/chintai/jnc_000107059355/?bc=100506185009,ストーク北新宿,東京都新宿区北新宿４,75000.0,,75000.0,75000.0,3,1R,26.24,38,10,東中野駅,12,13.33,158226.65,82826.39,623,879,1,0.03795141767770044
https://suumo.jp/chintai/jnc_000106719657/?bc=100503864083,セントヒルズ北新宿,東京都新宿区北新宿４,68000.0,5000.0,68000.0,68000.0,2,1R,15.04,41,4,東中野駅,10,10.67,158226.65,82826.39,623,879,1,0.09198399197916585
https://suumo.jp/chintai/jnc_000107137633/?bc=100498934386,タスキｓｍａｒｔ東中野II,東京都新宿区北新宿４,104000.0,6000.0,,104000.0,4,1R,21.72,3,5,東中野駅,5,9.33,158226.65,82826.39,623,879,1,0.10215140743119533
https://suumo.jp/chintai/jnc_000106112909/?bc=100503984029,タスキｓｍａｒｔ東中野II,東京都新宿区北新宿４,106000.0,6000.0,,212000.0,4,1R,21.72,3,5,東中野駅,5,9.33,158226.65,82826.39,623,879,1,0.10271226642629522
https://suumo.jp/chintai/jnc_000103680781/?bc=100507042355,ときわハイツ,東京都中野区上高田１,73000.0,2000.0,73000.0,,1,1R,18.0,44,2,東中野駅,10,10.00,158226.65,82826.39,623,879,1,0.060900991045146013
https://suumo.jp/chintai/jnc_000107138601/?bc=100506425147,ドミシルAya弐番館,東京都中野区東中野１,62000.0,2000.0,62000.0,62000.0,2,1R,16.0,21,2,東中野駅,9,12.00,158226.65,82826.39,623,879,1,0.08385553614422192
https://suumo.jp/chintai/jnc_000106146977/?bc=100499226466,ニュー最上,東京都中野区東中野４,72000.0,,72000.0,72000.0,1,1R,20.0,42,3,東中野駅,3,4.67,158226.65,82826.39,623,879,1,0.0643121275609137
https://suumo.jp/chintai/jnc_000105833482/?bc=100497577793,パークハビオ東中野,東京都中野区東中野１,150000.0,10000.0,150000.0,150000.0,8,1R,29.71,16,16,東中野駅,1,7.33,158226.65,82826.39,623,879,1,0.009456168166806833
https://suumo.jp/chintai/jnc_000106950532/?bc=100504921298,ハーモニーテラス中野II,東京都中野区中野６,65000.0,4000.0,,65000.0,1,1R,12.87,8,2,東中野駅,8,11.00,158226.65,82826.39,623,879,1,0.09742276993702659
https://suumo.jp/chintai/jnc_000103680802/?bc=100494125247,ハーモニーテラス中野II,東京都中野区中野６,76000.0,4000.0,,76000.0,2,1R,10.8,8,2,東中野駅,8,11.00,158226.65,82826.39,623,879,1,0.0996166491077683
https://suumo.jp/chintai/jnc_000106925234/?bc=100504997044,ハーモニーテラス東中野,東京都中野区中野６,67000.0,4000.0,,67000.0,1,1R,10.54,5,2,東中野駅,9,10.33,158226.65,82826.39,623,879,1,0.08687251269202584
https://suumo.jp/chintai/jnc_000106440007/?bc=100504348771,ハウスポート東中野ビル,東京都中野区東中野４,88000.0,3000.0,,,4,1R,32.0,64,4,東中野駅,2,8.67,158226.65,82826.39,623,879,1,0.019081583044904926
https://suumo.jp/chintai/jnc_000106745383/?bc=100503653190,ハレレア小林,東京都中野区東中野１,72000.0,3000.0,72000.0,72000.0,2,1R,20.07,21,3,東中野駅,3,8.67,158226.65,82826.39,623,879,1,0.10037220903951022
https://suumo.jp/chintai/jnc_000105615913/?bc=100494702955,フェリスホワイト,東京都新宿区北新宿３,63000.0,3000.0,63000.0,,2,1R,9.68,13,2,東中野駅,6,11.67,158226.65,82826.39,623,879,1,0.09086286006775895
https://suumo.jp/chintai/jnc_000105873797/?bc=100504348770,フェリスロッサ,東京都中野区東中野１,73000.0,3000.0,,,2,1R,11.17,4,2,東中野駅,8,11.00,158226.65,82826.39,623,879,1,0.08592594129928649
https://suumo.jp/chintai/jnc_000106445412/?bc=100501848200,ミリアレジデンス北新宿,東京都新宿区北新宿４,156000.0,10000.0,156000.0,,7,1R,33.64,15,7,東中野駅,7,9.67,158226.65,82826.39,623,879,1,0.059281399642482135
https://suumo.jp/chintai/jnc_000107045030/?bc=100505950700,メゾン・ド・エクセレ,東京都新宿区北新宿４,54000.0,5000.0,,,3,1R,14.47,43,4,東中野駅,5,7.00,158226.65,82826.39,623,879,1,0.0776376555046468
https://suumo.jp/chintai/jnc_000106979082/?bc=100505474427,メゾン上ノ原,東京都中野区東中野２,62000.0,3000.0,62000.0,62000.0,2,1R,15.63,39,2,東中野駅,5,10.33,158226.65,82826.39,623,879,1,0.0969465209368095
https://suumo.jp/chintai/jnc_000106795128/?bc=100504038851,メゾン東中野,東京都中野区東中野２,73000.0,2000.0,73000.0,,2,1R,19.14,38,3,東中野駅,11,13.33,158226.65,82826.39,623,879,1,0.06039377202026763
https://suumo.jp/chintai/jnc_000103144311/?bc=100205996422,メゾン東中野,東京都中野区東中野２,73000.0,2000.0,73000.0,,2,1R,19.74,38,3,東中野駅,11,13.33,158226.65,82826.39,623,879,1,0.058203467563322175
https://suumo.jp/chintai/jnc_000105943094/?bc=100497414127,ライブコア東中野,東京都中野区東中野１,43000.0,2000.0,,43000.0,1,1R,8.0,36,2,東中野駅,6,10.33,158226.65,82826.39,623,879,1,0.0463613356850891
https://suumo.jp/chintai/jnc_000106802104/?bc=100504858598,ルームズ東中野,東京都中野区東中野１,60000.0,4000.0,,,1,1R,10.62,9,2,東中野駅,5,10.33,158226.65,82826.39,623,879,1,0.10033691441420733
https://suumo.jp/chintai/jnc_000104474384/?bc=100506948983,ルミエール中野一丁目,東京都中野区中野１,80000.0,3000.0,80000.0,80000.0,1,1R,15.33,2,3,東中野駅,9,13.00,158226.65,82826.39,623,879,1,0.08409983554497524
https://suumo.jp/chintai/jnc_000104474385/?bc=100506995332,ルミエール中野一丁目,東京都中野区中野１,82000.0,3000.0,82000.0,82000.0,3,1R,15.33,2,3,東中野駅,9,13.00,158226.65,82826.39,623,879,1,0.07824758709936303
https://suumo.jp/chintai/jnc_000045914414/?bc=100504952491,レークヒル　スワ(レークヒルスワ),東京都中野区東中野２,70000.0,2000.0,,70000.0,1,1R,16.52,36,2,東中野駅,1,7.67,158226.65,82826.39,623,879,1,0.05180081144119014
https://suumo.jp/chintai/jnc_000107082750/?bc=100506414263,レジデンス東中野,東京都中野区東中野４,116000.0,5000.0,116000.0,116000.0,1,1R,25.54,21,3,東中野駅,3,7.33,158226.65,82826.39,623,879,1,0.09540793325943336
https://suumo.jp/chintai/jnc_000107053566/?bc=100506411415,レジデンス東中野,東京都中野区東中野４,98000.0,5000.0,98000.0,98000.0,2,1R,21.27,21,3,東中野駅,3,7.33,158226.65,82826.39,623,879,1,0.10241765647198531
https://suumo.jp/chintai/jnc_000106913467/?bc=100504930471,三田東中野コーポ,東京都中野区東中野１,85000.0,5000.0,85000.0,85000.0,4,1R,22.0,57,6,東中野駅,3,8.67,158226.65,82826.39,623,879,1,0.050732239943516166
https://suumo.jp/chintai/jnc_000106959651/?bc=100505627266,東中野アパートメンツ,東京都中野区東中野４,63000.0,5000.0,63000.0,63000.0,7,1R,17.64,51,10,東中野駅,1,8.00,158226.65,82826.39,623,879,1,0.0018280962351289176
https://suumo.jp/chintai/jnc_000105818351/?bc=100497257204,東中野エイトワンマンション,東京都中野区東中野３,111000.0,8000.0,111000.0,111000.0,4,1R,27.25,29,12,東中野駅,1,2.67,158226.65,82826.39,623,879,-1,-0.004193498058732481
https://suumo.jp/chintai/jnc_000104801711/?bc=100482340690,都営大江戸線 東中野駅 2階建 築13年,東京都中野区上高田１,51000.0,4000.0,,,1,1R,12.0,13,2,東中野駅,9,9.33,158226.65,82826.39,623,879,1,0.08751918894370392
https://suumo.jp/chintai/jnc_000107053560/?bc=100506232696,都営大江戸線 東中野駅 2階建 築17年,東京都中野区中野６,57000.0,3000.0,,,2,1R,12.0,17,2,東中野駅,8,10.67,158226.65,82826.39,623,879,1,0.09418653494133888
https://suumo.jp/chintai/jnc_000106309285/?bc=100475439630,都営大江戸線 東中野駅 2階建 築42年,東京都中野区東中野２,50000.0,3000.0,,,1,1R,11.13,42,2,東中野駅,6,9.67,158226.65,82826.39,623,879,1,0.0573236529463757
https://suumo.jp/chintai/jnc_000103680810/?bc=100475439539,都営大江戸線 東中野駅 2階建 築42年,東京都中野区東中野２,51000.0,3000.0,,,2,1R,11.13,42,2,東中野駅,6,9.67,158226.65,82826.39,623,879,1,0.066506045602853
https://suumo.jp/chintai/jnc_000106515698/?bc=100502143579,都営大江戸線 東中野駅 6階建 築6年,東京都中野区上高田１,105000.0,11000.0,105000.0,,1,1R,27.0,6,6,東中野駅,10,11.67,158226.65,82826.39,623,879,1,0.0868847389849216
https://suumo.jp/chintai/jnc_000104950607/?bc=100504299505,ＪＲ総武線 東中野駅 5階建 築3年,東京都新宿区北新宿３,210000.0,10000.0,,210000.0,1,1SK,40.83,3,5,東中野駅,5,9.67,158226.65,138076.92,623,13,1,0.060904247973188996
https://suumo.jp/chintai/jnc_000106958981/?bc=100505318229,ＪＲ総武線 東中野駅 5階建 築3年,東京都新宿区北新宿３,200000.0,10000.0,,200000.0,1,1SK,40.83,3,5,東中野駅,5,9.67,158226.65,138076.92,623,13,1,0.06284006046679491
https://suumo.jp/chintai/jnc_000106971767/?bc=100505250472,アークマーク東中野,東京都新宿区北新宿３,200000.0,10000.0,,200000.0,1,1SK,40.83,3,5,東中野駅,5,12.00,158226.65,138076.92,623,13,1,0.06421663900630953
https://suumo.jp/chintai/jnc_000104614246/?bc=100502331529,アークマーク東中野,東京都新宿区北新宿３,210000.0,10000.0,,210000.0,1,1SK,40.83,3,5,東中野駅,5,12.00,158226.65,138076.92,623,13,1,0.06343118080332477
https://suumo.jp/chintai/jnc_000102262076/?bc=100505005089,ＪＲ総武線 東中野駅 2階建 築37年,東京都中野区東中野３,128000.0,2000.0,128000.0,128000.0,1,2DK,36.7,37,2,東中野駅,4,7.67,158226.65,135945.31,623,128,1,0.02943101533329695
https://suumo.jp/chintai/jnc_000105364800/?bc=100496961838,ＪＲ総武線 東中野駅 3階建 新築,東京都中野区東中野５,258000.0,14000.0,258000.0,,2,2DK,51.66,0,3,東中野駅,3,5.33,158226.65,135945.31,623,128,-1,-0.016677185930703775
https://suumo.jp/chintai/jnc_000105364800/?bc=100496961838,ＪＲ総武線 東中野駅 3階建 新築,東京都中野区東中野５,258000.0,14000.0,258000.0,,3,2DK,51.66,0,3,東中野駅,3,5.33,158226.65,135945.31,623,128,-1,-0.01810844011204571
https://suumo.jp/chintai/jnc_000105756241/?bc=100500038241,ＪＲ総武線 東中野駅 4階建 築25年,東京都中野区東中野１,160000.0,3000.0,160000.0,160000.0,1,2DK,40.0,25,4,東中野駅,3,7.33,158226.65,135945.31,623,128,1,0.025527939473572125
https://suumo.jp/chintai/jnc_000106802105/?bc=100496561493,ユニゾンタワー,東京都中野区東中野５,223000.0,12000.0,223000.0,,11,2DK,52.76,19,33,東中野駅,1,9.00,158226.65,135945.31,623,128,-1,-0.08649910820217233
https://suumo.jp/chintai/jnc_000102109242/?bc=100505138326,ホワイトハイムタナカ,東京都中野区東中野３,128000.0,2000.0,128000.0,128000.0,1,2DK,36.7,37,2,東中野駅,4,8.00,158226.65,135945.31,623,128,1,0.03228811693794165
https://suumo.jp/chintai/jnc_000104624542/?bc=100488220777,プラスドア東中野,東京都中野区東中野５,258000.0,14000.0,258000.0,,2,2DK,51.66,0,3,東中野駅,3,8.67,158226.65,135945.31,623,128,1,0.008291275524677011
https://suumo.jp/chintai/jnc_000105300748/?bc=100499633681,ワンルーフレジデンス中野,東京都中野区中野６,224000.0,15000.0,224000.0,,6,2DK,41.77,0,10,東中野駅,11,12.67,158226.65,135945.31,623,128,1,0.0031182698543469334
https://suumo.jp/chintai/jnc_000105756240/?bc=100496524401,スカイパレス東中野A棟,東京都中野区東中野１,160000.0,3000.0,160000.0,160000.0,1,2DK,39.72,26,3,東中野駅,3,9.00,158226.65,135945.31,623,128,1,0.03213079990848294
https://suumo.jp/chintai/jnc_000107129334/?bc=100497005078,ＪＲ中央線 東中野駅 5階建 築3年,東京都中野区東中野５,144500.0,15000.0,,,4,2K,25.9,3,5,東中野駅,7,9.00,158226.65,136763.16,623,114,1,0.037030880630811336
https://suumo.jp/chintai/jnc_000106034625/?bc=100498217971,ＪＲ中央線 東中野駅 5階建 築3年,東京都中野区東中野５,149500.0,15000.0,149500.0,149500.0,3,2K,25.9,3,5,東中野駅,7,9.00,158226.65,136763.16,623,114,1,0.04168036510552198
https://suumo.jp/chintai/jnc_000106628582/?bc=100504466596,ＪＲ中央線 東中野駅 5階建 築3年,東京都中野区東中野５,149000.0,15000.0,149000.0,149000.0,2,2K,25.5,3,5,東中野駅,7,9.00,158226.65,136763.16,623,114,1,0.04278560287146155
https://suumo.jp/chintai/jnc_000107148050/?bc=100502934315,ＪＲ中央線 東中野駅 5階建 築3年,東京都中野区東中野５,143000.0,15000.0,,71500.0,2,2K,25.5,3,5,東中野駅,7,9.00,158226.65,136763.16,623,114,1,0.04342461415947063
https://suumo.jp/chintai/jnc_000107087697/?bc=100506321984,ＪＲ中央線 東中野駅 5階建 築32年,東京都新宿区北新宿４,182000.0,10000.0,182000.0,182000.0,5,2K,42.87,32,5,東中野駅,9,10.00,158226.65,136763.16,623,114,1,0.02496191618891558
https://suumo.jp/chintai/jnc_000107059353/?bc=100506277565,プライムアーバン新宿落合,東京都新宿区北新宿４,182000.0,10000.0,182000.0,182000.0,5,2K,42.87,32,5,東中野駅,9,12.00,158226.65,136763.16,623,114,1,0.03151276803316411
https://suumo.jp/chintai/jnc_000105369722/?bc=100493633303,プライムアーバン新宿落合,東京都新宿区北新宿４,177000.0,10000.0,177000.0,177000.0,2,2K,41.21,32,5,東中野駅,9,12.00,158226.65,136763.16,623,114,1,0.03599994209446583
https://suumo.jp/chintai/jnc_000106918947/?bc=100497452856,ザ・プレミアムキューブG東中野,東京都中野区東中野５,145000.0,15000.0,,72500.0,4,2K,25.9,3,5,東中野駅,7,9.67,158226.65,136763.16,623,114,1,0.041752471185720175
https://suumo.jp/chintai/jnc_000106087897/?bc=100498712476,ザ・プレミアムキューブG東中野,東京都中野区東中野５,149500.0,15000.0,149500.0,149500.0,3,2K,25.9,3,5,東中野駅,7,9.67,158226.65,136763.16,623,114,1,0.04731820052344454
https://suumo.jp/chintai/jnc_000106659223/?bc=100503104223,ザ・プレミアムキューブG東中野,東京都中野区東中野５,149000.0,15000.0,,149000.0,2,2K,25.5,3,5,東中野駅,7,9.67,158226.65,136763.16,623,114,1,0.04841042768917342
https://suumo.jp/chintai/jnc_000106972123/?bc=100500803684,イーハトーブ,東京都中野区中野１,71000.0,3000.0,71000.0,71000.0,1,2K,24.0,56,2,東中野駅,9,12.33,158226.65,136763.16,623,114,-1,-0.02334135421566441
https://suumo.jp/chintai/jnc_000106870820/?bc=100494869481,THE PREMIUM CUBE G 東中野,東京都中野区東中野５,145000.0,15000.0,,72500.0,4,2K,25.9,3,5,東中野駅,7,9.67,158226.65,136763.16,623,114,1,0.041752471185720175
https://suumo.jp/chintai/jnc_000107117105/?bc=100494560114,THE PREMIUM CUBE G 東中野,東京都中野区東中野５,144500.0,15000.0,,,4,2K,25.9,3,5,東中野駅,7,9.67,158226.65,136763.16,623,114,1,0.041752471185720175
https://suumo.jp/chintai/jnc_000106028090/?bc=100505250481,THE PREMIUM CUBE G 東中野,東京都中野区東中野５,149500.0,15000.0,149500.0,149500.0,3,2K,25.9,3,5,東中野駅,7,9.67,158226.65,136763.16,623,114,1,0.04731820052344454
https://suumo.jp/chintai/jnc_000106556143/?bc=100502420382,THE PREMIUM CUBE G 東中野,東京都中野区東中野５,149000.0,15000.0,149000.0,149000.0,2,2K,25.5,3,5,東中野駅,7,9.67,158226.65,136763.16,623,114,1,0.04841042768917342
https://suumo.jp/chintai/jnc_000107117104/?bc=100480866275,THE PREMIUM CUBE G 東中野,東京都中野区東中野５,143000.0,15000.0,,71500.0,2,2K,25.5,3,5,東中野駅,7,9.67,158226.65,136763.16,623,114,1,0.04872275291151423
https://suumo.jp/chintai/jnc_000106900825/?bc=100505250557,THE PREMIUM CUBE G 東中野,東京都中野区東中野５,139500.0,16000.0,,,2,2K,25.5,3,5,東中野駅,7,9.67,158226.65,136763.16,623,114,1,0.04624225754857236
https://suumo.jp/chintai/jnc_000105060442/?bc=100497193668,ＪＲ総武線 東中野駅 5階建 築57年,東京都新宿区北新宿３,130000.0,,130000.0,130000.0,5,2K,29.66,57,5,東中野駅,3,10.00,158226.65,136763.16,623,114,1,0.007363211033857842
https://suumo.jp/chintai/jnc_000105496246/?bc=100493719005,ＪＲ総武線 東中野駅 3階建 築38年,東京都新宿区北新宿４,120000.0,5000.0,120000.0,120000.0,3,2K,40.41,38,3,東中野駅,8,8.33,158226.65,136763.16,623,114,1,0.014854377445611577
https://suumo.jp/chintai/jnc_000106807936/?bc=100506692682,ＪＲ中央線 東中野駅 地下2地上33階建 築19年,東京都中野区東中野５,254000.0,15000.0,254000.0,254000.0,27,2LDK,64.7,19,35,東中野駅,1,7.67,158226.65,243512.76,623,392,-1,-0.12113967893767352
https://suumo.jp/chintai/jnc_000106472880/?bc=100502993457,ＪＲ中央線 東中野駅 地下2地上33階建 築19年,東京都中野区東中野５,273000.0,15000.0,273000.0,409500.0,27,2LDK,64.7,19,35,東中野駅,1,7.67,158226.65,243512.76,623,392,-1,-0.12471322798550377
https://suumo.jp/chintai/jnc_000104668785/?bc=100505246465,ＪＲ中央線 中野駅 12階建 築25年,東京都中野区中野６,174000.0,5000.0,174000.0,174000.0,4,2LDK,51.02,25,12,東中野駅,11,12.00,158226.65,243512.76,623,392,1,0.03080474355654833
https://suumo.jp/chintai/jnc_000105722074/?bc=100495804693,ＪＲ中央線 中野駅 12階建 築25年,東京都中野区中野６,205000.0,5000.0,205000.0,205000.0,12,2LDK,52.62,25,12,東中野駅,11,12.00,158226.65,243512.76,623,392,-1,-0.011758717178556699
https://suumo.jp/chintai/jnc_000106234029/?bc=100491376190,ＭＡＮＳＩＯＮ　ＫＡＺＡＮ,東京都中野区東中野１,276000.0,6000.0,276000.0,276000.0,1,2LDK,67.19,0,3,東中野駅,3,9.67,158226.65,243512.76,623,392,1,0.0433047813044542
https://suumo.jp/chintai/jnc_000105792501/?bc=100496345478,L’s　residence東中野,東京都中野区東中野２,311000.0,12000.0,311000.0,311000.0,3,2LDK,63.2,2,3,東中野駅,7,10.33,158226.65,243512.76,623,392,1,0.06922381630220242
https://suumo.jp/chintai/jnc_000106670068/?bc=100505507597,ＪＲ総武線 東中野駅 9階建 築9年,東京都中野区東中野２,218000.0,10000.0,218000.0,218000.0,2,2LDK,41.7,9,9,東中野駅,5,9.33,158226.65,243512.76,623,392,1,0.0841596905327342
https://suumo.jp/chintai/jnc_000106433027/?bc=100501270555,ＪＲ総武線 東中野駅 8階建 築54年,東京都中野区中央１,190000.0,10000.0,380000.0,190000.0,8,2LDK,58.3,54,8,東中野駅,7,9.67,158226.65,243512.76,623,392,1,0.03300808313718606
https://suumo.jp/chintai/jnc_000106402125/?bc=100501215076,ＪＲ総武線 東中野駅 8階建 築30年,東京都中野区東中野１,228000.0,10000.0,228000.0,228000.0,3,2LDK,61.96,30,8,東中野駅,7,11.00,158226.65,243512.76,623,392,1,0.08055864114334083
https://suumo.jp/chintai/jnc_000106066976/?bc=100498698427,ＪＲ総武線 東中野駅 5階建 築4年,東京都新宿区北新宿４,260000.0,,260000.0,260000.0,4,2LDK,60.19,4,5,東中野駅,9,11.33,158226.65,243512.76,623,392,1,0.06968312126403481
https://suumo.jp/chintai/jnc_000105679521/?bc=100470498077,CREST COURT（クレストコート）東中野,東京都中野区東中野１,250000.0,20000.0,250000.0,,7,2LDK,43.66,2,12,東中野駅,3,9.67,158226.65,243512.76,623,392,1,0.03292415518232522
https://suumo.jp/chintai/jnc_000106597703/?bc=100483791546,CREST COURT（クレストコート）東中野,東京都中野区東中野１,250000.0,20000.0,250000.0,,7,2LDK,43.65,2,12,東中野駅,3,9.67,158226.65,243512.76,623,392,1,0.03292415518232522
https://suumo.jp/chintai/jnc_000106882322/?bc=100504571672,ＪＲ総武線 東中野駅 4階建 築23年,東京都中野区中央１,173000.0,4000.0,173000.0,173000.0,2,2LDK,57.47,23,4,東中野駅,7,10.00,158226.65,243512.76,623,392,1,0.09354468590665765
https://suumo.jp/chintai/jnc_000096494350/?bc=100492465155,ＪＲ総武線 東中野駅 3階建 築2年,東京都中野区東中野２,202000.0,20000.0,202000.0,202000.0,1,2LDK,51.64,2,3,東中野駅,8,10.00,158226.65,243512.76,623,392,1,0.06095710465026044
https://suumo.jp/chintai/jnc_000096494350/?bc=100492465155,ＪＲ総武線 東中野駅 3階建 築2年,東京都中野区東中野２,202000.0,20000.0,202000.0,202000.0,2,2LDK,51.64,2,3,東中野駅,8,10.00,158226.65,243512.76,623,392,1,0.07109743314507988
https://suumo.jp/chintai/jnc_000096494350/?bc=100492465155,ＪＲ総武線 東中野駅 3階建 築2年,東京都中野区東中野２,202000.0,20000.0,202000.0,202000.0,3,2LDK,51.64,2,3,東中野駅,8,10.00,158226.65,243512.76,623,392,1,0.07186460371632664
https://suumo.jp/chintai/jnc_000107108937/?bc=100492296028,ＪＲ総武線 東中野駅 3階建 築2年,東京都中野区東中野２,195000.0,20000.0,195000.0,195000.0,1,2LDK,51.61,2,3,東中野駅,8,10.00,158226.65,243512.76,623,392,1,0.061900749619040685
https://suumo.jp/chintai/jnc_000107108937/?bc=100492296028,ＪＲ総武線 東中野駅 3階建 築2年,東京都中野区東中野２,195000.0,20000.0,195000.0,195000.0,2,2LDK,51.61,2,3,東中野駅,8,10.00,158226.65,243512.76,623,392,1,0.07202026046758375
https://suumo.jp/chintai/jnc_000107108937/?bc=100492296028,ＪＲ総武線 東中野駅 3階建 築2年,東京都中野区東中野２,195000.0,20000.0,195000.0,195000.0,3,2LDK,51.61,2,3,東中野駅,8,10.00,158226.65,243512.76,623,392,1,0.07278585607155064
https://suumo.jp/chintai/jnc_000106802106/?bc=100502083642,ユニゾンタワー,東京都中野区東中野５,254000.0,15000.0,254000.0,254000.0,27,2LDK,64.7,19,33,東中野駅,1,9.00,158226.65,243512.76,623,392,-1,-0.11703865110835654
https://suumo.jp/chintai/jnc_000106467404/?bc=100502187915,ユニゾンタワー,東京都中野区東中野５,273000.0,15000.0,273000.0,409500.0,27,2LDK,64.7,19,33,東中野駅,1,9.00,158226.65,243512.76,623,392,-1,-0.12189216355694843
https://suumo.jp/chintai/jnc_000106628581/?bc=100502922496,ＪＲ総武線 東中野駅 27階建 築12年,東京都中野区東中野４,310000.0,10000.0,620000.0,310000.0,19,2LDK,60.17,12,27,東中野駅,1,5.00,158226.65,243512.76,623,392,-1,-0.11709206901061975
https://suumo.jp/chintai/jnc_000013454117/?bc=100490286488,ＪＲ総武線 東中野駅 27階建 築12年,東京都中野区東中野４,330000.0,30000.0,660000.0,330000.0,16,2LDK,60.17,12,27,東中野駅,1,5.00,158226.65,243512.76,623,392,-1,-0.1449963251600288
https://suumo.jp/chintai/jnc_000107013397/?bc=100495983172,ＪＲ総武線 東中野駅 25階建 築3年,東京都中野区東中野５,350000.0,20000.0,350000.0,350000.0,12,2LDK,72.43,3,25,東中野駅,1,7.33,158226.65,243512.76,623,392,-1,-0.10631483288277677
https://suumo.jp/chintai/jnc_000106635271/?bc=100502938727,ＪＲ総武線 東中野駅 15階建 築17年,東京都中野区東中野１,230000.0,,230000.0,230000.0,4,2LDK,51.24,17,15,東中野駅,1,4.00,158226.65,243512.76,623,392,-1,-0.010622445346124998
https://suumo.jp/chintai/jnc_000107216270/?bc=100506990064,東京メトロ東西線 落合駅 14階建 築3年,東京都中野区東中野５,285000.0,,285000.0,570000.0,6,2LDK,60.32,3,14,東中野駅,4,7.33,158226.65,243512.76,623,392,1,0.015995258030555237
https://suumo.jp/chintai/jnc_000104525910/?bc=100499135350,ＪＲ中央線 東中野駅 5階建 築7年,東京都中野区東中野１,272000.0,12000.0,272000.0,272000.0,5,2LDK,53.38,7,5,東中野駅,2,8.00,158226.65,243512.76,623,392,1,0.03921494999673325
https://suumo.jp/chintai/jnc_000106577052/?bc=100506407363,ライオンズ東中野,東京都中野区東中野１,230000.0,,230000.0,230000.0,4,2LDK,51.24,17,15,東中野駅,2,8.67,158226.65,243512.76,623,392,1,0.044997320934640817
https://suumo.jp/chintai/jnc_000106689482/?bc=100503499075,東中野戸建,東京都中野区東中野３,250000.0,,500000.0,250000.0,1,2LDK,57.14,30,2,東中野駅,5,11.00,158226.65,243512.76,623,392,1,0.07383373526222592
https://suumo.jp/chintai/jnc_000106795129/?bc=100504007824,東中野戸建,東京都中野区東中野３,250000.0,,500000.0,250000.0,1,2LDK,57.14,30,2,東中野駅,5,11.00,158226.65,243512.76,623,392,1,0.07383373526222592
https://suumo.jp/chintai/jnc_000106795129/?bc=100504007824,東中野戸建,東京都中野区東中野３,250000.0,,500000.0,250000.0,2,2LDK,57.14,30,2,東中野駅,5,11.00,158226.65,243512.76,623,392,1,0.08102516986209934
https://suumo.jp/chintai/jnc_000106641013/?bc=100503041717,都営大江戸線 東中野駅 2階建 新築,東京都中野区中野６,185000.0,10000.0,,185000.0,2,2LDK,48.97,0,2,東中野駅,13,14.67,158226.65,243512.76,623,392,1,0.03810388243827367
https://suumo.jp/chintai/jnc_000106843350/?bc=100504190398,北新宿レーベル,東京都新宿区北新宿３,321000.0,15000.0,321000.0,321000.0,3,2LDK,58.69,5,4,東中野駅,7,11.33,158226.65,243512.76,623,392,1,0.0707452325153074
https://suumo.jp/chintai/jnc_000107032737/?bc=100501278832,北新宿レーベル,東京都新宿区北新宿３,250000.0,15000.0,250000.0,,3,2LDK,42.96,5,4,東中野駅,7,11.33,158226.65,243512.76,623,392,1,0.09065047670714566
https://suumo.jp/chintai/jnc_000106843351/?bc=100504853202,北新宿レーベル,東京都新宿区北新宿３,251000.0,15000.0,251000.0,251000.0,3,2LDK,42.96,5,4,東中野駅,7,11.33,158226.65,243512.76,623,392,1,0.09065047670714566
https://suumo.jp/chintai/jnc_000106843349/?bc=100501278831,北新宿レーベル,東京都新宿区北新宿３,310000.0,20000.0,310000.0,,3,2LDK,58.69,5,4,東中野駅,7,11.33,158226.65,243512.76,623,392,1,0.063614801532003
https://suumo.jp/chintai/jnc_000106843349/?bc=100501278831,北新宿レーベル,東京都新宿区北新宿３,310000.0,20000.0,310000.0,,4,2LDK,58.69,5,4,東中野駅,7,11.33,158226.65,243512.76,623,392,1,0.05745170636796354
https://suumo.jp/chintai/jnc_000106843348/?bc=100504255501,北新宿レーベル,東京都新宿区北新宿３,241000.0,15000.0,241000.0,241000.0,1,2LDK,40.72,5,4,東中野駅,7,11.33,158226.65,243512.76,623,392,1,0.08368832482385508
https://suumo.jp/chintai/jnc_000106843347/?bc=100501278790,北新宿レーベル,東京都新宿区北新宿３,215000.0,20000.0,215000.0,,1,2LDK,40.72,5,4,東中野駅,7,11.33,158226.65,243512.76,623,392,1,0.07225121781492283
https://suumo.jp/chintai/jnc_000106684427/?bc=100503280695,中野桃園シティハウス,東京都中野区中野６,200000.0,10000.0,200000.0,200000.0,4,2LDK,55.62,32,12,東中野駅,8,9.00,158226.65,243512.76,623,392,1,0.055735877179136084
https://suumo.jp/chintai/jnc_000106628576/?bc=100505859360,都営大江戸線 東中野駅 2階建 築30年,東京都中野区東中野３,250000.0,,500000.0,250000.0,1,2LDK,57.14,30,2,東中野駅,6,8.67,158226.65,243512.76,623,392,1,0.06743179482604983
https://suumo.jp/chintai/jnc_000106628576/?bc=100505859360,都営大江戸線 東中野駅 2階建 築30年,東京都中野区東中野３,250000.0,,500000.0,250000.0,2,2LDK,57.14,30,2,東中野駅,6,8.67,158226.65,243512.76,623,392,1,0.07468152265678546
https://suumo.jp/chintai/jnc_000106843353/?bc=100504645303,都営大江戸線 東中野駅 4階建 築4年,東京都新宿区北新宿３,241000.0,15000.0,241000.0,241000.0,1,2LDK,40.72,4,4,東中野駅,6,11.00,158226.65,243512.76,623,392,1,0.07723095662083052
https://suumo.jp/chintai/jnc_000106843358/?bc=100504334620,都営大江戸線 東中野駅 4階建 築4年,東京都新宿区北新宿３,251000.0,15000.0,251000.0,251000.0,3,2LDK,42.96,4,4,東中野駅,6,11.00,158226.65,243512.76,623,392,1,0.08393943209564902
https://suumo.jp/chintai/jnc_000105300750/?bc=100493044895,ワンルーフレジデンス中野,東京都中野区中野６,284000.0,15000.0,284000.0,,9,2LDK,53.16,0,10,東中野駅,11,12.67,158226.65,243512.76,623,392,1,0.00952006606327871
https://suumo.jp/chintai/jnc_000104717901/?bc=100497853565,ＪＲ中央線 東中野駅 12階建 新築,東京都中野区東中野１,250000.0,20000.0,250000.0,,7,2LDK,43.65,0,12,東中野駅,3,9.33,158226.65,243512.76,623,392,1,0.03365180377061766
https://suumo.jp/chintai/jnc_000106361353/?bc=100501355179,パークハビオ東中野,東京都中野区東中野１,310000.0,10000.0,310000.0,310000.0,13,2LDK,56.77,16,16,東中野駅,1,7.33,158226.65,243512.76,623,392,-1,-0.02208901201783009
https://suumo.jp/chintai/jnc_000104438129/?bc=100505868180,パークハビオ東中野,東京都中野区東中野１,300000.0,10000.0,300000.0,300000.0,13,2LDK,56.18,16,16,東中野駅,1,7.33,158226.65,243512.76,623,392,-1,-0.02208901201783009
https://suumo.jp/chintai/jnc_000104717900/?bc=100472863621,ＪＲ中央線 東中野駅 12階建 新築,東京都中野区東中野１,245000.0,20000.0,245000.0,,4,2LDK,43.65,0,12,東中野駅,3,9.33,158226.65,243512.76,623,392,1,0.04279110902214284
https://suumo.jp/chintai/jnc_000102586906/?bc=100500255994,ＪＲ中央線 東中野駅 12階建 新築,東京都中野区東中野１,245000.0,20000.0,245000.0,,3,2LDK,43.65,0,12,東中野駅,3,9.33,158226.65,243512.76,623,392,1,0.04740741347549643
https://suumo.jp/chintai/jnc_000105291926/?bc=100493177237,ワンルーフレジデンス中野,東京都中野区中野６,282000.0,15000.0,282000.0,,9,2LDK,53.11,0,10,東中野駅,11,12.67,158226.65,243512.76,623,392,1,0.00952006606327871
https://suumo.jp/chintai/jnc_000106028088/?bc=100499005073,パークタワー東中野グランドエア,東京都中野区東中野５,360000.0,10000.0,360000.0,360000.0,23,2LDK,61.53,3,26,東中野駅,2,8.00,158226.65,243512.76,623,392,-1,-0.11386142322094117
https://suumo.jp/chintai/jnc_000106354796/?bc=100506950756,パークタワー東中野グランドエア,東京都中野区東中野５,350000.0,20000.0,350000.0,350000.0,12,2LDK,72.43,3,26,東中野駅,2,8.00,158226.65,243512.76,623,392,-1,-0.09643853356232845
https://suumo.jp/chintai/jnc_000102998320/?bc=100474523682,ＪＲ中央線 東中野駅 12階建 新築,東京都中野区東中野１,250000.0,20000.0,250000.0,,7,2LDK,43.66,0,12,東中野駅,3,9.33,158226.65,243512.76,623,392,1,0.03365180377061766
https://suumo.jp/chintai/jnc_000106354795/?bc=100467840233,ＪＲ中央線 東中野駅 12階建 新築,東京都中野区東中野１,255000.0,20000.0,255000.0,,9,2LDK,43.65,0,12,東中野駅,3,9.33,158226.65,243512.76,623,392,1,0.027906480159334834
https://suumo.jp/chintai/jnc_000105291923/?bc=100493107841,ワンルーフレジデンス中野,東京都中野区中野６,281000.0,15000.0,281000.0,,8,2LDK,53.11,0,10,東中野駅,11,12.67,158226.65,243512.76,623,392,1,0.011809099650487043
https://suumo.jp/chintai/jnc_000105622531/?bc=100494739502,ＪＲ中央線 東中野駅 12階建 新築,東京都中野区東中野１,260000.0,20000.0,260000.0,,11,2LDK,43.66,0,12,東中野駅,3,9.33,158226.65,243512.76,623,392,1,0.01309758148397222
https://suumo.jp/chintai/jnc_000105258413/?bc=100490929207,ワンルーフレジデンス中野,東京都中野区中野６,280000.0,15000.0,280000.0,,7,2LDK,53.11,0,10,東中野駅,11,12.67,158226.65,243512.76,623,392,1,0.01732868010321964
https://suumo.jp/chintai/jnc_000105722081/?bc=100468066704,トゥールビヨン,東京都中野区東中野２,350000.0,20000.0,1050000.0,,8,2LDK,70.18,23,8,東中野駅,4,9.00,158226.65,243512.76,623,392,-1,-0.010465153263433447
https://suumo.jp/chintai/jnc_000100298317/?bc=100450156237,ＪＲ中央線 東中野駅 12階建 新築,東京都中野区東中野１,265000.0,20000.0,265000.0,,9,2LDK,43.65,0,12,東中野駅,3,9.33,158226.65,243512.76,623,392,1,0.02213138338428916
https://suumo.jp/chintai/jnc_000105291920/?bc=100499633710,ワンルーフレジデンス中野,東京都中野区中野６,279000.0,15000.0,279000.0,,6,2LDK,53.11,0,10,東中野駅,11,12.67,158226.65,243512.76,623,392,1,0.02071069294783645
https://suumo.jp/chintai/jnc_000105398254/?bc=100502655479,ＪＲ中央線 東中野駅 10階建 新築,東京都中野区中野６,284000.0,15000.0,284000.0,,9,2LDK,53.16,0,10,東中野駅,11,12.33,158226.65,243512.76,623,392,1,0.01176689059853464
https://suumo.jp/chintai/jnc_000105398253/?bc=100493030071,ＪＲ中央線 東中野駅 10階建 新築,東京都中野区中野６,282000.0,15000.0,282000.0,,9,2LDK,53.11,0,10,東中野駅,11,12.33,158226.65,243512.76,623,392,1,0.01176689059853464
https://suumo.jp/chintai/jnc_000104449859/?bc=100504060692,ＪＲ中央線 東中野駅 15階建 築16年,東京都中野区東中野１,300000.0,10000.0,300000.0,300000.0,13,2LDK,56.18,16,15,東中野駅,1,8.00,158226.65,243512.76,623,392,-1,-0.013704396324200507
https://suumo.jp/chintai/jnc_000107210297/?bc=100506962320,セントラルレジデンス東中野,東京都中野区東中野５,285000.0,,285000.0,570000.0,6,2LDK,60.32,3,14,東中野駅,4,5.33,158226.65,243512.76,623,392,-1,-0.008689958650775154
https://suumo.jp/chintai/jnc_000106366596/?bc=100501004846,ＪＲ中央線 東中野駅 15階建 築16年,東京都中野区東中野１,310000.0,10000.0,310000.0,310000.0,13,2LDK,56.77,16,15,東中野駅,1,8.00,158226.65,243512.76,623,392,-1,-0.013704396324200507
https://suumo.jp/chintai/jnc_000105398250/?bc=100493030073,ＪＲ中央線 東中野駅 10階建 新築,東京都中野区中野６,281000.0,15000.0,281000.0,,8,2LDK,53.11,0,10,東中野駅,11,12.33,158226.65,243512.76,623,392,1,0.014045861246056446
https://suumo.jp/chintai/jnc_000104735888/?bc=100488053705,ＪＲ中央線 東中野駅 10階建 新築,東京都中野区中野６,305000.0,15000.0,305000.0,,7,2LDK,53.11,0,10,東中野駅,11,12.33,158226.65,243512.76,623,392,1,0.01382816417354027
https://suumo.jp/chintai/jnc_000107016033/?bc=100505829853,シティハウス東中野駅前,東京都中野区東中野１,300000.0,,600000.0,300000.0,7,2LDK,57.0,15,13,東中野駅,1,3.67,158226.65,243512.76,623,392,-1,-0.03814508382362647
https://suumo.jp/chintai/jnc_000106624459/?bc=100503229028,ＪＲ中央線 東中野駅 2階建 築1年,東京都中野区上高田１,184500.0,4600.0,,184500.0,1,2LDK,50.47,1,2,東中野駅,13,13.67,158226.65,243512.76,623,392,1,0.04123338959283618
https://suumo.jp/chintai/jnc_000105398249/?bc=100504894251,ＪＲ中央線 東中野駅 10階建 新築,東京都中野区中野６,280000.0,15000.0,280000.0,,7,2LDK,53.11,0,10,東中野駅,11,12.33,158226.65,243512.76,623,392,1,0.019541176783891778
https://suumo.jp/chintai/jnc_000106889253/?bc=100504440818,コンフォリア・リヴ東中野,東京都中野区上高田１,298000.0,15000.0,,,-1,2LDK,53.28,0,4,東中野駅,9,10.33,158226.65,243512.76,623,392,1,0.05953322752611784
https://suumo.jp/chintai/jnc_000103690573/?bc=100482843966,コンフォリア・リヴ東中野,東京都中野区上高田１,298000.0,15000.0,,,1,2LDK,53.28,0,4,東中野駅,9,10.33,158226.65,243512.76,623,392,1,0.06667072809684649
https://suumo.jp/chintai/jnc_000096501935/?bc=100505250420,ヒガナカテラス,東京都中野区東中野２,202000.0,20000.0,202000.0,202000.0,3,2LDK,51.61,2,3,東中野駅,8,11.33,158226.65,243512.76,623,392,1,0.06978894936068836
https://suumo.jp/chintai/jnc_000100284065/?bc=100492399772,クレストコート東中野,東京都中野区東中野１,265000.0,20000.0,265000.0,,9,2LDK,43.65,0,12,東中野駅,3,9.33,158226.65,243512.76,623,392,1,0.02213138338428916
https://suumo.jp/chintai/jnc_000106347340/?bc=100505250597,クレストコート東中野,東京都中野区東中野１,255000.0,20000.0,255000.0,,9,2LDK,43.65,0,12,東中野駅,3,9.33,158226.65,243512.76,623,392,1,0.027906480159334834
https://suumo.jp/chintai/jnc_000102998318/?bc=100480866947,クレストコート東中野,東京都中野区東中野１,250000.0,20000.0,250000.0,,7,2LDK,43.66,0,12,東中野駅,3,9.33,158226.65,243512.76,623,392,1,0.03365180377061766
https://suumo.jp/chintai/jnc_000104725451/?bc=100482771862,クレストコート東中野,東京都中野区東中野１,250000.0,20000.0,250000.0,,7,2LDK,43.65,0,12,東中野駅,3,9.33,158226.65,243512.76,623,392,1,0.03365180377061766
https://suumo.jp/chintai/jnc_000104725450/?bc=100505250492,クレストコート東中野,東京都中野区東中野１,245000.0,20000.0,245000.0,,4,2LDK,43.65,0,12,東中野駅,3,9.33,158226.65,243512.76,623,392,1,0.04279110902214284
https://suumo.jp/chintai/jnc_000102538464/?bc=100475424030,クレストコート東中野,東京都中野区東中野１,245000.0,20000.0,245000.0,,3,2LDK,43.65,0,12,東中野駅,3,9.33,158226.65,243512.76,623,392,1,0.04740741347549643
https://suumo.jp/chintai/jnc_000106336025/?bc=100505250590,クレストコート東中野,東京都中野区東中野１,260000.0,20000.0,260000.0,,11,2LDK,43.66,0,12,東中野駅,3,9.33,158226.65,243512.76,623,392,1,0.01309758148397222
https://suumo.jp/chintai/jnc_000106485273/?bc=100503817844,グリーンレジデンス,東京都中野区東中野２,350000.0,,350000.0,350000.0,1,2LDK,103.58,17,3,東中野駅,4,9.00,158226.65,243512.76,623,392,-1,-0.007831531729481367
https://suumo.jp/chintai/jnc_000106789045/?bc=100505159467,グリーンレジデンス,東京都中野区東中野２,320000.0,,320000.0,320000.0,1,2LDK,103.58,17,3,東中野駅,4,9.00,158226.65,243512.76,623,392,1,0.00027591248456904083
https://suumo.jp/chintai/jnc_000106789045/?bc=100505159467,グリーンレジデンス,東京都中野区東中野２,320000.0,,320000.0,320000.0,2,2LDK,103.58,17,3,東中野駅,4,9.00,158226.65,243512.76,623,392,1,0.004193027275440686
https://suumo.jp/chintai/jnc_000106789045/?bc=100505159467,グリーンレジデンス,東京都中野区東中野２,320000.0,,320000.0,320000.0,3,2LDK,103.58,17,3,東中野駅,4,9.00,158226.65,243512.76,623,392,1,0.0035663102548045833
https://suumo.jp/chintai/jnc_000106608160/?bc=100502919609,クラッシィタワー東中野,東京都中野区東中野４,310000.0,10000.0,620000.0,310000.0,19,2LDK,60.17,12,28,東中野駅,2,7.00,158226.65,243512.76,623,392,-1,-0.09706514700882818
https://suumo.jp/chintai/jnc_000015039158/?bc=100488225162,クラッシィタワー東中野,東京都中野区東中野４,330000.0,30000.0,660000.0,330000.0,16,2LDK,60.17,12,28,東中野駅,2,7.00,158226.65,243512.76,623,392,-1,-0.12637434081273058
https://suumo.jp/chintai/jnc_000106807934/?bc=100504071228,ＪＲ中央線 東中野駅 3階建 築17年,東京都中野区東中野２,320000.0,,320000.0,320000.0,1,2LDK,103.58,17,3,東中野駅,4,10.33,158226.65,243512.76,623,392,1,0.002258623303832863
https://suumo.jp/chintai/jnc_000106807934/?bc=100504071228,ＪＲ中央線 東中野駅 3階建 築17年,東京都中野区東中野２,320000.0,,320000.0,320000.0,2,2LDK,103.58,17,3,東中野駅,4,10.33,158226.65,243512.76,623,392,1,0.006160812066562382
https://suumo.jp/chintai/jnc_000106807934/?bc=100504071228,ＪＲ中央線 東中野駅 3階建 築17年,東京都中野区東中野２,320000.0,,320000.0,320000.0,3,2LDK,103.58,17,3,東中野駅,4,10.33,158226.65,243512.76,623,392,1,0.005536483129091274
https://suumo.jp/chintai/jnc_000106066975/?bc=100498543002,エトワール　フルール,東京都新宿区北新宿４,260000.0,,260000.0,260000.0,4,2LDK,60.19,4,5,東中野駅,9,11.33,158226.65,243512.76,623,392,1,0.06968312126403481
https://suumo.jp/chintai/jnc_000106740248/?bc=100503583209,ＪＲ中央線 東中野駅 3階建 築17年,東京都中野区東中野２,350000.0,,350000.0,350000.0,1,2LDK,103.58,17,3,東中野駅,4,10.33,158226.65,243512.76,623,392,-1,-0.005817927779185772
https://suumo.jp/chintai/jnc_000106285273/?bc=100500372574,プラスドア東中野,東京都中野区東中野５,258000.0,14000.0,258000.0,,2,2LDK,51.66,0,3,東中野駅,3,8.67,158226.65,243512.76,623,392,1,0.06822322039470424
https://suumo.jp/chintai/jnc_000106285273/?bc=100500372574,プラスドア東中野,東京都中野区東中野５,258000.0,14000.0,258000.0,,3,2LDK,51.66,0,3,東中野駅,3,8.67,158226.65,243512.76,623,392,1,0.06788039714806249
https://suumo.jp/chintai/jnc_000106211911/?bc=100486792478,アンソレイユもみじ山,東京都中野区上高田１,190500.0,4600.0,,190500.0,1,2LDK,50.47,0,2,東中野駅,13,13.67,158226.65,243512.76,623,392,1,0.0432517652015027
https://suumo.jp/chintai/jnc_000106843355/?bc=100504645315,都営大江戸線 東中野駅 4階建 築4年,東京都新宿区北新宿３,321000.0,15000.0,321000.0,321000.0,3,2SLDK,58.69,4,4,東中野駅,6,11.00,158226.65,276060.00,623,25,1,0.036471865375416246
https://suumo.jp/chintai/jnc_000106843355/?bc=100504645315,都営大江戸線 東中野駅 4階建 築4年,東京都新宿区北新宿３,321000.0,15000.0,321000.0,321000.0,4,2SLDK,58.69,4,4,東中野駅,6,11.00,158226.65,276060.00,623,25,1,0.036002970661533795
https://suumo.jp/chintai/jnc_000106168515/?bc=100499725596,アンソレイユもみじ山,東京都中野区上高田１,215500.0,4400.0,,,2,2SLDK,62.1,0,2,東中野駅,13,13.67,158226.65,276060.00,623,25,1,0.0056342321757382186
https://suumo.jp/chintai/jnc_000105337187/?bc=100492629503,東中野２丁目貸家,東京都中野区東中野２,200000.0,,200000.0,200000.0,1,2SLDK,63.87,48,2,東中野駅,4,9.00,158226.65,276060.00,623,25,1,0.019678271143964254
https://suumo.jp/chintai/jnc_000105337187/?bc=100492629503,東中野２丁目貸家,東京都中野区東中野２,200000.0,,200000.0,200000.0,2,2SLDK,63.87,48,2,東中野駅,4,9.00,158226.65,276060.00,623,25,1,0.023829502318757634
https://suumo.jp/chintai/jnc_000105300764/?bc=100502631002,ＪＲ総武線 東中野駅 地上5階建 築48年,東京都中野区東中野２,200000.0,,200000.0,200000.0,2,2SLDK,63.87,48,5,東中野駅,4,9.00,158226.65,276060.00,623,25,1,0.026820735610140534
https://suumo.jp/chintai/jnc_000107117100/?bc=100503840788,太田ビル,東京都中野区東中野１,190000.0,,190000.0,190000.0,2,3DK,50.69,54,5,東中野駅,4,10.67,158226.65,180500.00,623,16,1,0.04010700168946252
https://suumo.jp/chintai/jnc_000105637662/?bc=100494835876,石田ビル,東京都中野区東中野３,170000.0,2000.0,170000.0,170000.0,3,3K,52.42,37,3,東中野駅,4,10.67,158226.65,138250.00,623,4,1,0.03439364723300481
https://suumo.jp/chintai/jnc_000102645905/?bc=100503665355,クレストコート東中野,東京都中野区東中野１,425000.0,25000.0,425000.0,,12,3LDK,62.55,0,12,東中野駅,3,9.33,158226.65,281205.13,623,156,-1,-0.07937670267616737
https://suumo.jp/chintai/jnc_000103994797/?bc=100438661332,クレストコート東中野,東京都中野区東中野１,425000.0,25000.0,425000.0,,12,3LDK,60.14,0,12,東中野駅,3,9.33,158226.65,281205.13,623,156,-1,-0.0801891364259808
https://suumo.jp/chintai/jnc_000106539641/?bc=100502192019,パークホームズ東中野,東京都中野区東中野１,335000.0,10000.0,335000.0,670000.0,2,3LDK,67.65,5,6,東中野駅,6,10.00,158226.65,281205.13,623,156,1,0.009357478391515128
https://suumo.jp/chintai/jnc_000104464949/?bc=100479244956,ＪＲ中央線 東中野駅 2階建 築1年,東京都中野区上高田１,221500.0,4400.0,,443000.0,2,3LDK,62.1,1,2,東中野駅,13,13.67,158226.65,281205.13,623,156,-1,-0.0005526614131591279
https://suumo.jp/chintai/jnc_000106234031/?bc=100491376192,ＭＡＮＳＩＯＮ　ＫＡＺＡＮ,東京都中野区東中野１,338000.0,6000.0,338000.0,338000.0,3,3LDK,78.42,0,3,東中野駅,3,9.67,158226.65,281205.13,623,156,-1,-0.007489481853868218
https://suumo.jp/chintai/jnc_000106234030/?bc=100491376191,ＭＡＮＳＩＯＮ　ＫＡＺＡＮ,東京都中野区東中野１,336000.0,6000.0,336000.0,336000.0,2,3LDK,78.42,0,3,東中野駅,3,9.67,158226.65,281205.13,623,156,-1,-0.0027655766269332194
https://suumo.jp/chintai/jnc_000104482960/?bc=100493255002,パークタワー東中野グランドエア,東京都中野区東中野５,410000.0,10000.0,410000.0,410000.0,24,3LDK,74.41,3,26,東中野駅,2,8.00,158226.65,281205.13,623,156,-1,-0.15515824599571126
https://suumo.jp/chintai/jnc_000106322009/?bc=100502943924,ファミール高根,東京都中野区東中野２,238000.0,5000.0,238000.0,238000.0,1,3LDK,97.27,31,2,東中野駅,6,11.33,158226.65,281205.13,623,156,-1,-0.0060243964396875516
https://suumo.jp/chintai/jnc_000104499540/?bc=100493907684,ＪＲ総武線 東中野駅 25階建 築3年,東京都中野区東中野５,410000.0,10000.0,410000.0,410000.0,24,3LDK,74.41,3,25,東中野駅,1,7.33,158226.65,281205.13,623,156,-1,-0.16777745091657814
https://suumo.jp/chintai/jnc_000106081799/?bc=100498661583,上高田ハイム,東京都中野区上高田１,200000.0,,200000.0,200000.0,1,3LDK,106.92,49,2,東中野駅,9,9.00,158226.65,281205.13,623,156,-1,-0.0297079026364635
https://suumo.jp/chintai/jnc_000106931713/?bc=100504604582,シティテラス中野,東京都中野区中野６,350000.0,30000.0,350000.0,350000.0,5,3LDK,75.23,4,6,東中野駅,9,11.33,158226.65,281205.13,623,156,-1,-0.052583578415107635
https://suumo.jp/chintai/jnc_000107082735/?bc=100506102372,ＪＲ中央線 東中野駅 2階建 築1年,東京都中野区上高田１,183500.0,4400.0,,183500.0,2,3LDK,62.1,1,2,東中野駅,13,13.67,158226.65,281205.13,623,156,1,0.0014688202597243905
https://suumo.jp/chintai/jnc_000105049069/?bc=100490196461,ＪＲ中央線 東中野駅 5階建 築57年,東京都中野区東中野１,375000.0,5000.0,375000.0,375000.0,5,3LDK,101.4,57,5,東中野駅,1,9.67,158226.65,281205.13,623,156,-1,-0.08260315159262932
https://suumo.jp/chintai/jnc_000105329160/?bc=100492470069,ブランズ東中野プレシアス,東京都中野区東中野５,330000.0,,660000.0,330000.0,3,3LDK,70.85,14,6,東中野駅,3,5.33,158226.65,281205.13,623,156,-1,-0.03376145666971542
https://suumo.jp/chintai/jnc_000106409436/?bc=100503175963,仮称）中野６丁目メゾン,東京都中野区中野６,396000.0,2000.0,396000.0,792000.0,1,3LDK,92.66,0,3,東中野駅,10,12.00,158226.65,281205.13,623,156,-1,-0.04946109921954678
https://suumo.jp/chintai/jnc_000106409436/?bc=100503175963,仮称）中野６丁目メゾン,東京都中野区中野６,396000.0,2000.0,396000.0,792000.0,2,3LDK,92.66,0,3,東中野駅,10,12.00,158226.65,281205.13,623,156,-1,-0.043262124750801156
https://suumo.jp/chintai/jnc_000106409436/?bc=100503175963,仮称）中野６丁目メゾン,東京都中野区中野６,396000.0,2000.0,396000.0,792000.0,3,3LDK,92.66,0,3,東中野駅,10,12.00,158226.65,281205.13,623,156,-1,-0.04820531314645804
https://suumo.jp/chintai/jnc_000104464944/?bc=100498200014,アンソレイユもみじ山,東京都中野区上高田１,221500.0,4400.0,,,2,3LDK,62.1,0,2,東中野駅,13,13.67,158226.65,281205.13,623,156,1,0.0006875028500715752
https://suumo.jp/chintai/jnc_000107068981/?bc=100479683780,アンソレイユもみじ山,東京都中野区上高田１,183500.0,4400.0,,183500.0,2,3LDK,62.1,0,2,東中野駅,13,13.67,158226.65,281205.13,623,156,1,0.0020389459717712333
https://suumo.jp/chintai/jnc_000107138587/?bc=100475960654,上高田ロイヤル（旅館業想定）,東京都中野区上高田１,410000.0,,820000.0,820000.0,3,3LDK,74.24,38,5,東中野駅,10,11.67,158226.65,281205.13,623,156,-1,-0.038648798479356095
https://suumo.jp/chintai/jnc_000102928314/?bc=100473972177,ＪＲ中央線 東中野駅 12階建 新築,東京都中野区東中野１,425000.0,25000.0,425000.0,,12,3LDK,62.55,0,12,東中野駅,3,9.33,158226.65,281205.13,623,156,-1,-0.07937670267616737
https://suumo.jp/chintai/jnc_000106731959/?bc=100503568364,北新宿４丁目戸建,東京都新宿区北新宿４,230000.0,,230000.0,230000.0,1,3SDK,80.08,33,2,東中野駅,7,11.00,158226.65,230000.00,623,2,1,0.02634587246168152
https://suumo.jp/chintai/jnc_000106689138/?bc=100503319167,ＪＲ総武線 東中野駅 地上2階建 築33年,東京都新宿区北新宿４,230000.0,,230000.0,230000.0,1,3SDK,80.08,33,2,東中野駅,7,10.00,158226.65,230000.00,623,2,1,0.021956742813715735
https://suumo.jp/chintai/jnc_000106689138/?bc=100503319167,ＪＲ総武線 東中野駅 地上2階建 築33年,東京都新宿区北新宿４,230000.0,,230000.0,230000.0,2,3SDK,80.08,33,2,東中野駅,7,10.00,158226.65,230000.00,623,2,1,0.027503449285706305
https://suumo.jp/chintai/jnc_000106039199/?bc=100484765635,大倉ハウス,東京都中野区東中野２,200000.0,,200000.0,200000.0,2,3SLDK,80.0,35,3,東中野駅,6,7.00,158226.65,275000.00,623,2,1,0.029657722902866834
https://suumo.jp/chintai/jnc_000102971548/?bc=100472908754,Ysマンション,東京都中野区東中野３,320000.0,3000.0,320000.0,320000.0,1,4LDK,94.55,38,4,東中野駅,3,4.67,158226.65,309285.71,623,14,-1,-0.05722080565691989
https://suumo.jp/chintai/jnc_000106678454/?bc=100504095664,サウス長崎,東京都豊島区南長崎４,72000.0,5000.0,72000.0,,1,1K,25.0,57,4,東長崎駅,5,10.67,109923.35,98445.68,227,1447,1,0.10742798368140932
https://suumo.jp/chintai/jnc_000105807476/?bc=100487537355,フローラ南長崎,東京都豊島区南長崎６,60000.0,2000.0,,60000.0,3,1R,18.5,22,4,東長崎駅,4,10.67,109923.35,82826.39,227,879,1,0.08267763290409813
https://suumo.jp/chintai/jnc_000106309417/?bc=100500630814,ジェイハウス,東京都豊島区長崎５,55000.0,,,,2,1K,18.04,34,2,東長崎駅,5,11.67,109923.35,98445.68,227,1447,1,0.12764786080529872
https://suumo.jp/chintai/jnc_000036563472/?bc=100507010692,プライム東長崎,東京都豊島区長崎５,55000.0,,55000.0,55000.0,3,1R,19.2,38,4,東長崎駅,3,10.67,109923.35,82826.39,227,879,1,0.09588438164493446
https://suumo.jp/chintai/jnc_000106732650/?bc=100503614256,ブライト東長崎,東京都豊島区南長崎６,64000.0,4000.0,,,2,1R,11.39,10,2,東長崎駅,4,9.67,109923.35,82826.39,227,879,1,0.09878215151110553
https://suumo.jp/chintai/jnc_000106354933/?bc=100494183002,シャトル長崎,東京都豊島区長崎５,68000.0,,68000.0,68000.0,1,1K,21.0,41,2,東長崎駅,5,12.67,109923.35,98445.68,227,1447,1,0.11999900407105907
https://suumo.jp/chintai/jnc_000106212081/?bc=100502761745,シャルマディオ,東京都豊島区南長崎３,82000.0,3000.0,82000.0,82000.0,2,1K,25.36,24,2,東長崎駅,7,9.00,109923.35,98445.68,227,1447,1,0.13118585585357506
https://suumo.jp/chintai/jnc_000106402257/?bc=100501463821,シリウス,東京都豊島区長崎３,86000.0,3000.0,43000.0,129000.0,2,1K,22.9,17,2,東長崎駅,6,9.33,109923.35,98445.68,227,1447,1,0.13679760914222694
https://suumo.jp/chintai/jnc_000104509220/?bc=100486156333,パロ西落合,東京都新宿区西落合４,70000.0,6000.0,,,2,1R,20.5,40,4,東長崎駅,5,9.33,109923.35,82826.39,227,879,1,0.10772509382477502
https://suumo.jp/chintai/jnc_000106628738/?bc=100502833020,西武池袋線 東長崎駅 2階建 築33年,東京都豊島区長崎４,73000.0,5000.0,73000.0,,1,1DK,24.4,33,2,東長崎駅,7,12.00,109923.35,130743.78,227,402,1,0.1402274543477126
https://suumo.jp/chintai/jnc_000105123612/?bc=100499513400,スカイコート豊島南長崎,東京都豊島区南長崎６,87300.0,6700.0,87300.0,87300.0,6,1K,21.17,15,8,東長崎駅,6,9.00,109923.35,98445.68,227,1447,1,0.11403166379533924
https://suumo.jp/chintai/jnc_000106689159/?bc=100503404793,ステージファースト新宿西落合,東京都新宿区西落合４,115000.0,5000.0,115000.0,115000.0,6,1K,26.64,13,10,東長崎駅,6,9.00,109923.35,98445.68,227,1447,1,0.1017499730138342
https://suumo.jp/chintai/jnc_000106360977/?bc=100506409527,セジョリ新宿西落合,東京都新宿区西落合４,105000.0,15000.0,,105000.0,10,1K,25.44,6,10,東長崎駅,8,10.33,109923.35,98445.68,227,1447,1,0.07351336665835462
https://suumo.jp/chintai/jnc_000105755555/?bc=100503523492,セジョリ新宿西落合,東京都新宿区西落合４,98000.0,12000.0,,98000.0,9,1K,25.44,6,10,東長崎駅,8,10.33,109923.35,98445.68,227,1447,1,0.09362402803430603
https://suumo.jp/chintai/jnc_000083704919/?bc=100429823677,ハイツブラン,東京都豊島区南長崎６,60000.0,3000.0,60000.0,,1,1R,19.0,42,3,東長崎駅,6,10.00,109923.35,82826.39,227,879,1,0.08901129179413253
https://suumo.jp/chintai/jnc_000106959009/?bc=100506945303,ハーモニーテラス西落合II,東京都新宿区西落合４,63000.0,4000.0,,63000.0,1,1R,10.66,5,2,東長崎駅,9,11.33,109923.35,82826.39,227,879,1,0.08835506043139385
https://suumo.jp/chintai/jnc_000106837401/?bc=100504966137,ハーモニーテラス落合南長崎,東京都新宿区西落合４,68000.0,4000.0,,68000.0,2,1R,12.84,2,2,東長崎駅,8,12.67,109923.35,82826.39,227,879,1,0.09578136421105177
https://suumo.jp/chintai/jnc_000094970786/?bc=100462221798,ハーモニーテラス南長崎IV,東京都豊島区南長崎６,62000.0,4000.0,,62000.0,1,1R,10.91,8,2,東長崎駅,3,10.00,109923.35,82826.39,227,879,1,0.08680455721229435
https://suumo.jp/chintai/jnc_000106396472/?bc=100506690854,ジュネス香和Ａ棟,東京都豊島区南長崎５,57000.0,2000.0,,,2,1R,16.35,28,2,東長崎駅,2,7.67,109923.35,82826.39,227,879,1,0.069338081254111
https://suumo.jp/chintai/jnc_000102573074/?bc=100458883645,ジョイフル池袋西,東京都豊島区長崎４,53000.0,2000.0,53000.0,,2,1R,14.86,43,3,東長崎駅,6,12.33,109923.35,82826.39,227,879,1,0.06626746312122384
https://suumo.jp/chintai/jnc_000097595106/?bc=100506278372,西武池袋線 東長崎駅 3階建 築8年,東京都豊島区長崎４,160000.0,,160000.0,160000.0,3,1DK,47.24,8,3,東長崎駅,5,9.67,109923.35,130743.78,227,402,1,0.15027046887554102
https://suumo.jp/chintai/jnc_000106900895/?bc=100245999948,センプリス,東京都豊島区南長崎３,57000.0,2000.0,57000.0,57000.0,2,1K,20.21,55,2,東長崎駅,7,8.00,109923.35,98445.68,227,1447,1,0.06003360551880749
https://suumo.jp/chintai/jnc_000104903432/?bc=100505269051,エル・グランピア,東京都豊島区南長崎５,112000.0,6000.0,112000.0,112000.0,5,1DK,33.72,25,7,東長崎駅,3,8.00,109923.35,130743.78,227,402,1,0.13044940040708203
https://suumo.jp/chintai/jnc_000106451710/?bc=100501654770,エムズミレナリオ,東京都豊島区長崎４,138000.0,5000.0,138000.0,138000.0,2,1DK,42.78,27,5,東長崎駅,1,6.50,109923.35,130743.78,227,402,1,0.10681244955293723
https://suumo.jp/chintai/jnc_000106354954/?bc=100506691410,Ｌａ Ｍａｉｓｏｎ Ｄｅ Ｐａｕｌ,東京都豊島区南長崎６,168000.0,10000.0,168000.0,168000.0,3,1LDK,49.19,4,5,東長崎駅,6,9.00,109923.35,170377.07,227,811,1,0.10984591024306772
https://suumo.jp/chintai/jnc_000106340123/?bc=100501420279,西武池袋線 東長崎駅 2階建 築4年,東京都豊島区長崎３,104000.0,3000.0,104000.0,104000.0,1,1LDK,33.53,4,2,東長崎駅,9,11.33,109923.35,170377.07,227,811,1,0.07693415823447541
https://suumo.jp/chintai/jnc_000106303009/?bc=100500290905,西武池袋線 東長崎駅 2階建 築54年,東京都豊島区長崎４,142000.0,,142000.0,142000.0,1,1LDK,34.73,54,2,東長崎駅,4,10.33,109923.35,170377.07,227,811,1,0.07774545503952657
https://suumo.jp/chintai/jnc_000106950697/?bc=100505752543,TSハイツ,東京都豊島区南長崎５,63000.0,5000.0,,63000.0,2,1DK,21.02,30,4,東長崎駅,4,11.00,109923.35,130743.78,227,402,1,0.13914187207802187
https://suumo.jp/chintai/jnc_000106396451/?bc=100501066262,西武池袋線 東長崎駅 2階建 築54年,東京都豊島区長崎４,148000.0,,148000.0,148000.0,2,1LDK,36.26,54,2,東長崎駅,4,10.33,109923.35,170377.07,227,811,1,0.08427420104052474
https://suumo.jp/chintai/jnc_000106766316/?bc=100503810406,西武池袋線 東長崎駅 3階建 築1年,東京都豊島区南長崎４,119000.0,7000.0,119000.0,119000.0,2,1LDK,32.68,1,3,東長崎駅,5,9.00,109923.35,170377.07,227,811,1,0.1060567807047107
https://suumo.jp/chintai/jnc_000106199733/?bc=100499820543,コンパルティア東長崎,東京都豊島区南長崎５,133000.0,10000.0,133000.0,,4,1LDK,32.09,8,9,東長崎駅,3,9.00,109923.35,170377.07,227,811,1,0.08960771285465957
https://suumo.jp/chintai/jnc_000106848774/?bc=100464836051,エミリブ東長崎,東京都豊島区南長崎５,180000.0,10000.0,180000.0,,7,1LDK,38.89,7,11,東長崎駅,1,8.67,109923.35,170377.07,227,811,1,0.055034671156062864
https://suumo.jp/chintai/jnc_000101864653/?bc=100498780549,エミリブ東長崎,東京都豊島区南長崎５,185000.0,10000.0,185000.0,,7,1LDK,38.89,7,11,東長崎駅,1,8.67,109923.35,170377.07,227,811,1,0.05172137622197853
https://suumo.jp/chintai/jnc_000105292083/?bc=100503444387,西武池袋線 東長崎駅 3階建 築36年,東京都豊島区長崎５,149000.0,5000.0,,,2,1LDK,43.24,36,3,東長崎駅,5,12.00,109923.35,170377.07,227,811,1,0.09559492550357179
https://suumo.jp/chintai/jnc_000106402255/?bc=100506504721,西武池袋線 東長崎駅 2階建 築12年,東京都豊島区長崎３,120000.0,2000.0,120000.0,240000.0,1,1LDK,34.17,12,2,東長崎駅,5,10.67,109923.35,170377.07,227,811,1,0.07285880297032282
https://suumo.jp/chintai/jnc_000105496902/?bc=100499529683,西武池袋線 東長崎駅 11階建 築7年,東京都豊島区南長崎５,235000.0,10000.0,235000.0,,5,2LDK,50.23,7,11,東長崎駅,1,10.00,109923.35,243512.76,227,392,1,0.04447245919366788
https://suumo.jp/chintai/jnc_000084718455/?bc=100501462354,西武池袋線 東長崎駅 5階建 築4年,東京都豊島区南長崎６,168000.0,10000.0,168000.0,168000.0,3,1LDK,49.19,4,5,東長崎駅,6,8.67,109923.35,170377.07,227,811,1,0.10835336011819163
https://suumo.jp/chintai/jnc_000106917128/?bc=100506823181,西武池袋線 東長崎駅 11階建 築7年,東京都豊島区南長崎５,220000.0,20000.0,220000.0,,5,2LDK,50.23,7,11,東長崎駅,1,10.00,109923.35,243512.76,227,392,1,0.027704175317676494
https://suumo.jp/chintai/jnc_000105479658/?bc=100505023915,ハートフルストーリー,東京都豊島区長崎４,148000.0,,148000.0,148000.0,2,1LDK,36.26,54,2,東長崎駅,4,10.33,109923.35,170377.07,227,811,1,0.08427420104052474
https://suumo.jp/chintai/jnc_000105479657/?bc=100500073918,ハートフルストーリー,東京都豊島区長崎４,142000.0,,142000.0,142000.0,1,1LDK,34.73,54,2,東長崎駅,4,10.33,109923.35,170377.07,227,811,1,0.07774545503952657
https://suumo.jp/chintai/jnc_000106986858/?bc=100492923010,ARROWS,東京都豊島区長崎５,142000.0,3000.0,142000.0,142000.0,1,1LDK,40.96,0,3,東長崎駅,1,9.33,109923.35,170377.07,227,811,1,0.05919500209163364
https://suumo.jp/chintai/jnc_000105506851/?bc=100506823185,西武池袋線 東長崎駅 11階建 築7年,東京都豊島区南長崎５,231000.0,20000.0,231000.0,,10,2LDK,51.83,7,11,東長崎駅,1,10.00,109923.35,243512.76,227,392,1,0.005932652237639169
https://suumo.jp/chintai/jnc_000106822431/?bc=100504220464,西武池袋線 東長崎駅 2階建 築12年,東京都豊島区長崎５,120000.0,4000.0,120000.0,180000.0,1,1LDK,37.34,12,2,東長崎駅,3,10.33,109923.35,170377.07,227,811,1,0.09365842666212565
https://suumo.jp/chintai/jnc_000106950699/?bc=100507003213,第二東長崎ＭＹコーポ,東京都豊島区南長崎６,77000.0,8000.0,77000.0,,3,1DK,25.75,55,6,東長崎駅,9,10.67,109923.35,130743.78,227,402,1,0.1116059813733512
https://suumo.jp/chintai/jnc_000103844432/?bc=100481477988,ザ・パークハビオ東長崎,東京都豊島区南長崎５,178000.0,20000.0,178000.0,,3,1LDK,38.31,3,10,東長崎駅,1,10.33,109923.35,170377.07,227,811,1,0.04923018459142364
https://suumo.jp/chintai/jnc_000105280977/?bc=100501712967,ルクレ東長崎,東京都豊島区長崎５,149000.0,5000.0,,,2,1LDK,43.24,36,3,東長崎駅,5,11.67,109923.35,170377.07,227,811,1,0.09930292074881075
https://suumo.jp/chintai/jnc_000106274480/?bc=100500339696,ＰａｔｉｏＨｉｇａｓｈｉｎａｇａｓａｋｉ,東京都豊島区南長崎５,78000.0,2000.0,,78000.0,1,1K,21.73,8,2,東長崎駅,2,9.67,109923.35,98445.68,227,1447,1,0.09264693819212372
https://suumo.jp/chintai/jnc_000107138746/?bc=100506039735,ボナール長崎,東京都豊島区長崎４,97000.0,3000.0,97000.0,97000.0,2,1LDK,36.84,15,2,東長崎駅,3,9.33,109923.35,170377.07,227,811,1,0.07963930800576813
https://suumo.jp/chintai/jnc_000106697055/?bc=100500239107,ＷＡＬＤ,東京都豊島区南長崎４,119000.0,7000.0,119000.0,119000.0,2,1LDK,32.68,1,3,東長崎駅,5,9.33,109923.35,170377.07,227,811,1,0.10618364380769324
https://suumo.jp/chintai/jnc_000106135539/?bc=100499250684,豊島千早レジデンス,東京都豊島区千早３,122000.0,9000.0,,,1,1K,25.3,5,3,東長崎駅,8,11.67,109923.35,98445.68,227,1447,1,0.13861334378505535
https://suumo.jp/chintai/jnc_000107088226/?bc=100506292618,豊島千早レジデンス,東京都豊島区千早３,126000.0,9000.0,,,3,1K,25.3,5,3,東長崎駅,8,11.67,109923.35,98445.68,227,1447,1,0.1406899428544096
https://suumo.jp/chintai/jnc_000106212082/?bc=100502593897,ＷＡＬＤ,東京都豊島区南長崎４,121000.0,7000.0,121000.0,121000.0,2,1LDK,32.68,1,3,東長崎駅,5,9.33,109923.35,170377.07,227,811,1,0.10618364380769324
https://suumo.jp/chintai/jnc_000107138747/?bc=100506041755,西武池袋線 東長崎駅 2階建 築15年,東京都豊島区長崎４,97000.0,3000.0,97000.0,97000.0,2,1LDK,36.84,15,2,東長崎駅,3,9.33,109923.35,170377.07,227,811,1,0.07963930800576813
https://suumo.jp/chintai/jnc_000097601088/?bc=100506316782,橘ハウス,東京都豊島区長崎４,160000.0,,160000.0,160000.0,3,1DK,47.24,8,3,東長崎駅,5,10.67,109923.35,130743.78,227,402,1,0.15290120539001634
https://suumo.jp/chintai/jnc_000101886074/?bc=100471728729,西武池袋線 東長崎駅 11階建 築7年,東京都豊島区南長崎５,185000.0,10000.0,185000.0,,7,1LDK,38.89,7,11,東長崎駅,1,10.00,109923.35,170377.07,227,811,1,0.05910285990705405
https://suumo.jp/chintai/jnc_000105517821/?bc=100486942098,FABRIC東長崎Residence,東京都新宿区西落合４,146000.0,10000.0,146000.0,,2,1LDK,33.72,2,7,東長崎駅,7,9.00,109923.35,170377.07,227,811,1,0.11321154339022599
https://suumo.jp/chintai/jnc_000106802180/?bc=100506409522,ラヴィーダ東長崎,東京都豊島区長崎４,125000.0,5000.0,,125000.0,1,1DK,44.54,3,4,東長崎駅,5,11.33,109923.35,130743.78,227,402,1,0.13727620117126055
https://suumo.jp/chintai/jnc_000103162163/?bc=100499577704,西武池袋線 東長崎駅 地上3階建 築18年,東京都豊島区長崎４,250000.0,,250000.0,250000.0,1,4LDK,103.5,18,3,東長崎駅,7,11.00,109923.35,309285.71,227,14,1,0.0006225470017133805
https://suumo.jp/chintai/jnc_000103162163/?bc=100499577704,西武池袋線 東長崎駅 地上3階建 築18年,東京都豊島区長崎４,250000.0,,250000.0,250000.0,2,4LDK,103.5,18,3,東長崎駅,7,11.00,109923.35,309285.71,227,14,1,0.00457266524089428
https://suumo.jp/chintai/jnc_000103162163/?bc=100499577704,西武池袋線 東長崎駅 地上3階建 築18年,東京都豊島区長崎４,250000.0,,250000.0,250000.0,3,4LDK,103.5,18,3,東長崎駅,7,11.00,109923.35,309285.71,227,14,1,0.0036385683253066237
https://suumo.jp/chintai/jnc_000105645647/?bc=100506691602,ザ・パークハビオ東長崎,東京都豊島区南長崎５,143000.0,15000.0,143000.0,143000.0,8,1DK,33.59,3,10,東長崎駅,1,10.33,109923.35,130743.78,227,402,1,0.07876792524094711
https://suumo.jp/chintai/jnc_000106508102/?bc=100506690886,FABRIC東長崎Residence,東京都新宿区西落合４,135000.0,10000.0,,135000.0,5,1DK,29.06,2,7,東長崎駅,7,9.00,109923.35,130743.78,227,402,1,0.1413894317190842
https://suumo.jp/chintai/jnc_000106939637/?bc=100505217147,いえ・ひめとひこ,東京都豊島区南長崎５,137000.0,5000.0,137000.0,137000.0,2,2LDK,50.8,27,5,東長崎駅,3,10.67,109923.35,243512.76,227,392,1,0.07822004222784634
https://suumo.jp/chintai/jnc_000105784830/?bc=100496065169,レジデンスミツイ,東京都豊島区南長崎５,165000.0,5000.0,165000.0,165000.0,3,2LDK,45.28,37,5,東長崎駅,2,5.50,109923.35,243512.76,227,392,1,0.05150619728822314
https://suumo.jp/chintai/jnc_000106309413/?bc=100505350425,久保ビル,東京都豊島区長崎３,136000.0,,136000.0,136000.0,2,1LDK,47.6,46,4,東長崎駅,8,10.67,109923.35,170377.07,227,811,1,0.09477697620282644
https://suumo.jp/chintai/jnc_000106789111/?bc=100504150897,パティオ東長崎,東京都豊島区長崎５,120000.0,4000.0,120000.0,180000.0,1,1LDK,37.34,12,2,東長崎駅,3,10.33,109923.35,170377.07,227,811,1,0.09365842666212565
https://suumo.jp/chintai/jnc_000105784831/?bc=100496065170,レジデンスミツイ,東京都豊島区南長崎５,170000.0,5000.0,170000.0,170000.0,3,2LDK,49.93,37,5,東長崎駅,2,5.50,109923.35,243512.76,227,392,1,0.048129276653339825
https://suumo.jp/chintai/jnc_000106409599/?bc=100501302261,西武池袋線 東長崎駅 地上3階建 新築,東京都豊島区南長崎６,270000.0,,540000.0,270000.0,1,3LDK,68.14,0,3,東長崎駅,4,9.67,109923.35,281205.13,227,156,1,0.01720617848687611
https://suumo.jp/chintai/jnc_000106409599/?bc=100501302261,西武池袋線 東長崎駅 地上3階建 新築,東京都豊島区南長崎６,270000.0,,540000.0,270000.0,2,3LDK,68.14,0,3,東長崎駅,4,9.67,109923.35,281205.13,227,156,1,0.023124170751649464
https://suumo.jp/chintai/jnc_000106409599/?bc=100501302261,西武池袋線 東長崎駅 地上3階建 新築,東京都豊島区南長崎６,270000.0,,540000.0,270000.0,3,3LDK,68.14,0,3,東長崎駅,4,9.67,109923.35,281205.13,227,156,1,0.018853013001585373
https://suumo.jp/chintai/jnc_000105698201/?bc=100499037280,スプリングメロディー,東京都豊島区南長崎５,94000.0,3000.0,94000.0,188000.0,3,1DK,30.14,21,4,東長崎駅,3,8.33,109923.35,130743.78,227,402,1,0.13047625111783634
https://suumo.jp/chintai/jnc_000106663132/?bc=100503272107,ＰＡＴＯＮＡ１６１０,東京都豊島区南長崎６,175000.0,5000.0,175000.0,,3,4LDK,85.8,37,3,東長崎駅,5,10.33,109923.35,309285.71,227,14,1,0.028571180227483506
https://suumo.jp/chintai/jnc_000106996388/?bc=100505606159,メゾン啓真,東京都豊島区長崎４,59000.0,2000.0,59000.0,59000.0,2,1K,21.0,51,2,東長崎駅,4,10.33,109923.35,98445.68,227,1447,1,0.06931419625632679
https://suumo.jp/chintai/jnc_000105698202/?bc=100495397805,Ｂｒｏｗｎｙ’ｓ,東京都豊島区南長崎５,132000.0,6000.0,,132000.0,3,1LDK,32.77,3,3,東長崎駅,4,11.00,109923.35,170377.07,227,811,1,0.10804879275616985
https://suumo.jp/chintai/jnc_000106601575/?bc=100502683310,Laulea,東京都豊島区南長崎５,94000.0,9000.0,,94000.0,1,1K,30.37,7,4,東長崎駅,4,9.00,109923.35,98445.68,227,1447,1,0.13247794210986408
https://suumo.jp/chintai/jnc_000107194374/?bc=100506806761,ラシクラス西落合,東京都新宿区西落合４,144000.0,12000.0,,,-1,1DK,32.9,1,4,東長崎駅,7,9.33,109923.35,130743.78,227,402,1,0.1331866985924463
https://suumo.jp/chintai/jnc_000042258335/?bc=100495699416,モモナハウス,東京都豊島区長崎３,59000.0,3000.0,,,1,1K,16.48,26,2,東長崎駅,9,11.67,109923.35,98445.68,227,1447,1,0.10796141283775934
https://suumo.jp/chintai/jnc_000106761958/?bc=100232562224,ラ　ロワール　アベ,東京都豊島区南長崎６,70000.0,2000.0,70000.0,70000.0,1,1K,22.5,23,2,東長崎駅,4,11.00,109923.35,98445.68,227,1447,1,0.10848541902236658
https://suumo.jp/chintai/jnc_000105864303/?bc=100501429367,ライネスハイム長崎,東京都豊島区長崎３,78000.0,3000.0,40000.0,40000.0,1,1K,26.68,18,2,東長崎駅,5,9.67,109923.35,98445.68,227,1447,1,0.13318893898880385
https://suumo.jp/chintai/jnc_000104138651/?bc=100491088285,ラシクラス西落合,東京都新宿区西落合４,141000.0,12000.0,,,1,1K,32.9,1,4,東長崎駅,7,9.33,109923.35,98445.68,227,1447,1,0.11928012080420963
https://suumo.jp/chintai/jnc_000095244154/?bc=100502766059,Avanti77,東京都豊島区南長崎６,185000.0,10000.0,,,2,2LDK,40.11,2,4,東長崎駅,7,11.33,109923.35,243512.76,227,392,1,0.10262855154102157
https://suumo.jp/chintai/jnc_000105698199/?bc=100502369636,南長崎４丁目ヘーベルハウス,東京都豊島区南長崎４,220000.0,,220000.0,220000.0,1,2LDK,80.9,20,3,東長崎駅,6,8.67,109923.35,243512.76,227,392,1,0.0587666117206912
https://suumo.jp/chintai/jnc_000105698199/?bc=100502369636,南長崎４丁目ヘーベルハウス,東京都豊島区南長崎４,220000.0,,220000.0,220000.0,2,2LDK,80.9,20,3,東長崎駅,6,8.67,109923.35,243512.76,227,392,1,0.06531851424052493
https://suumo.jp/chintai/jnc_000105698199/?bc=100502369636,南長崎４丁目ヘーベルハウス,東京都豊島区南長崎４,220000.0,,220000.0,220000.0,3,2LDK,80.9,20,3,東長崎駅,6,8.67,109923.35,243512.76,227,392,1,0.06513820690350502
https://suumo.jp/chintai/jnc_000106855087/?bc=100504820587,南長崎戸建,東京都豊島区南長崎４,220000.0,,440000.0,220000.0,1,2LDK,80.9,20,3,東長崎駅,6,8.67,109923.35,243512.76,227,392,1,0.0587666117206912
https://suumo.jp/chintai/jnc_000106855087/?bc=100504820587,南長崎戸建,東京都豊島区南長崎４,220000.0,,440000.0,220000.0,2,2LDK,80.9,20,3,東長崎駅,6,8.67,109923.35,243512.76,227,392,1,0.06531851424052493
https://suumo.jp/chintai/jnc_000106855087/?bc=100504820587,南長崎戸建,東京都豊島区南長崎４,220000.0,,440000.0,220000.0,3,2LDK,80.9,20,3,東長崎駅,6,8.67,109923.35,243512.76,227,392,1,0.06513820690350502
https://suumo.jp/chintai/jnc_000107092024/?bc=100506353785,南長崎戸建,東京都豊島区南長崎４,220000.0,,440000.0,220000.0,1,2LDK,80.9,20,3,東長崎駅,6,8.67,109923.35,243512.76,227,392,1,0.0587666117206912
https://suumo.jp/chintai/jnc_000103618833/?bc=100478992786,Ｋ・ＭＰＯＲＴ,東京都新宿区西落合４,80000.0,5000.0,80000.0,80000.0,3,1K,21.5,24,3,東長崎駅,7,9.00,109923.35,98445.68,227,1447,1,0.14434420066783998
https://suumo.jp/chintai/jnc_000107004540/?bc=100505629695,メゾンフレール,東京都豊島区南長崎６,54000.0,2000.0,,,1,1K,13.16,40,2,東長崎駅,5,11.00,109923.35,98445.68,227,1447,1,0.08373461103825947
https://suumo.jp/chintai/jnc_000106597799/?bc=100502632967,メゾンド東長崎,東京都豊島区長崎５,66000.0,2000.0,66000.0,66000.0,2,1K,20.7,22,2,東長崎駅,3,11.33,109923.35,98445.68,227,1447,1,0.10159013340655942
https://suumo.jp/chintai/jnc_000106285346/?bc=100500330183,ルネ東長崎,東京都豊島区長崎４,65000.0,3000.0,65000.0,65000.0,1,1K,18.0,25,2,東長崎駅,5,12.00,109923.35,98445.68,227,1447,1,0.1179631582969266
https://suumo.jp/chintai/jnc_000106316169/?bc=100500864101,ビレッヂマウンテン東長崎,東京都豊島区長崎４,73000.0,5000.0,73000.0,,1,1DK,24.4,33,2,東長崎駅,7,12.00,109923.35,130743.78,227,402,1,0.1402274543477126
https://suumo.jp/chintai/jnc_000107117257/?bc=100506318822,ＩＨ　ＳＴＯＲＹ　南長崎,東京都豊島区南長崎４,88000.0,5000.0,88000.0,88000.0,2,1R,23.79,20,5,東長崎駅,5,9.00,109923.35,82826.39,227,879,1,0.11582468201030482
https://suumo.jp/chintai/jnc_000106373396/?bc=100504242458,メゾン　ブランドブラン,東京都豊島区南長崎５,95500.0,4600.0,,191000.0,1,1K,24.48,3,4,東長崎駅,3,10.33,109923.35,98445.68,227,1447,1,0.12964980650337032
https://suumo.jp/chintai/jnc_000106778359/?bc=100503916617,メゾン　エクリュ,東京都豊島区長崎５,91000.0,2000.0,,182000.0,2,1K,31.23,13,2,東長崎駅,5,12.33,109923.35,98445.68,227,1447,1,0.10652172890924477
https://suumo.jp/chintai/jnc_000107069066/?bc=100506181019,レオネクスト落合南長崎,東京都豊島区南長崎５,113000.0,5500.0,,113000.0,3,1K,27.29,14,3,東長崎駅,6,10.00,109923.35,98445.68,227,1447,1,0.14587487571817354
https://suumo.jp/chintai/jnc_000099762532/?bc=100482351053,レオパレスＭ,東京都豊島区長崎５,91000.0,5500.0,,91000.0,1,1K,19.87,18,2,東長崎駅,7,13.00,109923.35,98445.68,227,1447,1,0.13537731232831812
https://suumo.jp/chintai/jnc_000106131688/?bc=100499205525,レオパレスＭ,東京都豊島区長崎５,90000.0,5500.0,,90000.0,1,1K,19.87,18,2,東長崎駅,7,13.00,109923.35,98445.68,227,1447,1,0.13537731232831812
https://suumo.jp/chintai/jnc_000101286766/?bc=100458323713,レオパレスＭ,東京都豊島区長崎５,96000.0,5500.0,,96000.0,2,1K,19.87,18,2,東長崎駅,7,13.00,109923.35,98445.68,227,1447,1,0.1385912802108631
https://suumo.jp/chintai/jnc_000100343536/?bc=100506826022,西武池袋線 東長崎駅 3階建 築32年,東京都新宿区西落合４,287000.0,8000.0,287000.0,430500.0,2,3LDK,111.96,32,3,東長崎駅,10,11.00,109923.35,281205.13,227,156,-1,-0.020055882970468897
https://suumo.jp/chintai/jnc_000107053722/?bc=100498742578,メゾングレース南長崎,東京都豊島区南長崎６,180000.0,6500.0,180000.0,270000.0,3,2LDK,71.72,9,3,東長崎駅,8,9.67,109923.35,243512.76,227,392,1,0.06914890290505543
https://suumo.jp/chintai/jnc_000105994388/?bc=100506691045,レオパレスラ フェニックス,東京都豊島区南長崎６,91000.0,5500.0,,91000.0,3,1K,19.87,16,3,東長崎駅,10,14.00,109923.35,98445.68,227,1447,1,0.12412274218734703
https://suumo.jp/chintai/jnc_000107096507/?bc=100506310465,レオパレス和,東京都新宿区西落合４,81000.0,5500.0,,81000.0,1,1K,19.87,26,2,東長崎駅,9,10.67,109923.35,98445.68,227,1447,1,0.1355298494336558
https://suumo.jp/chintai/jnc_000106446190/?bc=100506691026,マイファリエ長崎,東京都豊島区長崎４,75000.0,5000.0,75000.0,75000.0,4,1K,19.38,36,4,東長崎駅,5,10.00,109923.35,98445.68,227,1447,1,0.12941212996406987
https://suumo.jp/chintai/jnc_000030757416/?bc=100504585269,マイファリエ長崎,東京都豊島区長崎４,75000.0,10000.0,,75000.0,2,1K,26.55,36,4,東長崎駅,5,10.00,109923.35,98445.68,227,1447,1,0.13253272809942657
https://suumo.jp/chintai/jnc_000105479697/?bc=100499164030,エミリブ東長崎,東京都豊島区南長崎５,235000.0,10000.0,235000.0,,5,2LDK,50.23,7,11,東長崎駅,1,8.67,109923.35,243512.76,227,392,1,0.04113713511937794
https://suumo.jp/chintai/jnc_000031975309/?bc=100506691294,マイファリエ十字街,東京都豊島区長崎４,60000.0,5000.0,60000.0,60000.0,2,1K,19.56,36,6,東長崎駅,2,8.67,109923.35,98445.68,227,1447,1,0.09968738995368676
https://suumo.jp/chintai/jnc_000106451717/?bc=100503569548,マーレ南長崎,東京都豊島区南長崎６,101000.0,3300.0,101000.0,101000.0,2,1K,25.83,5,3,東長崎駅,4,11.33,109923.35,98445.68,227,1447,1,0.12920446896675108
https://suumo.jp/chintai/jnc_000106097467/?bc=100498870867,西武池袋線 東長崎駅 10階建 築3年,東京都豊島区南長崎５,143000.0,15000.0,143000.0,143000.0,8,1DK,33.59,3,10,東長崎駅,1,8.67,109923.35,130743.78,227,402,1,0.07122307483908374
https://suumo.jp/chintai/jnc_000105972622/?bc=100497714709,第６ユービコーポ,東京都豊島区南長崎５,75000.0,4500.0,75000.0,,2,1K,19.81,24,4,東長崎駅,2,8.67,109923.35,98445.68,227,1447,1,0.12061761495563561
https://suumo.jp/chintai/jnc_000106996396/?bc=100505592007,第６ユービコーポ,東京都豊島区南長崎５,72000.0,4000.0,72000.0,,1,1K,19.81,24,4,東長崎駅,2,8.67,109923.35,98445.68,227,1447,1,0.1174565372353728
https://suumo.jp/chintai/jnc_000105272616/?bc=100492077540,第二東長崎ＭＹコーポ,東京都豊島区南長崎６,65000.0,5000.0,65000.0,,2,2K,24.3,55,6,東長崎駅,9,10.67,109923.35,136763.16,227,114,-1,-0.009595090535470918
https://suumo.jp/chintai/jnc_000101459585/?bc=100494652054,ルミエール南長崎,東京都豊島区南長崎６,90000.0,5000.0,,,2,2K,35.18,39,3,東長崎駅,5,10.67,109923.35,136763.16,227,114,1,0.039206111832738366
https://suumo.jp/chintai/jnc_000106986879/?bc=100505901303,HY ｓ東長崎,東京都豊島区南長崎５,105000.0,12000.0,,,3,2K,25.5,4,6,東長崎駅,3,8.67,109923.35,136763.16,227,114,1,0.02668907606559917
https://suumo.jp/chintai/jnc_000105924518/?bc=100504519140,HY ｓ東長崎,東京都豊島区南長崎５,113000.0,12000.0,,113000.0,3,2K,25.5,4,6,東長崎駅,3,8.67,109923.35,136763.16,227,114,1,0.02668907606559917
https://suumo.jp/chintai/jnc_000100343535/?bc=100506826487,カメリア西落合,東京都新宿区西落合４,287000.0,8000.0,287000.0,430500.0,2,3LDK,111.96,32,3,東長崎駅,10,11.00,109923.35,281205.13,227,156,-1,-0.020055882970468897
https://suumo.jp/chintai/jnc_000105318906/?bc=100492546490,西武池袋線 東長崎駅 6階建 築55年,東京都豊島区南長崎６,65000.0,5000.0,65000.0,,2,2K,24.3,55,6,東長崎駅,8,10.00,109923.35,136763.16,227,114,-1,-0.013291639640646724
https://suumo.jp/chintai/jnc_000088458614/?bc=100505782046,西武池袋線 東長崎駅 2階建 築44年,東京都豊島区南長崎６,65000.0,,65000.0,65000.0,2,2K,30.16,44,2,東長崎駅,5,11.00,109923.35,136763.16,227,114,1,0.03280812218343482
https://suumo.jp/chintai/jnc_000088186842/?bc=100505752360,コーポ永崎,東京都豊島区南長崎６,65000.0,,65000.0,65000.0,2,2K,30.16,44,2,東長崎駅,5,11.00,109923.35,136763.16,227,114,1,0.03280812218343482
https://suumo.jp/chintai/jnc_000104777130/?bc=100488072359,ＳＯＣＩＥＴＹ　ＯＰＵＳ　ＯＮＥ,東京都豊島区南長崎４,202000.0,8000.0,202000.0,202000.0,4,2LDK,49.61,26,5,東長崎駅,5,9.00,109923.35,243512.76,227,392,1,0.09242828636254824
https://suumo.jp/chintai/jnc_000104407000/?bc=100485785349,ソサエティオーパスツー,東京都豊島区南長崎４,176000.0,8000.0,176000.0,176000.0,3,1LDK,47.86,26,5,東長崎駅,5,10.67,109923.35,170377.07,227,811,1,0.1120790688794801
https://suumo.jp/chintai/jnc_000106670184/?bc=100503189995,西武池袋線 東長崎駅 3階建 築37年,東京都豊島区南長崎６,175000.0,5000.0,175000.0,,3,4LDK,85.8,37,3,東長崎駅,5,10.33,109923.35,309285.71,227,14,1,0.028571180227483506
https://suumo.jp/chintai/jnc_000106882448/?bc=100504638235,メゾン　ブランドブラン,東京都豊島区南長崎５,124000.0,4600.0,,248000.0,2,1DK,30.54,3,4,東長崎駅,3,10.33,109923.35,130743.78,227,402,1,0.14488014278281142
https://suumo.jp/chintai/jnc_000106663126/?bc=100503120944,「防音マンション」ラシクラス東長崎,東京都豊島区長崎３,139000.0,9000.0,139000.0,139000.0,3,2K,32.01,10,4,東長崎駅,6,8.33,109923.35,136763.16,227,114,1,0.05008696616978198
https://suumo.jp/chintai/jnc_000104249961/?bc=100503303177,西武池袋線 東長崎駅 11階建 築31年,東京都豊島区南長崎６,205000.0,9000.0,205000.0,205000.0,3,3LDK,70.88,31,11,東長崎駅,7,10.33,109923.35,281205.13,227,156,1,0.006857087420732655
https://suumo.jp/chintai/jnc_000106996389/?bc=100505606335,メゾン啓真,東京都豊島区長崎４,66000.0,2000.0,66000.0,66000.0,2,2K,26.2,51,2,東長崎駅,4,10.33,109923.35,136763.16,227,114,-1,-0.0011096741983803726
https://suumo.jp/chintai/jnc_000106635387/?bc=100502926972,ラシクラス東長崎,東京都豊島区長崎３,139000.0,9000.0,139000.0,139000.0,3,2K,32.01,10,4,東長崎駅,6,8.33,109923.35,136763.16,227,114,1,0.05008696616978198
https://suumo.jp/chintai/jnc_000077868363/?bc=100499863703,ほうむべいす・K,東京都豊島区南長崎３,58000.0,2000.0,58000.0,58000.0,1,1K,17.5,34,2,東長崎駅,7,9.00,109923.35,98445.68,227,1447,1,0.10183793966076088
https://suumo.jp/chintai/jnc_000106863393/?bc=100474300776,西武池袋線 東長崎駅 11階建 築7年,東京都豊島区南長崎５,180000.0,10000.0,180000.0,,7,1LDK,38.89,7,11,東長崎駅,1,10.00,109923.35,170377.07,227,811,1,0.06236399514920521
https://suumo.jp/chintai/jnc_000084548259/?bc=100497678531,ＡＮＩＳ,東京都豊島区南長崎４,48000.0,2000.0,48000.0,48000.0,1,1K,19.44,38,2,東長崎駅,6,8.67,109923.35,98445.68,227,1447,1,0.091606546716275
https://suumo.jp/chintai/jnc_000106808043/?bc=100504112870,西武池袋線 東長崎駅 5階建 築44年,東京都豊島区長崎４,113000.0,,113000.0,113000.0,2,2DK,40.99,44,5,東長崎駅,5,10.67,109923.35,135945.31,227,128,1,0.06919499053715134
https://suumo.jp/chintai/jnc_000106769043/?bc=100505022323,ライオンズマンション東長崎,東京都豊島区長崎４,113000.0,,113000.0,113000.0,2,2DK,40.99,44,5,東長崎駅,5,9.67,109923.35,135945.31,227,128,1,0.06894822251174604
https://suumo.jp/chintai/jnc_000104608400/?bc=100503641957,FABRIC東長崎Residence,東京都新宿区西落合４,141000.0,10000.0,,141000.0,1,1K,36.74,2,7,東長崎駅,7,9.00,109923.35,98445.68,227,1447,1,0.1119362706122583
https://suumo.jp/chintai/jnc_000104810128/?bc=100506296063,My Style vintage　東長崎,東京都豊島区長崎４,174000.0,10000.0,,,3,1SLDK,48.3,0,3,東長崎駅,2,10.00,109923.35,231590.91,227,33,1,0.05431115366300482
https://suumo.jp/chintai/jnc_000107109091/?bc=100506731906,ドゥーエ南長崎,東京都豊島区南長崎６,215000.0,9000.0,215000.0,215000.0,11,2SLDK,70.88,31,11,東長崎駅,7,10.33,109923.35,276060.00,227,25,-1,-0.013724839475429906
https://suumo.jp/chintai/jnc_000107009929/?bc=100505682894,アパートメント葵,東京都豊島区長崎４,67000.0,1000.0,67000.0,67000.0,2,1K,20.33,20,3,東長崎駅,4,6.50,109923.35,98445.68,227,1447,1,0.09247023954044609
https://suumo.jp/chintai/jnc_000104276523/?bc=100506309643,ドゥーエ南長崎,東京都豊島区南長崎６,205000.0,9000.0,205000.0,205000.0,3,2SLDK,70.88,31,11,東長崎駅,7,10.33,109923.35,276060.00,227,25,1,0.025037340974735867
https://suumo.jp/chintai/jnc_000107013461/?bc=100505716800,ヘーベルハウス南長崎,東京都豊島区南長崎３,85000.0,5200.0,85000.0,85000.0,1,1K,26.04,21,3,東長崎駅,6,7.67,109923.35,98445.68,227,1447,1,0.14391785191033057
https://suumo.jp/chintai/jnc_000106429052/?bc=100502682319,西武池袋線 東長崎駅 3階建 新築,東京都豊島区長崎４,174000.0,10000.0,,,3,1SLDK,48.3,0,3,東長崎駅,2,11.33,109923.35,231590.91,227,33,1,0.05110500682297747
https://suumo.jp/chintai/jnc_000106539782/?bc=100502216724,長崎3丁目戸建,東京都豊島区長崎３,140000.0,10000.0,140000.0,,1,1DK,35.24,36,2,東長崎駅,6,9.67,109923.35,130743.78,227,402,1,0.13792556713338056
https://suumo.jp/chintai/jnc_000106539782/?bc=100502216724,長崎3丁目戸建,東京都豊島区長崎３,140000.0,10000.0,140000.0,,2,1DK,35.24,36,2,東長崎駅,6,9.67,109923.35,130743.78,227,402,1,0.142832103442462
https://suumo.jp/chintai/jnc_000071219073/?bc=100493561407,クラルテ,東京都豊島区長崎５,100000.0,5000.0,100000.0,,2,1LDK,39.75,31,3,東長崎駅,7,13.33,109923.35,170377.07,227,811,1,0.08865286097744784
https://suumo.jp/chintai/jnc_000103380426/?bc=100500533330,エル・グランピア,東京都豊島区南長崎５,125000.0,6000.0,125000.0,125000.0,3,1SLDK,40.03,25,7,東長崎駅,3,8.00,109923.35,231590.91,227,33,1,0.05145453084792251
https://suumo.jp/chintai/jnc_000105517820/?bc=100500812095,FABRIC東長崎Residence,東京都新宿区西落合４,151000.0,10000.0,,151000.0,1,1SK,36.74,2,7,東長崎駅,7,9.00,109923.35,138076.92,227,13,1,0.06102682223386724
https://suumo.jp/chintai/jnc_000106838152/?bc=100504360769,西武池袋線 東長崎駅 地下1地上4階建 築3年,東京都豊島区長崎４,125000.0,5000.0,,125000.0,-1,1SK,44.54,3,5,東長崎駅,5,11.00,109923.35,138076.92,227,13,1,0.046504078176444974
https://suumo.jp/chintai/jnc_000106838152/?bc=100504360769,西武池袋線 東長崎駅 地下1地上4階建 築3年,東京都豊島区長崎４,125000.0,5000.0,,125000.0,0,1SK,44.54,3,5,東長崎駅,5,11.00,109923.35,138076.92,227,13,1,0.050971897958144774
https://suumo.jp/chintai/jnc_000106838152/?bc=100504360769,西武池袋線 東長崎駅 地下1地上4階建 築3年,東京都豊島区長崎４,125000.0,5000.0,,125000.0,1,1SK,44.54,3,5,東長崎駅,5,11.00,109923.35,138076.92,227,13,1,0.0590406483515869
https://suumo.jp/chintai/jnc_000105584964/?bc=100505686887,西武池袋線 東長崎駅 7階建 築2年,東京都新宿区西落合４,151000.0,10000.0,,151000.0,1,1SK,36.74,2,7,東長崎駅,8,9.33,109923.35,138076.92,227,13,1,0.055502618575010765
https://suumo.jp/chintai/jnc_000104655830/?bc=100491382708,ソサエティオパスII,東京都豊島区南長崎４,176000.0,8000.0,176000.0,176000.0,3,1LDK,47.86,26,5,東長崎駅,5,7.67,109923.35,170377.07,227,811,1,0.10305691155435243
https://suumo.jp/chintai/jnc_000107194375/?bc=100507041699,西武池袋線 東長崎駅 地下1地上3階建 築1年,東京都新宿区西落合４,144000.0,12000.0,,,-1,1K,32.9,1,4,東長崎駅,8,10.00,109923.35,98445.68,227,1447,1,0.0971802352989134
https://suumo.jp/chintai/jnc_000106168606/?bc=100500007467,西武池袋線 東長崎駅 8階建 築15年,東京都豊島区南長崎６,87300.0,6700.0,87300.0,87300.0,6,1K,21.17,15,8,東長崎駅,5,8.67,109923.35,98445.68,227,1447,1,0.11150400055858312
https://suumo.jp/chintai/jnc_000105398425/?bc=100498139427,西武池袋線 東長崎駅 8階建 築15年,東京都豊島区南長崎６,78000.0,10000.0,78000.0,78000.0,4,1K,21.63,15,8,東長崎駅,5,8.67,109923.35,98445.68,227,1447,1,0.1261071532247936
https://suumo.jp/chintai/jnc_000106914745/?bc=100505023926,trias362,東京都豊島区長崎３,87000.0,18000.0,,,2,1R,20.0,5,4,東長崎駅,7,10.33,109923.35,82826.39,227,879,1,0.08134364012152279
https://suumo.jp/chintai/jnc_000107059890/?bc=100505998732,西武池袋線 東長崎駅 地下1地上5階建 築36年,東京都豊島区長崎４,60000.0,5000.0,60000.0,60000.0,2,1R,19.56,36,6,東長崎駅,5,10.33,109923.35,82826.39,227,879,1,0.09714798477066772
https://suumo.jp/chintai/jnc_000106472508/?bc=100502014977,西武池袋線 東長崎駅 6階建 築39年,東京都新宿区西落合４,78000.0,7000.0,,,4,1R,19.61,39,6,東長崎駅,6,8.67,109923.35,82826.39,227,879,1,0.09180051113341037
https://suumo.jp/chintai/jnc_000099384688/?bc=100330644543,フラワーコーポ,東京都豊島区南長崎６,55000.0,2000.0,55000.0,,1,1K,19.0,43,3,東長崎駅,8,10.67,109923.35,98445.68,227,1447,1,0.08963241606123351
https://suumo.jp/chintai/jnc_000106916058/?bc=100504957608,西武池袋線 東長崎駅 5階建 築42年,東京都豊島区南長崎５,50000.0,7000.0,50000.0,50000.0,2,1R,14.12,42,5,東長崎駅,2,9.33,109923.35,82826.39,227,879,1,0.05829451077579412
https://suumo.jp/chintai/jnc_000106539613/?bc=100502191238,西武池袋線 東長崎駅 5階建 築36年,東京都中野区江原町１,79000.0,3000.0,79000.0,79000.0,5,1R,30.0,36,5,東長崎駅,7,8.33,109923.35,82826.39,227,879,1,0.06605242173313836
https://suumo.jp/chintai/jnc_000106917125/?bc=100505122541,西武池袋線 東長崎駅 4階建 築5年,東京都豊島区長崎３,87000.0,18000.0,,,2,1R,20.0,5,4,東長崎駅,7,10.00,109923.35,82826.39,227,879,1,0.08065905660770706
https://suumo.jp/chintai/jnc_000105989580/?bc=100505794456,西武池袋線 東長崎駅 4階建 築37年,東京都豊島区南長崎６,75000.0,5000.0,75000.0,75000.0,4,1R,19.46,37,4,東長崎駅,8,10.67,109923.35,82826.39,227,879,1,0.09404928109831084
https://suumo.jp/chintai/jnc_000103695314/?bc=100505015105,西武池袋線 東長崎駅 2階建 築8年,東京都豊島区南長崎６,71000.0,4000.0,,71000.0,2,1R,11.22,8,2,東長崎駅,3,10.00,109923.35,82826.39,227,879,1,0.08987130026091805
https://suumo.jp/chintai/jnc_000101050415/?bc=100460743978,西武池袋線 東長崎駅 2階建 築8年,東京都豊島区南長崎６,68000.0,4000.0,,68000.0,2,1R,10.91,8,2,東長崎駅,3,10.00,109923.35,82826.39,227,879,1,0.09065937796866863
https://suumo.jp/chintai/jnc_000106102502/?bc=100498831891,西武池袋線 東長崎駅 2階建 築8年,東京都豊島区南長崎６,70000.0,4000.0,,70000.0,2,1R,10.32,8,2,東長崎駅,4,10.67,109923.35,82826.39,227,879,1,0.09703926109508182
https://suumo.jp/chintai/jnc_000106848773/?bc=100498454788,エミリブ東長崎,東京都豊島区南長崎５,220000.0,20000.0,220000.0,,5,2LDK,50.23,7,11,東長崎駅,1,8.67,109923.35,243512.76,227,392,1,0.02290059544972617
https://suumo.jp/chintai/jnc_000107053721/?bc=100505998942,西武池袋線 東長崎駅 2階建 築8年,東京都豊島区南長崎６,67000.0,4000.0,,67000.0,1,1R,10.91,8,2,東長崎駅,3,10.00,109923.35,82826.39,227,879,1,0.08876853803588025
https://suumo.jp/chintai/jnc_000027959109/?bc=100500525127,アーバンヒルズ東長崎,東京都豊島区南長崎４,69000.0,2000.0,69000.0,69000.0,4,1R,23.76,37,4,東長崎駅,4,9.00,109923.35,82826.39,227,879,1,0.07268793165309728
https://suumo.jp/chintai/jnc_000107209777/?bc=100507005809,西武池袋線 東長崎駅 2階建 築5年,東京都新宿区西落合４,63000.0,4000.0,,63000.0,1,1R,10.66,5,2,東長崎駅,9,13.00,109923.35,82826.39,227,879,1,0.08062377708295149
https://suumo.jp/chintai/jnc_000086124374/?bc=100379674886,西武池袋線 東長崎駅 2階建 築52年,東京都豊島区長崎３,25000.0,,,,2,1R,5.0,52,2,東長崎駅,7,15.67,109923.35,82826.39,227,879,1,0.00565100987246181
https://suumo.jp/chintai/jnc_000096599154/?bc=100486583571,西武池袋線 東長崎駅 2階建 築2年,東京都豊島区南長崎６,98000.0,9000.0,98000.0,98000.0,2,1R,24.94,2,2,東長崎駅,6,10.67,109923.35,82826.39,227,879,1,0.09828737663775233
https://suumo.jp/chintai/jnc_000106837402/?bc=100504531349,西武池袋線 東長崎駅 2階建 築2年,東京都新宿区西落合４,68000.0,4000.0,,68000.0,2,1R,12.84,2,2,東長崎駅,8,12.67,109923.35,82826.39,227,879,1,0.09578136421105177
https://suumo.jp/chintai/jnc_000106429067/?bc=100501513890,西武池袋線 東長崎駅 2階建 築28年,東京都豊島区南長崎５,57000.0,2000.0,,,2,1R,16.35,28,2,東長崎駅,2,7.67,109923.35,82826.39,227,879,1,0.069338081254111
https://suumo.jp/chintai/jnc_000106569114/?bc=100503701171,西武池袋線 東長崎駅 2階建 築13年,東京都新宿区西落合４,73000.0,5000.0,73000.0,73000.0,2,1R,17.67,13,2,東長崎駅,6,9.00,109923.35,82826.39,227,879,1,0.11492764689223844
https://suumo.jp/chintai/jnc_000105873988/?bc=100486106427,西武池袋線 東長崎駅 2階建 築10年,東京都豊島区南長崎６,66000.0,4000.0,,,2,1R,10.32,10,2,東長崎駅,4,10.00,109923.35,82826.39,227,879,1,0.09751694340443007
https://suumo.jp/chintai/jnc_000045067274/?bc=100486652669,アイコート東長崎,東京都豊島区長崎４,55000.0,6000.0,,,3,1R,17.39,26,3,東長崎駅,3,8.67,109923.35,82826.39,227,879,1,0.10170368752171366
https://suumo.jp/chintai/jnc_000105679708/?bc=100504206344,西武池袋線 東長崎駅 10階建 築3年,東京都豊島区南長崎５,122000.0,15000.0,122000.0,,8,1R,25.47,3,10,東長崎駅,1,8.67,109923.35,82826.39,227,879,1,0.018270961829107257
https://suumo.jp/chintai/jnc_000107210383/?bc=100498632923,ハイムハセガワ,東京都豊島区長崎４,152000.0,8000.0,152000.0,,3,1LDK,47.0,38,3,東長崎駅,5,10.67,109923.35,170377.07,227,811,1,0.10544533750631824
https://suumo.jp/chintai/jnc_000104902880/?bc=100489073231,西武池袋線 東長崎駅 7階建 築2年,東京都新宿区西落合４,141000.0,10000.0,,141000.0,1,1K,36.74,2,7,東長崎駅,8,9.33,109923.35,98445.68,227,1447,1,0.10526232492948878
https://suumo.jp/chintai/jnc_000106548169/?bc=100504695835,西武池袋線 東長崎駅 7階建 築2年,東京都新宿区西落合４,135000.0,10000.0,,135000.0,5,1DK,29.06,2,7,東長崎駅,8,9.33,109923.35,130743.78,227,402,1,0.13531010452179537
https://suumo.jp/chintai/jnc_000102783829/?bc=100477443190,西武池袋線 東長崎駅 6階建 築7年,東京都豊島区南長崎５,128000.0,10000.0,128000.0,128000.0,4,1K,32.94,7,6,東長崎駅,3,9.33,109923.35,98445.68,227,1447,1,0.11631063597438662
https://suumo.jp/chintai/jnc_000106916054/?bc=100504953750,西武池袋線 東長崎駅 6階建 築13年,東京都豊島区南長崎５,94000.0,15000.0,94000.0,94000.0,6,1K,22.87,13,6,東長崎駅,4,11.33,109923.35,98445.68,227,1447,1,0.10527546254755238
https://suumo.jp/chintai/jnc_000106822444/?bc=100504851304,西武池袋線 東長崎駅 4階建 築3年,東京都豊島区南長崎５,95500.0,4600.0,,191000.0,1,1K,24.48,3,4,東長崎駅,3,10.33,109923.35,98445.68,227,1447,1,0.12964980650337032
https://suumo.jp/chintai/jnc_000106467534/?bc=100501806729,西武池袋線 東長崎駅 4階建 築36年,東京都豊島区長崎４,75000.0,5000.0,75000.0,75000.0,4,1K,26.35,36,4,東長崎駅,5,10.00,109923.35,98445.68,227,1447,1,0.13434151511342124
https://suumo.jp/chintai/jnc_000065618277/?bc=100504348597,西武池袋線 東長崎駅 4階建 築36年,東京都豊島区長崎４,75000.0,5000.0,75000.0,75000.0,4,1K,19.38,36,4,東長崎駅,5,10.00,109923.35,98445.68,227,1447,1,0.12941212996406987
https://suumo.jp/chintai/jnc_000105773425/?bc=100497718685,西武池袋線 東長崎駅 4階建 築21年,東京都豊島区南長崎５,82000.0,3000.0,82000.0,82000.0,2,1K,25.2,21,4,東長崎駅,3,10.00,109923.35,98445.68,227,1447,1,0.1260202156102822
https://suumo.jp/chintai/jnc_000103570844/?bc=100478606642,西武池袋線 東長崎駅 3階建 築8年,東京都新宿区西落合４,92000.0,7000.0,92000.0,,1,1K,25.04,8,3,東長崎駅,9,9.00,109923.35,98445.68,227,1447,1,0.14198166669612777
https://suumo.jp/chintai/jnc_000105698203/?bc=100497573160,ペディオIII,東京都豊島区南長崎６,136000.0,3500.0,,272000.0,3,1LDK,43.67,14,4,東長崎駅,4,10.00,109923.35,170377.07,227,811,1,0.09456341497020576
https://suumo.jp/chintai/jnc_000104920338/?bc=100505242113,西武池袋線 東長崎駅 7階建 築25年,東京都豊島区南長崎５,112000.0,6000.0,112000.0,112000.0,5,1DK,33.72,25,7,東長崎駅,3,8.67,109923.35,130743.78,227,402,1,0.1314488271147491
https://suumo.jp/chintai/jnc_000106456506/?bc=100500410593,ハルルボス,東京都豊島区南長崎６,94000.0,5500.0,,188000.0,2,1K,24.61,15,2,東長崎駅,3,10.00,109923.35,98445.68,227,1447,1,0.13381399481568612
https://suumo.jp/chintai/jnc_000106732651/?bc=100503618250,西武池袋線 東長崎駅 3階建 築5年,東京都豊島区南長崎６,101000.0,3300.0,101000.0,101000.0,2,1K,25.83,5,3,東長崎駅,4,11.33,109923.35,98445.68,227,1447,1,0.12920446896675108
https://suumo.jp/chintai/jnc_000106446202/?bc=100506280081,エスペランサ１６,東京都豊島区南長崎６,45000.0,2000.0,,45000.0,2,1R,12.0,48,4,東長崎駅,6,10.33,109923.35,82826.39,227,879,1,0.03195007307275061
https://suumo.jp/chintai/jnc_000104615185/?bc=100486998501,サンシティカネコ,東京都豊島区南長崎５,70000.0,4000.0,,70000.0,2,1DK,28.08,39,4,東長崎駅,6,10.67,109923.35,130743.78,227,402,1,0.14646684789449455
https://suumo.jp/chintai/jnc_000105930043/?bc=100497328696,西武池袋線 東長崎駅 3階建 築34年,東京都豊島区南長崎６,83000.0,,83000.0,83000.0,1,1K,24.8,34,3,東長崎駅,6,10.67,109923.35,98445.68,227,1447,1,0.1482813389314271
https://suumo.jp/chintai/jnc_000106539810/?bc=100502191094,パヴェブランカ,東京都豊島区南長崎６,85000.0,4000.0,,85000.0,2,1K,25.78,22,8,東長崎駅,5,11.00,109923.35,98445.68,227,1447,1,0.13768257089229946
https://suumo.jp/chintai/jnc_000106908890/?bc=100505828645,西武池袋線 東長崎駅 3階建 築26年,東京都豊島区長崎４,64000.0,3000.0,64000.0,64000.0,1,1K,19.87,26,3,東長崎駅,3,10.33,109923.35,98445.68,227,1447,1,0.11348336753001587
https://suumo.jp/chintai/jnc_000107088223/?bc=100506377821,西武池袋線 東長崎駅 3階建 築21年,東京都豊島区南長崎３,85000.0,5200.0,85000.0,85000.0,1,1K,26.04,21,3,東長崎駅,6,7.67,109923.35,98445.68,227,1447,1,0.14391785191033057
https://suumo.jp/chintai/jnc_000085170306/?bc=100502274498,西武池袋線 東長崎駅 2階建 築44年,東京都豊島区長崎４,68000.0,2000.0,68000.0,,2,1K,22.28,44,2,東長崎駅,6,11.00,109923.35,98445.68,227,1447,1,0.10255594584060373
https://suumo.jp/chintai/jnc_000106419701/?bc=100503809210,西武池袋線 東長崎駅 2階建 築34年,東京都豊島区長崎５,55000.0,,,,2,1K,18.04,34,2,東長崎駅,5,11.67,109923.35,98445.68,227,1447,1,0.12764786080529872
https://suumo.jp/chintai/jnc_000106549005/?bc=100503629202,西武池袋線 東長崎駅 2階建 築28年,東京都豊島区南長崎４,79000.0,,79000.0,79000.0,2,1K,26.93,28,2,東長崎駅,4,8.00,109923.35,98445.68,227,1447,1,0.12479003148073264
https://suumo.jp/chintai/jnc_000106789117/?bc=100503950205,西武池袋線 東長崎駅 2階建 築28年,東京都豊島区南長崎４,77000.0,,77000.0,77000.0,1,1K,25.42,28,2,東長崎駅,4,8.00,109923.35,98445.68,227,1447,1,0.1236706491946924
https://suumo.jp/chintai/jnc_000106740384/?bc=100503952538,ハイムさくら,東京都豊島区南長崎６,60000.0,,60000.0,60000.0,2,1K,24.79,39,2,東長崎駅,5,11.00,109923.35,98445.68,227,1447,1,0.12901654809612
https://suumo.jp/chintai/jnc_000106390071/?bc=100501469182,ドヌール長崎,東京都豊島区長崎３,120000.0,2000.0,120000.0,240000.0,1,1LDK,34.17,12,3,東長崎駅,5,8.33,109923.35,170377.07,227,811,1,0.07324501857971982
https://suumo.jp/chintai/jnc_000107032760/?bc=100502075832,西武池袋線 東長崎駅 2階建 築26年,東京都新宿区西落合４,81000.0,5500.0,,81000.0,1,1K,19.87,26,2,東長崎駅,8,10.00,109923.35,98445.68,227,1447,1,0.13609337568629376
https://suumo.jp/chintai/jnc_000101286767/?bc=100501462417,西武池袋線 東長崎駅 2階建 築18年,東京都豊島区長崎５,96000.0,5500.0,,96000.0,2,1K,19.87,18,2,東長崎駅,7,13.00,109923.35,98445.68,227,1447,1,0.1385912802108631
https://suumo.jp/chintai/jnc_000106429053/?bc=100501462434,西武池袋線 東長崎駅 2階建 築18年,東京都豊島区長崎５,90000.0,5500.0,,90000.0,1,1K,19.87,18,2,東長崎駅,7,13.00,109923.35,98445.68,227,1447,1,0.13537731232831812
https://suumo.jp/chintai/jnc_000106072752/?bc=100498526626,カネタビル,東京都新宿区西落合４,113000.0,6000.0,113000.0,113000.0,1,1R,38.1,54,3,東長崎駅,9,11.33,109923.35,82826.39,227,879,1,0.06189100393717706
https://suumo.jp/chintai/jnc_000106372358/?bc=100501010392,キャッスル西落合,東京都新宿区西落合４,78000.0,7000.0,,,2,1R,19.61,39,6,東長崎駅,6,8.67,109923.35,82826.39,227,879,1,0.09847457164373552
https://suumo.jp/chintai/jnc_000107059367/?bc=100506053429,キャッスル西落合,東京都新宿区西落合４,70000.0,7000.0,,,4,1R,17.28,39,6,東長崎駅,6,8.67,109923.35,82826.39,227,879,1,0.08765127994231953
https://suumo.jp/chintai/jnc_000105122659/?bc=100490784392,キャッスル西落合,東京都新宿区西落合４,78000.0,7000.0,,,4,1R,19.61,39,6,東長崎駅,6,8.67,109923.35,82826.39,227,879,1,0.09180051113341037
https://suumo.jp/chintai/jnc_000099972064/?bc=100501462416,西武池袋線 東長崎駅 2階建 築18年,東京都豊島区長崎５,91000.0,5500.0,,91000.0,1,1K,19.87,18,2,東長崎駅,7,13.00,109923.35,98445.68,227,1447,1,0.13537731232831812
https://suumo.jp/chintai/jnc_000106423516/?bc=100505076286,西武池袋線 東長崎駅 2階建 築17年,東京都豊島区長崎３,86000.0,3000.0,43000.0,129000.0,2,1K,23.02,17,2,東長崎駅,6,9.33,109923.35,98445.68,227,1447,1,0.13679760914222694
https://suumo.jp/chintai/jnc_000106697056/?bc=100504887321,ハーモニーレジデンス東京ウエスト,東京都豊島区南長崎５,94000.0,15000.0,94000.0,94000.0,6,1K,22.87,13,6,東長崎駅,4,9.33,109923.35,98445.68,227,1447,1,0.10051736040064418
https://suumo.jp/chintai/jnc_000106061686/?bc=100386376997,グラバー邸,東京都豊島区長崎５,63000.0,3000.0,63000.0,63000.0,2,1R,15.0,35,5,東長崎駅,5,11.33,109923.35,82826.39,227,879,1,0.09263770017502276
https://suumo.jp/chintai/jnc_000102905876/?bc=100487830775,グラバー邸,東京都豊島区長崎５,62000.0,3000.0,62000.0,,3,1R,12.69,35,5,東長崎駅,5,11.33,109923.35,82826.39,227,879,1,0.08089202006395735
https://suumo.jp/chintai/jnc_000106670186/?bc=100503160739,西武池袋線 東長崎駅 2階建 築15年,東京都豊島区南長崎６,94000.0,5500.0,,188000.0,2,1K,24.61,15,2,東長崎駅,2,10.00,109923.35,98445.68,227,1447,1,0.12211524577578442
https://suumo.jp/chintai/jnc_000106778361/?bc=100504980030,西武池袋線 東長崎駅 2階建 築13年,東京都豊島区長崎５,91000.0,3000.0,,182000.0,2,1K,31.23,13,2,東長崎駅,5,12.33,109923.35,98445.68,227,1447,1,0.12265672817932105
https://suumo.jp/chintai/jnc_000106740367/?bc=100503804364,グランツ,東京都豊島区長崎５,93000.0,4000.0,,186000.0,1,1K,25.33,6,2,東長崎駅,5,11.67,109923.35,98445.68,227,1447,1,0.13936943155223197
https://suumo.jp/chintai/jnc_000106908889/?bc=100504889993,グランドールナガサキ,東京都豊島区長崎４,64000.0,3000.0,64000.0,64000.0,1,1K,19.87,26,3,東長崎駅,3,10.33,109923.35,98445.68,227,1447,1,0.11348336753001587
https://suumo.jp/chintai/jnc_000038204448/?bc=100491022227,武部ビル,東京都豊島区長崎４,55000.0,,,,3,1R,17.18,39,3,東長崎駅,3,10.33,109923.35,82826.39,227,879,1,0.09805940725835843
https://suumo.jp/chintai/jnc_000106766315/?bc=100504207590,グレースマツミ,東京都豊島区南長崎４,77000.0,,77000.0,77000.0,1,1K,25.42,28,2,東長崎駅,4,11.33,109923.35,98445.68,227,1447,1,0.127792095681803
https://suumo.jp/chintai/jnc_000106515820/?bc=100502207433,グレースマツミ,東京都豊島区南長崎４,79000.0,,79000.0,79000.0,2,1K,26.93,28,2,東長崎駅,4,11.33,109923.35,98445.68,227,1447,1,0.12919647231900755
https://suumo.jp/chintai/jnc_000106916056/?bc=100487388673,東長崎センチュリー21,東京都豊島区南長崎５,59000.0,,59000.0,59000.0,3,1R,14.12,42,5,東長崎駅,2,11.00,109923.35,82826.39,227,879,1,0.06542081914755721
https://suumo.jp/chintai/jnc_000106916055/?bc=100505108328,東長崎センチュリー21,東京都豊島区南長崎５,50000.0,7000.0,50000.0,50000.0,2,1R,14.12,42,5,東長崎駅,2,11.00,109923.35,82826.39,227,879,1,0.05951538844685006
https://suumo.jp/chintai/jnc_000094710948/?bc=100185101462,東長崎シェアハウス★女性限定★初期費用15万円以内,東京都豊島区南長崎５,30000.0,,,,2,1R,11.55,56,2,東長崎駅,6,11.00,109923.35,82826.39,227,879,1,0.043029599265163365
https://suumo.jp/chintai/jnc_000106678457/?bc=100503252088,西武池袋線 東長崎駅 3階建 築37年,東京都豊島区南長崎６,175000.0,5000.0,175000.0,,3,4SLDK,85.8,37,3,東長崎駅,5,10.33,109923.35,192500.00,227,2,1,0.028571180227483506
https://suumo.jp/chintai/jnc_000105818496/?bc=100471610896,佐久千曲ハウス東,東京都豊島区南長崎６,55000.0,,55000.0,55000.0,2,1R,17.96,37,3,東長崎駅,4,9.67,109923.35,82826.39,227,879,1,0.10430352952588912
https://suumo.jp/chintai/jnc_000105479696/?bc=100505077532,エミリブ東長崎,東京都豊島区南長崎５,231000.0,20000.0,231000.0,,10,2LDK,51.83,7,11,東長崎駅,1,8.67,109923.35,243512.76,227,392,1,0.0013572741826001211
https://suumo.jp/chintai/jnc_000105792637/?bc=100492927907,佐久千曲ハウス,東京都豊島区南長崎６,55000.0,,55000.0,55000.0,2,1R,17.96,37,3,東長崎駅,4,9.67,109923.35,82826.39,227,879,1,0.10430352952588912
https://suumo.jp/chintai/jnc_000084625863/?bc=100501688208,コーポ星,東京都豊島区長崎４,68000.0,2000.0,68000.0,,2,1K,22.28,44,2,東長崎駅,6,11.33,109923.35,98445.68,227,1447,1,0.10092381425437175
https://suumo.jp/chintai/jnc_000105488961/?bc=100493718144,コラージュ東長崎,東京都豊島区長崎４,75000.0,4000.0,,75000.0,1,1K,18.26,5,3,東長崎駅,6,11.33,109923.35,98445.68,227,1447,1,0.13336304717199277
https://suumo.jp/chintai/jnc_000106429066/?bc=100501471062,ルミネ南長崎,東京都豊島区南長崎４,53000.0,5000.0,,,2,1R,13.0,56,3,東長崎駅,4,7.33,109923.35,82826.39,227,879,1,0.05574250279983145
https://suumo.jp/chintai/jnc_000105962188/?bc=100504892337,ライベストコート南長崎,東京都豊島区南長崎６,75000.0,5000.0,75000.0,75000.0,4,1R,19.46,37,4,東長崎駅,8,11.00,109923.35,82826.39,227,879,1,0.09637567802821578
https://suumo.jp/chintai/jnc_000106199734/?bc=100499643437,サンシティカネコ,東京都豊島区南長崎５,72000.0,4000.0,,72000.0,3,1DK,28.08,39,4,東長崎駅,6,10.67,109923.35,130743.78,227,402,1,0.14472969007799663
https://suumo.jp/chintai/jnc_000105645646/?bc=100497028303,ザ・パークハビオ東長崎,東京都豊島区南長崎５,125000.0,15000.0,125000.0,125000.0,10,1K,25.47,3,10,東長崎駅,1,10.33,109923.35,98445.68,227,1447,1,0.05003919551775493
https://suumo.jp/chintai/jnc_000105645648/?bc=100495123690,ザ・パークハビオ東長崎,東京都豊島区南長崎５,122000.0,15000.0,122000.0,,8,1R,25.47,3,10,東長崎駅,1,10.33,109923.35,82826.39,227,879,1,0.02369683163909081
https://suumo.jp/chintai/jnc_000106678455/?bc=100504096511,サウス長崎,東京都豊島区南長崎４,73000.0,5000.0,73000.0,,2,1K,25.0,57,4,東長崎駅,5,10.67,109923.35,98445.68,227,1447,1,0.1089487714390654
https://suumo.jp/chintai/jnc_000107020306/?bc=100482948400,西武池袋線 椎名町駅 3階建 新築,東京都新宿区中落合２,241000.0,12500.0,241000.0,120500.0,2,2LDK,58.96,0,3,椎名町駅,10,10.33,116892.37,243512.76,262,392,1,0.07488715320600409
https://suumo.jp/chintai/jnc_000107020309/?bc=100482948416,西武池袋線 椎名町駅 3階建 新築,東京都新宿区中落合２,240000.0,12500.0,240000.0,120000.0,3,2LDK,54.94,0,3,椎名町駅,10,10.33,116892.37,243512.76,262,392,1,0.0795093863144608
https://suumo.jp/chintai/jnc_000107020310/?bc=100482608444,西武池袋線 椎名町駅 3階建 新築,東京都新宿区中落合２,236000.0,12500.0,236000.0,118000.0,3,2LDK,57.2,0,3,椎名町駅,10,10.33,116892.37,243512.76,262,392,1,0.07749367159430898
https://suumo.jp/chintai/jnc_000100474324/?bc=100501337831,YM椎名町,東京都豊島区長崎２,77000.0,10000.0,77000.0,77000.0,3,1R,19.0,38,3,椎名町駅,3,11.00,116892.37,82826.39,262,879,1,0.08651961157769339
https://suumo.jp/chintai/jnc_000107027326/?bc=100505982643,目白my village,東京都豊島区目白５,135000.0,5000.0,135000.0,135000.0,4,1DK,32.45,12,11,椎名町駅,7,10.67,116892.37,130743.78,262,402,1,0.13850004915013203
https://suumo.jp/chintai/jnc_000100503920/?bc=100399612462,YM椎名町　椎名町ハイム,東京都豊島区長崎２,77000.0,10000.0,77000.0,77000.0,3,1R,19.0,38,3,椎名町駅,3,11.67,116892.37,82826.39,262,879,1,0.08422808006251775
https://suumo.jp/chintai/jnc_000106914748/?bc=100504939102,西武池袋線 椎名町駅 2階建 築32年,東京都豊島区南長崎２,97000.0,,97000.0,97000.0,1,2K,38.83,32,2,椎名町駅,7,14.00,116892.37,136763.16,262,114,1,0.02202257594613416
https://suumo.jp/chintai/jnc_000107027327/?bc=100505825268,西武池袋線 椎名町駅 11階建 築12年,東京都豊島区目白５,135000.0,5000.0,135000.0,135000.0,4,1DK,32.45,12,11,椎名町駅,7,10.67,116892.37,130743.78,262,402,1,0.13850004915013203
https://suumo.jp/chintai/jnc_000106862505/?bc=100504982266,西武池袋線 椎名町駅 10階建 築2年,東京都新宿区下落合４,142000.0,6000.0,142000.0,,5,1DK,25.22,2,10,椎名町駅,9,11.67,116892.37,130743.78,262,402,1,0.1256747563804001
https://suumo.jp/chintai/jnc_000107052881/?bc=100506180098,エヴェナール落合,東京都新宿区中落合２,65000.0,10000.0,,65000.0,2,1R,14.68,40,4,椎名町駅,8,11.00,116892.37,82826.39,262,879,1,0.08503069482209924
https://suumo.jp/chintai/jnc_000106897361/?bc=100504982268,西武池袋線 椎名町駅 10階建 築2年,東京都新宿区下落合４,141000.0,6000.0,141000.0,,4,1DK,25.22,2,10,椎名町駅,9,11.67,116892.37,130743.78,262,402,1,0.13228961843989478
https://suumo.jp/chintai/jnc_000106843363/?bc=100504496695,西武池袋線 椎名町駅 10階建 築2年,東京都新宿区下落合４,138000.0,6000.0,138000.0,,2,1DK,25.22,2,10,椎名町駅,9,11.67,116892.37,130743.78,262,402,1,0.1346557681217569
https://suumo.jp/chintai/jnc_000106831048/?bc=100506687579,目白プライムレジデンス,東京都新宿区下落合４,95000.0,13000.0,,95000.0,7,1K,26.11,20,9,椎名町駅,7,9.67,116892.37,98445.68,262,1447,1,0.10678320320486617
https://suumo.jp/chintai/jnc_000106862504/?bc=100504982267,西武池袋線 椎名町駅 10階建 築2年,東京都新宿区下落合４,143000.0,6000.0,143000.0,,10,1DK,25.22,2,10,椎名町駅,9,11.67,116892.37,130743.78,262,402,1,0.09397796364300304
https://suumo.jp/chintai/jnc_000106372353/?bc=100505260607,目白シティ,東京都新宿区中落合２,113000.0,5800.0,,226000.0,5,1K,33.85,19,7,椎名町駅,8,11.00,116892.37,98445.68,262,1447,1,0.11969840006964899
https://suumo.jp/chintai/jnc_000106466812/?bc=100502216859,都営大江戸線 落合南長崎駅 7階建 築32年,東京都新宿区中落合３,185000.0,,185000.0,185000.0,7,2LDK,50.14,32,7,椎名町駅,8,10.67,116892.37,243512.76,262,392,1,0.06246456994967392
https://suumo.jp/chintai/jnc_000107032754/?bc=100505909020,目白シティ,東京都新宿区中落合２,108500.0,5800.0,,217000.0,2,1K,33.85,19,7,椎名町駅,8,11.00,116892.37,98445.68,262,1447,1,0.12825563409039648
https://suumo.jp/chintai/jnc_000107033312/?bc=100507041981,ＺＯＯＭ椎名町駅前,東京都豊島区西池袋４,118000.0,7000.0,118000.0,118000.0,4,1R,33.2,15,12,椎名町駅,2,10.67,116892.37,82826.39,262,879,1,0.06367208308642447
https://suumo.jp/chintai/jnc_000098862581/?bc=100499559791,椎名町マイコーポ,東京都豊島区南長崎２,58000.0,5000.0,58000.0,58000.0,1,1K,23.26,56,5,椎名町駅,6,9.67,116892.37,98445.68,262,1447,1,0.09197422271335493
https://suumo.jp/chintai/jnc_000105773422/?bc=100497782652,パラシオン椎名町,東京都豊島区南長崎２,96000.0,10000.0,96000.0,96000.0,2,1K,27.06,38,4,椎名町駅,6,10.67,116892.37,98445.68,262,1447,1,0.13840833795263835
https://suumo.jp/chintai/jnc_000099571660/?bc=100445171616,クレッセント椎名町,東京都豊島区南長崎２,61000.0,,61000.0,61000.0,1,1K,20.0,38,3,椎名町駅,3,10.33,116892.37,98445.68,262,1447,1,0.12033429865096223
https://suumo.jp/chintai/jnc_000106795309/?bc=100494867715,CASA BRISAS parte N,東京都豊島区目白５,151000.0,6000.0,,302000.0,3,1LDK,40.26,14,3,椎名町駅,5,13.00,116892.37,170377.07,262,811,1,0.1096174030815173
https://suumo.jp/chintai/jnc_000106053191/?bc=100261490542,中川ハウス,東京都新宿区中落合３,75000.0,1000.0,75000.0,75000.0,1,1K,21.74,21,2,椎名町駅,9,10.00,116892.37,98445.68,262,1447,1,0.10825695983287359
https://suumo.jp/chintai/jnc_000106315400/?bc=100503118206,プライムアーバン目白,東京都新宿区下落合３,117000.0,8000.0,117000.0,117000.0,9,1K,25.34,21,14,椎名町駅,9,10.67,116892.37,98445.68,262,1447,1,0.07466822713157306
https://suumo.jp/chintai/jnc_000106813496/?bc=100506672211,ドミールさくら,東京都豊島区長崎１,96000.0,6000.0,96000.0,96000.0,1,1K,27.21,15,3,椎名町駅,3,11.00,116892.37,98445.68,262,1447,1,0.13832119302275042
https://suumo.jp/chintai/jnc_000104789534/?bc=100488229564,シティーハイム健,東京都豊島区長崎３,68000.0,3000.0,68000.0,,1,2K,33.0,39,2,椎名町駅,9,11.33,116892.37,136763.16,262,114,1,0.007118905500854811
https://suumo.jp/chintai/jnc_000106309434/?bc=100500526823,ファミールハイツ,東京都豊島区南長崎２,97000.0,,97000.0,97000.0,1,2K,38.83,32,2,椎名町駅,7,11.00,116892.37,136763.16,262,114,1,0.035020875368224236
https://suumo.jp/chintai/jnc_000106889399/?bc=100504837244,南長崎ハイツ,東京都豊島区南長崎１,76000.0,5000.0,76000.0,76000.0,1,1K,23.1,27,5,椎名町駅,2,13.33,116892.37,98445.68,262,1447,1,0.09878145705113783
https://suumo.jp/chintai/jnc_000106889401/?bc=100506316462,南長崎ハイツ,東京都豊島区南長崎１,79000.0,5000.0,79000.0,79000.0,4,1K,23.1,27,5,椎名町駅,2,13.33,116892.37,98445.68,262,1447,1,0.09675636602651083
https://suumo.jp/chintai/jnc_000106689555/?bc=100503310822,パラシオン椎名町,東京都豊島区南長崎２,70000.0,4000.0,70000.0,70000.0,1,1K,24.5,38,4,椎名町駅,6,10.67,116892.37,98445.68,262,1447,1,0.1382468748607823
https://suumo.jp/chintai/jnc_000106415277/?bc=100505463294,西武池袋線 椎名町駅 4階建 築6年,東京都豊島区南長崎１,90000.0,5000.0,90000.0,,2,1K,20.8,6,4,椎名町駅,6,11.67,116892.37,98445.68,262,1447,1,0.14579432673024278
https://suumo.jp/chintai/jnc_000105763467/?bc=100504359286,西武池袋線 椎名町駅 5階建 築4年,東京都豊島区南長崎２,105500.0,12000.0,,105500.0,5,1K,26.87,4,5,椎名町駅,7,9.33,116892.37,98445.68,262,1447,1,0.1331437400770893
https://suumo.jp/chintai/jnc_000106678462/?bc=100505875026,ａＬＡＴＯ　Ｍｅｊｉｒｏ,東京都豊島区目白５,142000.0,10000.0,142000.0,,1,2K,30.2,0,4,椎名町駅,6,11.33,116892.37,136763.16,262,114,1,0.04585466262792598
https://suumo.jp/chintai/jnc_000106678461/?bc=100505875022,ａＬＡＴＯ　Ｍｅｊｉｒｏ,東京都豊島区目白５,159000.0,10000.0,159000.0,,1,2K,33.45,0,4,椎名町駅,6,11.33,116892.37,136763.16,262,114,1,0.046455382973836834
https://suumo.jp/chintai/jnc_000106326314/?bc=100506863377,ＪＲ山手線 目白駅 14階建 築21年,東京都新宿区下落合３,115000.0,8000.0,115000.0,,12,1R,24.97,21,14,椎名町駅,9,10.67,116892.37,82826.39,262,879,1,0.010371622843601935
https://suumo.jp/chintai/jnc_000106670190/?bc=100505874999,ａＬＡＴＯ　Ｍｅｊｉｒｏ,東京都豊島区目白５,145000.0,10000.0,145000.0,,2,2K,30.2,0,4,椎名町駅,6,11.33,116892.37,136763.16,262,114,1,0.05560351028904992
https://suumo.jp/chintai/jnc_000106670189/?bc=100505904348,ａＬＡＴＯ　Ｍｅｊｉｒｏ,東京都豊島区目白５,162000.0,10000.0,162000.0,,2,2K,33.45,0,4,椎名町駅,6,11.33,116892.37,136763.16,262,114,1,0.05553020663455055
https://suumo.jp/chintai/jnc_000106991502/?bc=100505567083,サンテミリオン目白西,東京都新宿区中落合２,84000.0,9000.0,84000.0,84000.0,4,1K,23.29,25,9,椎名町駅,8,10.00,116892.37,98445.68,262,1447,1,0.13166377097600535
https://suumo.jp/chintai/jnc_000096096621/?bc=100505722928,アーバンプレイス椎名町,東京都豊島区南長崎２,50000.0,3000.0,,,1,1R,11.0,18,2,椎名町駅,5,11.00,116892.37,82826.39,262,879,1,0.08459800464538508
https://suumo.jp/chintai/jnc_000106713053/?bc=100505875006,ａＬＡＴＯ　Ｍｅｊｉｒｏ,東京都豊島区目白５,146000.0,10000.0,146000.0,,3,2K,30.2,0,4,椎名町駅,6,11.33,116892.37,136763.16,262,114,1,0.0545279212098434
https://suumo.jp/chintai/jnc_000106315399/?bc=100504013570,プライムアーバン目白,東京都新宿区下落合３,115000.0,8000.0,115000.0,115000.0,12,1R,24.97,21,14,椎名町駅,9,10.67,116892.37,82826.39,262,879,1,0.010371622843601935
https://suumo.jp/chintai/jnc_000106678464/?bc=100505875028,ａＬＡＴＯ　Ｍｅｊｉｒｏ,東京都豊島区目白５,163000.0,10000.0,163000.0,,3,2K,33.45,0,4,椎名町駅,6,11.33,116892.37,136763.16,262,114,1,0.05476973509857336
https://suumo.jp/chintai/jnc_000106713057/?bc=100505904499,ａＬＡＴＯ　Ｍｅｊｉｒｏ,東京都豊島区目白５,140000.0,10000.0,140000.0,,4,2K,27.75,0,4,椎名町駅,6,11.33,116892.37,136763.16,262,114,1,0.050738090001170744
https://suumo.jp/chintai/jnc_000106582864/?bc=100502658551,サンクチュアリ南長崎,東京都豊島区南長崎２,71000.0,4000.0,,71000.0,2,1R,10.0,9,2,椎名町駅,8,12.00,116892.37,82826.39,262,879,1,0.09529341613196918
https://suumo.jp/chintai/jnc_000106713056/?bc=100505904504,ａＬＡＴＯ　Ｍｅｊｉｒｏ,東京都豊島区目白５,154000.0,10000.0,154000.0,,4,2K,31.05,0,4,椎名町駅,6,11.33,116892.37,136763.16,262,114,1,0.0525539627988475
https://suumo.jp/chintai/jnc_000106109099/?bc=100499254248,サンテミリオン目白西,東京都新宿区中落合２,80000.0,8000.0,80000.0,80000.0,1,1R,23.29,25,9,椎名町駅,8,10.00,116892.37,82826.39,262,879,1,0.08513185225968706
https://suumo.jp/chintai/jnc_000105590942/?bc=100506223528,サンテミリオン目白西,東京都新宿区中落合２,82000.0,10000.0,82000.0,82000.0,2,1R,23.29,25,9,椎名町駅,8,10.00,116892.37,82826.39,262,879,1,0.07747164103467669
https://suumo.jp/chintai/jnc_000106061053/?bc=100506672148,サンテミリオン目白西,東京都新宿区中落合２,82000.0,10000.0,,82000.0,2,1R,25.52,25,9,椎名町駅,8,10.00,116892.37,82826.39,262,879,1,0.07598151922559199
https://suumo.jp/chintai/jnc_000106765960/?bc=100506128354,サンテミリオン目白西,東京都新宿区中落合２,85000.0,7000.0,85000.0,85000.0,3,1R,23.47,25,9,椎名町駅,8,10.00,116892.37,82826.39,262,879,1,0.08947257684958354
https://suumo.jp/chintai/jnc_000106684037/?bc=100505453433,サンテミリオン目白西,東京都新宿区中落合２,84000.0,9000.0,84000.0,84000.0,4,1R,23.29,25,9,椎名町駅,8,10.00,116892.37,82826.39,262,879,1,0.08275376140537744
https://suumo.jp/chintai/jnc_000106813502/?bc=100475582069,サンハイツ,東京都豊島区南長崎２,49000.0,3000.0,,,1,1R,15.5,36,2,椎名町駅,8,10.33,116892.37,82826.39,262,879,1,0.07789113114172963
https://suumo.jp/chintai/jnc_000106445437/?bc=100506671924,中落合３丁目,東京都新宿区中落合３,123000.0,,123000.0,123000.0,1,2DK,48.78,33,3,椎名町駅,9,10.67,116892.37,135945.31,262,128,1,0.05575965521361004
https://suumo.jp/chintai/jnc_000031960369/?bc=100506991097,グローリア初穂椎名町,東京都豊島区西池袋４,59000.0,9000.0,59000.0,,5,1K,16.95,38,12,椎名町駅,2,10.67,116892.37,98445.68,262,1447,1,0.06353877868413349
https://suumo.jp/chintai/jnc_000106719676/?bc=100503517604,日神デュオステージ新宿中落合,東京都新宿区中落合３,90000.0,8000.0,90000.0,90000.0,7,1K,21.28,23,9,椎名町駅,8,10.33,116892.37,98445.68,262,1447,1,0.1137615255478967
https://suumo.jp/chintai/jnc_000106689156/?bc=100503524115,日神デュオステージ新宿中落合,東京都新宿区中落合３,90000.0,8000.0,90000.0,90000.0,9,1K,21.28,23,9,椎名町駅,8,10.33,116892.37,98445.68,262,1447,1,0.1001850792563751
https://suumo.jp/chintai/jnc_000106451719/?bc=100501811538,日興パレス目白,東京都豊島区目白４,70000.0,3000.0,70000.0,70000.0,1,1K,19.24,36,3,椎名町駅,6,14.67,116892.37,98445.68,262,1447,1,0.09572697314829542
https://suumo.jp/chintai/jnc_000107096889/?bc=100506188096,スワンレイクイン目白ストリート,東京都豊島区南長崎２,86000.0,4000.0,86000.0,86000.0,3,1K,20.25,24,4,椎名町駅,9,11.33,116892.37,98445.68,262,1447,1,0.1416144367794261
https://suumo.jp/chintai/jnc_000107170464/?bc=100506671743,グローリア初穂椎名町,東京都豊島区西池袋４,65000.0,,65000.0,,7,1K,16.74,38,12,椎名町駅,2,10.67,116892.37,98445.68,262,1447,1,0.047074865263996624
https://suumo.jp/chintai/jnc_000106183657/?bc=100483128636,村田荘,東京都豊島区南長崎２,47000.0,,47000.0,47000.0,2,1K,21.61,57,2,椎名町駅,7,10.00,116892.37,98445.68,262,1447,1,0.08552272793653382
https://suumo.jp/chintai/jnc_000106663134/?bc=100503274784,ザ・パークハビオ目白タワー,東京都豊島区目白５,218000.0,25000.0,218000.0,218000.0,4,2DK,44.64,2,19,椎名町駅,4,10.33,116892.37,135945.31,262,128,-1,-0.03226585489887768
https://suumo.jp/chintai/jnc_000106120928/?bc=100499025004,グランド南長崎,東京都豊島区南長崎１,99000.0,1000.0,99000.0,,2,1K,24.17,6,3,椎名町駅,3,7.00,116892.37,98445.68,262,1447,1,0.09269011598902016
https://suumo.jp/chintai/jnc_000106903621/?bc=100505022343,ＪＲ山手線 目白駅 10階建 築28年,東京都新宿区下落合４,82000.0,10000.0,82000.0,82000.0,7,1K,23.25,28,10,椎名町駅,9,10.67,116892.37,98445.68,262,1447,1,0.09306892751570583
https://suumo.jp/chintai/jnc_000106854230/?bc=100504638648,ＪＲ山手線 目白駅 10階建 築28年,東京都新宿区下落合４,88000.0,6000.0,88000.0,88000.0,9,1K,23.25,28,10,椎名町駅,9,10.67,116892.37,98445.68,262,1447,1,0.08272361606472867
https://suumo.jp/chintai/jnc_000106822446/?bc=100500892831,ティーベリー目白,東京都豊島区目白５,79000.0,2000.0,79000.0,,2,1K,22.35,18,2,椎名町駅,6,11.00,116892.37,98445.68,262,1447,1,0.12078892905021515
https://suumo.jp/chintai/jnc_000106641083/?bc=100502982922,ハーモニーテラス南長崎II,東京都豊島区南長崎２,68000.0,4000.0,,,1,1R,10.53,8,2,椎名町駅,7,12.00,116892.37,82826.39,262,879,1,0.09731931128300086
https://suumo.jp/chintai/jnc_000106119935/?bc=100499092326,グリーンヒルＶＩＩ,東京都新宿区中落合３,74000.0,,74000.0,,1,1K,18.9,29,4,椎名町駅,8,10.67,116892.37,98445.68,262,1447,1,0.13912047443803233
https://suumo.jp/chintai/jnc_000106772442/?bc=100503945036,アスカルカーサ,東京都豊島区南長崎１,127000.0,8000.0,127000.0,127000.0,4,2DK,42.57,28,10,椎名町駅,5,12.67,116892.37,135945.31,262,128,1,0.039992427780878026
https://suumo.jp/chintai/jnc_000106813139/?bc=100505003327,Ｋｅｎｓ目白,東京都新宿区下落合３,193000.0,5000.0,,,1,3DK,53.0,36,3,椎名町駅,13,13.00,116892.37,180500.00,262,16,1,0.021341688051663754
https://suumo.jp/chintai/jnc_000106761451/?bc=100505170468,ＪＲ山手線 目白駅 2階建 築21年,東京都新宿区下落合４,83000.0,3000.0,83000.0,83000.0,1,1K,25.87,21,2,椎名町駅,11,12.67,116892.37,98445.68,262,1447,1,0.10152471355276088
https://suumo.jp/chintai/jnc_000106597824/?bc=100502652904,都営大江戸線 落合南長崎駅 2階建 築28年,東京都豊島区南長崎１,90000.0,4500.0,,90000.0,1,1K,23.4,28,2,椎名町駅,6,10.00,116892.37,98445.68,262,1447,1,0.13638895726209277
https://suumo.jp/chintai/jnc_000107206663/?bc=100505354482,ドエル目白,東京都豊島区目白５,63000.0,,63000.0,,1,1R,17.64,35,3,椎名町駅,6,11.00,116892.37,82826.39,262,879,1,0.11022086982776069
https://suumo.jp/chintai/jnc_000105658671/?bc=100495552920,ＪＲ山手線 目白駅 9階建 築20年,東京都新宿区下落合４,100000.0,13000.0,,100000.0,4,1K,26.11,20,9,椎名町駅,7,9.67,116892.37,98445.68,262,1447,1,0.133999764005162
https://suumo.jp/chintai/jnc_000105792636/?bc=100497504189,西武池袋線 椎名町駅 6階建 築58年,東京都豊島区南長崎３,85000.0,5000.0,85000.0,85000.0,2,2DK,34.02,58,6,椎名町駅,7,8.33,116892.37,135945.31,262,128,1,0.04306555283254765
https://suumo.jp/chintai/jnc_000105843529/?bc=100502460232,ダイホープラザ目白,東京都豊島区目白５,62000.0,6000.0,62000.0,62000.0,2,1R,16.6,37,4,椎名町駅,4,10.67,116892.37,82826.39,262,879,1,0.10787126505721994
https://suumo.jp/chintai/jnc_000106713047/?bc=100503475901,ダイタクコーポ椎名町,東京都豊島区南長崎２,49000.0,3000.0,,49000.0,1,1K,15.5,35,2,椎名町駅,8,10.67,116892.37,98445.68,262,1447,1,0.09733012037891986
https://suumo.jp/chintai/jnc_000107021006/?bc=100499099517,ANNEX椎名町,東京都豊島区長崎２,135000.0,6000.0,135000.0,135000.0,1,1LDK,46.06,21,3,椎名町駅,7,11.67,116892.37,170377.07,262,811,1,0.10990367780244598
https://suumo.jp/chintai/jnc_000107169517/?bc=100506682387,ＪＲ山手線 目白駅 9階建 築20年,東京都新宿区下落合４,95000.0,13000.0,,95000.0,7,1K,26.11,20,9,椎名町駅,7,9.67,116892.37,98445.68,262,1447,1,0.10678320320486617
https://suumo.jp/chintai/jnc_000105049173/?bc=100490219442,Apartments椎名町,東京都豊島区南長崎１,118000.0,3000.0,,118000.0,3,1LDK,30.14,3,3,椎名町駅,4,11.33,116892.37,170377.07,262,811,1,0.07315960072322747
https://suumo.jp/chintai/jnc_000106461052/?bc=100493543628,CASA BRISAS parte N,東京都豊島区目白５,156000.0,6500.0,,312000.0,3,1LDK,40.26,14,3,椎名町駅,5,13.00,116892.37,170377.07,262,811,1,0.1132987793744818
https://suumo.jp/chintai/jnc_000106900893/?bc=100504823783,西武池袋線 椎名町駅 7階建 築18年,東京都豊島区南長崎１,158000.0,,158000.0,316000.0,2,2DK,50.64,18,7,椎名町駅,3,10.67,116892.37,135945.31,262,128,1,0.04422798963956148
https://suumo.jp/chintai/jnc_000106882445/?bc=100504839335,メッツエステート,東京都豊島区南長崎１,158000.0,,158000.0,316000.0,2,2DK,50.64,18,7,椎名町駅,3,11.67,116892.37,135945.31,262,128,1,0.038848999712018495
https://suumo.jp/chintai/jnc_000105467475/?bc=100498781067,CASA BRISAS parte N,東京都豊島区目白５,161000.0,6500.0,,322000.0,3,1LDK,40.26,14,3,椎名町駅,5,13.00,116892.37,170377.07,262,811,1,0.1132987793744818
https://suumo.jp/chintai/jnc_000106316195/?bc=100500931981,西武池袋線 椎名町駅 7階建 築11年,東京都豊島区目白５,88000.0,10000.0,88000.0,88000.0,3,1K,20.54,11,7,椎名町駅,6,11.00,116892.37,98445.68,262,1447,1,0.14158993662726715
https://suumo.jp/chintai/jnc_000105249541/?bc=100467040200,パークホームズ落合南長崎,東京都豊島区南長崎２,271000.0,19000.0,271000.0,271000.0,2,3LDK,68.98,9,5,椎名町駅,10,11.67,116892.37,281205.13,262,156,-1,-0.010483484074764626
https://suumo.jp/chintai/jnc_000106900894/?bc=100506504636,西武池袋線 椎名町駅 5階建 築27年,東京都豊島区南長崎１,76000.0,5000.0,76000.0,76000.0,1,1K,23.1,27,5,椎名町駅,5,12.00,116892.37,98445.68,262,1447,1,0.13469515368997065
https://suumo.jp/chintai/jnc_000106569845/?bc=100501008424,ＣＡＳＡ　ＢＲＩＳＡＳ　ｐａｒｔｅＮ,東京都豊島区目白５,156000.0,6500.0,,312000.0,3,1LDK,40.26,14,3,椎名町駅,4,10.33,116892.37,170377.07,262,811,1,0.12107789009395031
https://suumo.jp/chintai/jnc_000106979199/?bc=100505449259,西武池袋線 椎名町駅 3階建 築13年,東京都豊島区長崎２,88000.0,,88000.0,88000.0,2,1K,24.84,13,3,椎名町駅,9,13.00,116892.37,98445.68,262,1447,1,0.14142489365696576
https://suumo.jp/chintai/jnc_000105517817/?bc=100501934026,グリーンヒルＶＩＩ,東京都新宿区中落合３,74000.0,,74000.0,,2,1K,18.8,29,4,椎名町駅,8,10.67,116892.37,98445.68,262,1447,1,0.14288855994054445
https://suumo.jp/chintai/jnc_000106316196/?bc=100500839623,西武池袋線 椎名町駅 7階建 築11年,東京都豊島区目白５,89000.0,10000.0,89000.0,89000.0,4,1K,20.54,11,7,椎名町駅,6,11.00,116892.37,98445.68,262,1447,1,0.13702152799840922
https://suumo.jp/chintai/jnc_000104379089/?bc=100091940498,長崎2丁目ハウスヌーボォ,東京都豊島区長崎２,92000.0,3000.0,92000.0,92000.0,4,1K,28.79,32,5,椎名町駅,6,10.67,116892.37,98445.68,262,1447,1,0.12581523083591534
https://suumo.jp/chintai/jnc_000107013460/?bc=100505635292,西武池袋線 椎名町駅 3階建 築12年,東京都豊島区南長崎２,85000.0,2000.0,,85000.0,1,1K,24.74,12,3,椎名町駅,7,10.33,116892.37,98445.68,262,1447,1,0.12076533077792662
https://suumo.jp/chintai/jnc_000106966258/?bc=100505384808,西武池袋線 椎名町駅 7階建 築19年,東京都新宿区中落合２,108500.0,5800.0,,217000.0,2,1K,33.85,19,7,椎名町駅,8,11.00,116892.37,98445.68,262,1447,1,0.12825563409039648
https://suumo.jp/chintai/jnc_000106460181/?bc=100501737400,目白ロイヤルホームズ,東京都新宿区下落合４,74000.0,3000.0,,74000.0,5,1R,18.38,39,7,椎名町駅,10,11.33,116892.37,82826.39,262,879,1,0.03796884805555989
https://suumo.jp/chintai/jnc_000105104729/?bc=100497925444,西武池袋線 椎名町駅 5階建 築23年,東京都豊島区目白５,155000.0,11000.0,,155000.0,4,1DK,31.75,23,5,椎名町駅,5,11.00,116892.37,130743.78,262,402,1,0.14738743630672602
https://suumo.jp/chintai/jnc_000106784120/?bc=100484697739,パークホームズ落合南長崎,東京都豊島区南長崎２,248000.0,15000.0,248000.0,248000.0,2,2SLDK,66.68,9,5,椎名町駅,10,11.67,116892.37,276060.00,262,25,1,0.026342716827684742
https://suumo.jp/chintai/jnc_000104809403/?bc=100488340530,目白ロイヤルホームズ,東京都新宿区下落合４,72000.0,3000.0,,72000.0,4,1R,18.02,39,7,椎名町駅,10,11.33,116892.37,82826.39,262,879,1,0.049188081832096275
https://suumo.jp/chintai/jnc_000106428539/?bc=100480636114,西武池袋線 椎名町駅 地下1地上4階建 築8年,東京都新宿区下落合４,158000.0,8000.0,158000.0,158000.0,2,1LDK,43.25,8,5,椎名町駅,7,10.33,116892.37,170377.07,262,811,1,0.12748024167338073
https://suumo.jp/chintai/jnc_000106966764/?bc=100499361740,西武池袋線 椎名町駅 地下1地上3階建 築21年,東京都豊島区南長崎２,140000.0,5000.0,140000.0,140000.0,2,1LDK,46.28,21,4,椎名町駅,7,10.33,116892.37,170377.07,262,811,1,0.11332557305105956
https://suumo.jp/chintai/jnc_000106925364/?bc=100506142005,ソルテ千早,東京都豊島区千早２,180000.0,7000.0,180000.0,270000.0,1,1LDK,54.87,3,2,椎名町駅,10,13.67,116892.37,170377.07,262,811,1,0.06283498278705496
https://suumo.jp/chintai/jnc_000106925364/?bc=100506142005,ソルテ千早,東京都豊島区千早２,180000.0,7000.0,180000.0,270000.0,2,1LDK,54.87,3,2,椎名町駅,10,13.67,116892.37,170377.07,262,811,1,0.06411232203368872
https://suumo.jp/chintai/jnc_000107216416/?bc=100507013625,フレンシア椎名町,東京都豊島区長崎１,168000.0,6000.0,168000.0,168000.0,3,1LDK,32.45,8,12,椎名町駅,2,11.67,116892.37,170377.07,262,811,1,0.07077076866117982
https://suumo.jp/chintai/jnc_000107216432/?bc=100507007349,西武池袋線 椎名町駅 2階建 築41年,東京都豊島区南長崎３,49000.0,2000.0,,,1,1K,15.0,41,2,椎名町駅,8,9.33,116892.37,98445.68,262,1447,1,0.0722303781307655
https://suumo.jp/chintai/jnc_000106140610/?bc=100498965091,西武池袋線 椎名町駅 2階建 築22年,東京都豊島区南長崎２,72000.0,4000.0,72000.0,72000.0,1,1K,20.58,22,2,椎名町駅,8,12.00,116892.37,98445.68,262,1447,1,0.13657355628509732
https://suumo.jp/chintai/jnc_000106373394/?bc=100501462425,西武池袋線 椎名町駅 2階建 築19年,東京都豊島区南長崎２,102000.0,5500.0,,102000.0,1,1K,19.87,19,2,椎名町駅,8,13.00,116892.37,98445.68,262,1447,1,0.1316661625813717
https://suumo.jp/chintai/jnc_000106539806/?bc=100502217011,アネックス椎名町,東京都豊島区南長崎１,100000.0,10000.0,,200000.0,1,1K,25.47,7,4,椎名町駅,5,14.00,116892.37,98445.68,262,1447,1,0.12503945871196748
https://suumo.jp/chintai/jnc_000013355752/?bc=100500422581,ライプワン目白,東京都新宿区下落合４,90000.0,10000.0,90000.0,90000.0,7,1DK,33.0,37,7,椎名町駅,9,10.00,116892.37,130743.78,262,402,1,0.1151211881599346
https://suumo.jp/chintai/jnc_000106635403/?bc=100502925856,アネックス椎名町,東京都豊島区南長崎１,107000.0,10000.0,,214000.0,3,1K,25.3,7,4,椎名町駅,5,14.00,116892.37,98445.68,262,1447,1,0.12934620930272006
https://suumo.jp/chintai/jnc_000106670188/?bc=100506671798,ザ・パークハビオ目白タワー,東京都豊島区目白５,156000.0,15000.0,156000.0,156000.0,7,1DK,31.92,2,19,椎名町駅,4,10.33,116892.37,130743.78,262,402,1,0.07750266740587425
https://suumo.jp/chintai/jnc_000106713052/?bc=100505875013,ａＬＡＴＯ　Ｍｅｊｉｒｏ,東京都豊島区目白５,155000.0,10000.0,155000.0,,1,1K,31.96,0,4,椎名町駅,6,11.33,116892.37,98445.68,262,1447,1,0.11827460754587621
https://suumo.jp/chintai/jnc_000107148242/?bc=100506816246,西武池袋線 椎名町駅 8階建 築22年,東京都豊島区南長崎１,80000.0,10000.0,,80000.0,7,1K,21.21,22,8,椎名町駅,1,11.00,116892.37,98445.68,262,1447,1,0.071425403802022
https://suumo.jp/chintai/jnc_000106740388/?bc=100499236995,西武池袋線 椎名町駅 8階建 築1年,東京都豊島区目白５,168000.0,10000.0,168000.0,168000.0,8,1LDK,38.98,1,8,椎名町駅,6,10.67,116892.37,170377.07,262,811,1,0.08182619843820016
https://suumo.jp/chintai/jnc_000105018310/?bc=100491942841,西武池袋線 椎名町駅 8階建 築2年,東京都新宿区中落合３,135000.0,11000.0,,135000.0,2,1K,25.5,2,8,椎名町駅,7,10.33,116892.37,98445.68,262,1447,1,0.13220612797123826
https://suumo.jp/chintai/jnc_000106067577/?bc=100505285674,西武池袋線 椎名町駅 3階建 築40年,東京都豊島区長崎２,75000.0,3000.0,75000.0,75000.0,1,1DK,26.0,40,3,椎名町駅,3,11.33,116892.37,130743.78,262,402,1,0.1191020711080576
https://suumo.jp/chintai/jnc_000105241951/?bc=100491942916,西武池袋線 椎名町駅 8階建 築2年,東京都新宿区中落合３,137000.0,11000.0,,137000.0,2,1K,25.5,2,8,椎名町駅,7,10.33,116892.37,98445.68,262,1447,1,0.13176025002192
https://suumo.jp/chintai/jnc_000105041803/?bc=100446281967,西武池袋線 椎名町駅 8階建 築2年,東京都新宿区中落合３,136000.0,11000.0,,136000.0,3,1K,25.5,2,8,椎名町駅,7,10.33,116892.37,98445.68,262,1447,1,0.1343188144122704
https://suumo.jp/chintai/jnc_000106670191/?bc=100505875009,ａＬＡＴＯ　Ｍｅｊｉｒｏ,東京都豊島区目白５,119000.0,10000.0,119000.0,,2,1K,25.06,0,4,椎名町駅,6,11.33,116892.37,98445.68,262,1447,1,0.14175168252102638
https://suumo.jp/chintai/jnc_000106582865/?bc=100506118078,keep　right　南長崎,東京都豊島区南長崎２,80000.0,5000.0,80000.0,,1,1R,18.25,6,3,椎名町駅,6,15.33,116892.37,82826.39,262,879,1,0.08425653326447996
https://suumo.jp/chintai/jnc_000063100744/?bc=100505887060,インプレスト目白ヒルズ,東京都新宿区下落合４,150000.0,,150000.0,150000.0,8,1LDK,31.58,17,14,椎名町駅,9,10.67,116892.37,170377.07,262,811,1,0.0420122956588907
https://suumo.jp/chintai/jnc_000103735320/?bc=100481520374,ザ・パークハビオ目白タワー,東京都豊島区目白５,175000.0,20000.0,175000.0,,10,1LDK,33.3,2,19,椎名町駅,4,10.33,116892.37,170377.07,262,811,-1,-0.0011582639085889745
https://suumo.jp/chintai/jnc_000106756684/?bc=100501956881,ホワイトキューブ南長崎,東京都豊島区南長崎２,140000.0,5000.0,140000.0,140000.0,2,1LDK,46.28,21,3,椎名町駅,8,11.33,116892.37,170377.07,262,811,1,0.10475114132695096
https://suumo.jp/chintai/jnc_000105357736/?bc=100470139967,西武池袋線 椎名町駅 8階建 築2年,東京都新宿区中落合３,138000.0,11000.0,,138000.0,3,1K,25.5,2,8,椎名町駅,7,10.33,116892.37,98445.68,262,1447,1,0.1342814102502231
https://suumo.jp/chintai/jnc_000107129440/?bc=100506310092,アプレシティ椎名町,東京都豊島区南長崎１,80000.0,10000.0,,80000.0,7,1K,21.21,22,8,椎名町駅,1,11.33,116892.37,98445.68,262,1447,1,0.06874827649854359
https://suumo.jp/chintai/jnc_000098215307/?bc=100435355687,ザ・パークハビオ目白タワー,東京都豊島区目白５,178000.0,20000.0,178000.0,178000.0,11,1LDK,34.67,2,19,椎名町駅,4,10.33,116892.37,170377.07,262,811,-1,-0.004160901455211308
https://suumo.jp/chintai/jnc_000105018311/?bc=100448398324,西武池袋線 椎名町駅 8階建 築2年,東京都新宿区中落合３,137000.0,11000.0,,137000.0,5,1K,25.5,2,8,椎名町駅,7,10.33,116892.37,98445.68,262,1447,1,0.12617299729115572
https://suumo.jp/chintai/jnc_000104868094/?bc=100488783671,目白ピアンタ,東京都豊島区目白５,123000.0,,,,7,1LDK,47.77,34,11,椎名町駅,5,10.67,116892.37,170377.07,262,811,1,0.05763574192260773
https://suumo.jp/chintai/jnc_000105645644/?bc=100494959482,ＣＯＣＯＣＵＢＥ椎名町,東京都豊島区南長崎１,118000.0,8000.0,,118000.0,1,1K,28.84,4,5,椎名町駅,4,10.33,116892.37,98445.68,262,1447,1,0.1364263331230114
https://suumo.jp/chintai/jnc_000105329301/?bc=100499513322,ＧＥＮＯＶＩＡ椎名町,東京都豊島区南長崎１,146000.0,15000.0,,,5,1LDK,31.31,3,12,椎名町駅,5,10.00,116892.37,170377.07,262,811,1,0.07680165713805209
https://suumo.jp/chintai/jnc_000106140609/?bc=100498427374,CKスクエア,東京都豊島区南長崎２,72000.0,4000.0,72000.0,72000.0,1,1K,20.58,22,2,椎名町駅,8,12.00,116892.37,98445.68,262,1447,1,0.13657355628509732
https://suumo.jp/chintai/jnc_000105689523/?bc=100499236851,西武池袋線 椎名町駅 6階建 築58年,東京都豊島区南長崎３,108000.0,,108000.0,,4,1LDK,42.56,58,6,椎名町駅,7,8.33,116892.37,170377.07,262,811,1,0.06312077377104608
https://suumo.jp/chintai/jnc_000106950674/?bc=100505275876,アンジュール高松,東京都豊島区長崎２,149000.0,6000.0,,,1,1LDK,37.56,5,3,椎名町駅,5,11.00,116892.37,170377.07,262,811,1,0.116682786986809
https://suumo.jp/chintai/jnc_000107206662/?bc=100506918481,ＧＥＮＯＶＩＡ椎名町,東京都豊島区南長崎１,150000.0,15000.0,,,3,1K,25.78,3,12,椎名町駅,5,10.00,116892.37,98445.68,262,1447,1,0.10249231540920262
https://suumo.jp/chintai/jnc_000106978477/?bc=100505476059,西武池袋線 椎名町駅 9階建 築25年,東京都新宿区中落合２,84000.0,9000.0,84000.0,84000.0,4,1K,23.29,25,9,椎名町駅,8,10.00,116892.37,98445.68,262,1447,1,0.13166377097600535
https://suumo.jp/chintai/jnc_000103792662/?bc=100480850144,ヴェルト池袋ウエストフォート,東京都豊島区南長崎１,87000.0,10000.0,,87000.0,9,1K,20.45,23,10,椎名町駅,3,11.00,116892.37,98445.68,262,1447,1,0.0739635579418721
https://suumo.jp/chintai/jnc_000106870925/?bc=100504469969,西武池袋線 椎名町駅 12階建 築3年,東京都豊島区南長崎１,150000.0,15000.0,,,10,1LDK,31.31,3,12,椎名町駅,5,10.00,116892.37,170377.07,262,811,1,0.04254003974256276
https://suumo.jp/chintai/jnc_000105664386/?bc=100496025659,ＧＥＮＯＶＩＡ椎名町,東京都豊島区南長崎１,145000.0,15000.0,,,5,1LDK,29.74,3,12,椎名町駅,5,10.00,116892.37,170377.07,262,811,1,0.07272307514693227
https://suumo.jp/chintai/jnc_000107045865/?bc=100506316794,西武池袋線 椎名町駅 地下3地上3階建 築17年,東京都豊島区南長崎１,80000.0,3000.0,80000.0,80000.0,2,1K,21.11,17,6,椎名町駅,6,10.33,116892.37,98445.68,262,1447,1,0.13131624684549992
https://suumo.jp/chintai/jnc_000106415276/?bc=100501423394,notice椎名町,東京都豊島区南長崎１,90000.0,5000.0,90000.0,,2,1K,20.8,6,5,椎名町駅,3,11.00,116892.37,98445.68,262,1447,1,0.13069627773961146
https://suumo.jp/chintai/jnc_000107123559/?bc=100506327790,西武池袋線 椎名町駅 地下3地上3階建 築17年,東京都豊島区南長崎１,80000.0,3000.0,80000.0,80000.0,3,1K,21.11,17,6,椎名町駅,6,10.33,116892.37,98445.68,262,1447,1,0.12877658478721288
https://suumo.jp/chintai/jnc_000106423524/?bc=100501638266,椎名町レジデンス,東京都豊島区南長崎１,59000.0,3000.0,59000.0,59000.0,3,1R,12.76,5,3,椎名町駅,5,14.67,116892.37,82826.39,262,879,1,0.06548952199523567
https://suumo.jp/chintai/jnc_000106183655/?bc=100505958612,アリュイッテ椎名町,東京都豊島区南長崎１,160000.0,8000.0,160000.0,160000.0,2,1LDK,39.76,7,4,椎名町駅,4,11.00,116892.37,170377.07,262,811,1,0.1246753685276325
https://suumo.jp/chintai/jnc_000105756413/?bc=100504386444,ガリシア南長崎,東京都豊島区南長崎２,105500.0,12000.0,,105500.0,5,1K,26.87,4,5,椎名町駅,7,9.33,116892.37,98445.68,262,1447,1,0.1331437400770893
https://suumo.jp/chintai/jnc_000104910382/?bc=100489579706,レックス目白プライムシティ,東京都豊島区目白５,140000.0,10000.0,,140000.0,2,1R,34.55,19,11,椎名町駅,7,12.67,116892.37,82826.39,262,879,1,0.06470880046986477
https://suumo.jp/chintai/jnc_000104101653/?bc=100494808764,ＧＥＮＯＶＩＡ椎名町,東京都豊島区南長崎１,154000.0,15000.0,,,12,1LDK,31.31,3,12,椎名町駅,5,10.00,116892.37,170377.07,262,811,1,0.03575313461659191
https://suumo.jp/chintai/jnc_000106905983/?bc=100504497981,レックス目白プライムシティ,東京都豊島区目白５,130000.0,10000.0,,130000.0,2,1R,34.55,19,11,椎名町駅,7,12.67,116892.37,82826.39,262,879,1,0.06630961085609427
https://suumo.jp/chintai/jnc_000107020300/?bc=100486919647,NOBEL中落合,東京都新宿区中落合２,256000.0,12500.0,256000.0,128000.0,3,3LDK,66.85,0,3,椎名町駅,10,10.33,116892.37,281205.13,262,156,1,0.011710700887537562
https://suumo.jp/chintai/jnc_000105364893/?bc=100500375516,eStier,東京都豊島区南長崎１,135000.0,3000.0,67500.0,202500.0,1,1LDK,40.46,15,1,椎名町駅,2,10.67,116892.37,170377.07,262,811,1,0.06775673576775898
https://suumo.jp/chintai/jnc_000106309441/?bc=100500536849,フェルクルールプレスト目白,東京都豊島区目白５,88000.0,10000.0,88000.0,88000.0,3,1K,20.54,11,8,椎名町駅,6,9.67,116892.37,98445.68,262,1447,1,0.1387608419116002
https://suumo.jp/chintai/jnc_000106903976/?bc=100504829466,コーポ　シネラリア,東京都豊島区南長崎２,60000.0,,60000.0,,2,1R,14.93,40,3,椎名町駅,8,10.00,116892.37,82826.39,262,879,1,0.0944548779516246
https://suumo.jp/chintai/jnc_000106838173/?bc=100505634688,ＧＥＮＯＶＩＡ椎名町,東京都豊島区南長崎１,150000.0,15000.0,,,10,1LDK,31.31,3,12,椎名町駅,5,10.00,116892.37,170377.07,262,811,1,0.04254003974256276
https://suumo.jp/chintai/jnc_000107021007/?bc=100499158413,西武池袋線 椎名町駅 3階建 築21年,東京都豊島区長崎２,135000.0,6000.0,135000.0,135000.0,1,1LDK,46.06,21,3,椎名町駅,7,11.67,116892.37,170377.07,262,811,1,0.10990367780244598
https://suumo.jp/chintai/jnc_000105664387/?bc=100504358807,西武池袋線 椎名町駅 12階建 築3年,東京都豊島区南長崎１,145000.0,15000.0,,,5,1LDK,29.74,3,12,椎名町駅,5,10.00,116892.37,170377.07,262,811,1,0.07272307514693227
https://suumo.jp/chintai/jnc_000098231620/?bc=100501416072,西武池袋線 椎名町駅 19階建 築2年,東京都豊島区目白５,178000.0,20000.0,178000.0,178000.0,11,1LDK,34.67,2,19,椎名町駅,7,13.00,116892.37,170377.07,262,811,1,0.0037055000532856264
https://suumo.jp/chintai/jnc_000106795310/?bc=100502075511,西武池袋線 椎名町駅 3階建 築14年,東京都豊島区目白５,156000.0,6500.0,,312000.0,3,1LDK,40.26,14,3,椎名町駅,5,11.00,116892.37,170377.07,262,811,1,0.1244422298451397
https://suumo.jp/chintai/jnc_000105013264/?bc=100506671870,第一メゾン北原,東京都豊島区南長崎１,49000.0,3000.0,49000.0,,3,1SK,20.2,49,4,椎名町駅,7,10.33,116892.37,138076.92,262,13,1,0.028297820146195418
https://suumo.jp/chintai/jnc_000106678465/?bc=100505875027,ａＬＡＴＯ　Ｍｅｊｉｒｏ,東京都豊島区目白５,164000.0,10000.0,164000.0,,4,1LDK,34.42,0,4,椎名町駅,6,11.33,116892.37,170377.07,262,811,1,0.11642996285613716
https://suumo.jp/chintai/jnc_000106678466/?bc=100505875025,ａＬＡＴＯ　Ｍｅｊｉｒｏ,東京都豊島区目白５,170000.0,10000.0,170000.0,,4,1LDK,36.66,0,4,椎名町駅,6,11.33,116892.37,170377.07,262,811,1,0.11859061313715485
https://suumo.jp/chintai/jnc_000106082007/?bc=100505715288,ＧＥＮＯＶＩＡ椎名町,東京都豊島区南長崎１,124000.0,10000.0,,,4,1K,25.78,3,12,椎名町駅,5,10.00,116892.37,98445.68,262,1447,1,0.11467357337752754
https://suumo.jp/chintai/jnc_000106991873/?bc=100505825701,アスピシャス　ベリー,東京都豊島区長崎２,119000.0,3900.0,,,2,1LDK,42.05,10,3,椎名町駅,7,12.33,116892.37,170377.07,262,811,1,0.10590580349378981
https://suumo.jp/chintai/jnc_000106931817/?bc=100506115616,西武池袋線 椎名町駅 2階建 築3年,東京都豊島区千早２,180000.0,7000.0,180000.0,270000.0,1,1LDK,54.87,3,2,椎名町駅,10,13.67,116892.37,170377.07,262,811,1,0.06283498278705496
https://suumo.jp/chintai/jnc_000106931817/?bc=100506115616,西武池袋線 椎名町駅 2階建 築3年,東京都豊島区千早２,180000.0,7000.0,180000.0,270000.0,2,1LDK,54.87,3,2,椎名町駅,10,13.67,116892.37,170377.07,262,811,1,0.06411232203368872
https://suumo.jp/chintai/jnc_000104623900/?bc=100494282402,西武池袋線 椎名町駅 3階建 新築,東京都新宿区中落合２,188000.0,10500.0,188000.0,376000.0,1,1LDK,51.16,0,3,椎名町駅,10,10.33,116892.37,170377.07,262,811,1,0.08675901695660754
https://suumo.jp/chintai/jnc_000103218058/?bc=100493559689,Ｆｕｌｌｅａ椎名町,東京都豊島区南長崎１,165000.0,15000.0,165000.0,,2,1LDK,39.95,4,4,椎名町駅,5,11.33,116892.37,170377.07,262,811,1,0.11430975583361486
https://suumo.jp/chintai/jnc_000106697060/?bc=100505904426,ａＬＡＴＯ　Ｍｅｊｉｒｏ,東京都豊島区目白５,147000.0,10000.0,147000.0,,4,1DK,30.0,0,4,椎名町駅,6,11.33,116892.37,130743.78,262,402,1,0.15230527229330637
https://suumo.jp/chintai/jnc_000106322167/?bc=100504839333,ラ・メゾン長崎ＸII（Ａ．Ｏ．Ｔ）,東京都豊島区南長崎１,145000.0,5000.0,,145000.0,2,1LDK,46.95,4,7,椎名町駅,4,10.00,116892.37,170377.07,262,811,1,0.0976581901085265
https://suumo.jp/chintai/jnc_000107021026/?bc=100505765641,Ｄｉｍｏｒａ南長崎,東京都豊島区南長崎２,95000.0,4000.0,,95000.0,1,1DK,30.41,6,2,椎名町駅,5,9.67,116892.37,130743.78,262,402,1,0.14415347111546772
https://suumo.jp/chintai/jnc_000107033326/?bc=100505867936,CASITA南長崎,東京都豊島区南長崎１,80000.0,3000.0,80000.0,80000.0,3,1K,21.11,17,3,椎名町駅,6,11.00,116892.37,98445.68,262,1447,1,0.1353064672474214
https://suumo.jp/chintai/jnc_000104995900/?bc=100475918058,プレサンス新宿中落合メーディオ,東京都新宿区中落合３,137000.0,11000.0,,137000.0,5,1K,25.5,2,8,椎名町駅,8,11.00,116892.37,98445.68,262,1447,1,0.12241813218246006
https://suumo.jp/chintai/jnc_000104995899/?bc=100392095597,プレサンス新宿中落合メーディオ,東京都新宿区中落合３,138000.0,11000.0,,138000.0,3,1K,25.5,2,8,椎名町駅,8,11.00,116892.37,98445.68,262,1447,1,0.13310471864208634
https://suumo.jp/chintai/jnc_000107039762/?bc=100506077816,CASITA南長崎,東京都豊島区南長崎１,80000.0,3000.0,80000.0,80000.0,2,1K,21.11,17,3,椎名町駅,6,11.00,116892.37,98445.68,262,1447,1,0.14058546042136305
https://suumo.jp/chintai/jnc_000104995898/?bc=100392031586,プレサンス新宿中落合メーディオ,東京都新宿区中落合３,136000.0,11000.0,,136000.0,3,1K,25.5,2,8,椎名町駅,8,11.00,116892.37,98445.68,262,1447,1,0.13312314218367494
https://suumo.jp/chintai/jnc_000104995897/?bc=100392095651,プレサンス新宿中落合メーディオ,東京都新宿区中落合３,137000.0,11000.0,,137000.0,2,1K,25.5,2,8,椎名町駅,8,11.00,116892.37,98445.68,262,1447,1,0.13057587936526555
https://suumo.jp/chintai/jnc_000104995896/?bc=100494583488,プレサンス新宿中落合メーディオ,東京都新宿区中落合３,135000.0,11000.0,,135000.0,2,1K,25.5,2,8,椎名町駅,8,11.00,116892.37,98445.68,262,1447,1,0.13100391640825487
https://suumo.jp/chintai/jnc_000106087995/?bc=100503605553,西武池袋線 椎名町駅 12階建 築3年,東京都豊島区南長崎１,124000.0,10000.0,,,4,1K,25.78,3,12,椎名町駅,5,10.00,116892.37,98445.68,262,1447,1,0.11467357337752754
https://suumo.jp/chintai/jnc_000106959798/?bc=100506644146,フェニックス目白五丁目,東京都豊島区目白５,78000.0,5000.0,78000.0,78000.0,9,1K,20.34,27,11,椎名町駅,7,11.33,116892.37,98445.68,262,1447,1,0.07219680893447017
https://suumo.jp/chintai/jnc_000106837377/?bc=100506671906,コンフォリア・リヴ下落合,東京都新宿区下落合４,142000.0,6000.0,142000.0,,5,1DK,25.22,2,10,椎名町駅,9,11.00,116892.37,130743.78,262,402,1,0.12536051579497215
https://suumo.jp/chintai/jnc_000106837376/?bc=100504602276,コンフォリア・リヴ下落合,東京都新宿区下落合４,141000.0,6000.0,141000.0,,4,1DK,25.22,2,10,椎名町駅,9,11.00,116892.37,130743.78,262,402,1,0.13198064115667935
https://suumo.jp/chintai/jnc_000104997651/?bc=100491022218,fortuna目白,東京都豊島区目白５,155000.0,11000.0,,155000.0,4,1DK,31.75,23,5,椎名町駅,5,10.33,116892.37,130743.78,262,402,1,0.1458496027137005
https://suumo.jp/chintai/jnc_000107170484/?bc=100506810833,西武池袋線 椎名町駅 11階建 築27年,東京都豊島区目白５,78000.0,5000.0,78000.0,78000.0,9,1K,20.34,27,11,椎名町駅,7,12.00,116892.37,98445.68,262,1447,1,0.0682484653888275
https://suumo.jp/chintai/jnc_000106837375/?bc=100504743010,コンフォリア・リヴ下落合,東京都新宿区下落合４,138000.0,6000.0,138000.0,,2,1DK,25.22,2,10,椎名町駅,9,11.00,116892.37,130743.78,262,402,1,0.1343486735325029
https://suumo.jp/chintai/jnc_000105955356/?bc=100500513974,目白my village,東京都豊島区目白５,125000.0,5000.0,125000.0,125000.0,4,1DK,30.06,12,11,椎名町駅,7,10.67,116892.37,130743.78,262,402,1,0.138807885259693
https://suumo.jp/chintai/jnc_000107148243/?bc=100506479324,西武池袋線 椎名町駅 3階建 築24年,東京都豊島区南長崎２,98000.0,6000.0,98000.0,98000.0,2,1K,26.53,24,3,椎名町駅,6,10.33,116892.37,98445.68,262,1447,1,0.15283007559446904
https://suumo.jp/chintai/jnc_000107210397/?bc=100507041371,西武池袋線 椎名町駅 11階建 築20年,東京都豊島区南長崎１,100000.0,,,100000.0,11,1K,20.43,20,11,椎名町駅,7,10.33,116892.37,98445.68,262,1447,1,0.07777223807516226
https://suumo.jp/chintai/jnc_000106837374/?bc=100504977187,コンフォリア・リヴ下落合,東京都新宿区下落合４,143000.0,6000.0,143000.0,,10,1DK,25.22,2,10,椎名町駅,9,11.00,116892.37,130743.78,262,402,1,0.09508047406636194
https://suumo.jp/chintai/jnc_000107155587/?bc=100506424169,西武池袋線 椎名町駅 10階建 築16年,東京都豊島区目白５,100000.0,11000.0,,200000.0,9,1K,21.17,16,10,椎名町駅,4,10.00,116892.37,98445.68,262,1447,1,0.0834210389766133
https://suumo.jp/chintai/jnc_000106697059/?bc=100505904430,ａＬＡＴＯ　Ｍｅｊｉｒｏ,東京都豊島区目白５,148000.0,10000.0,148000.0,,3,1DK,30.0,0,4,椎名町駅,6,11.33,116892.37,130743.78,262,402,1,0.1543366897870715
https://suumo.jp/chintai/jnc_000105721215/?bc=100495971645,西武池袋線 椎名町駅 10階建 築12年,東京都新宿区中落合３,95000.0,8000.0,,95000.0,9,1K,25.69,12,10,椎名町駅,8,9.33,116892.37,98445.68,262,1447,1,0.092624216635119
https://suumo.jp/chintai/jnc_000041870594/?bc=100501599470,ベルメゾンメジロ,東京都豊島区目白５,60000.0,,60000.0,,1,1DK,24.0,38,3,椎名町駅,7,11.67,116892.37,130743.78,262,402,1,0.1421638434207137
https://suumo.jp/chintai/jnc_000106713054/?bc=100505904425,ａＬＡＴＯ　Ｍｅｊｉｒｏ,東京都豊島区目白５,120000.0,10000.0,120000.0,,3,1K,25.06,0,4,椎名町駅,6,11.33,116892.37,98445.68,262,1447,1,0.14168078169104242
https://suumo.jp/chintai/jnc_000106838174/?bc=100504740805,ヴィラージュK,東京都豊島区南長崎２,76000.0,3000.0,38000.0,114000.0,1,1K,21.32,16,2,椎名町駅,9,10.33,116892.37,98445.68,262,1447,1,0.12586104448275887
https://suumo.jp/chintai/jnc_000106624156/?bc=100502745479,ＡｍａｒＢａｒｉ,東京都新宿区中落合２,82000.0,,82000.0,82000.0,2,1R,18.64,16,2,椎名町駅,9,10.33,116892.37,82826.39,262,879,1,0.09948459110209379
https://suumo.jp/chintai/jnc_000105664388/?bc=100505806378,メゾン榎本,東京都豊島区南長崎２,70000.0,3000.0,70000.0,70000.0,1,1K,19.44,36,3,椎名町駅,3,10.00,116892.37,98445.68,262,1447,1,0.11584779942210394
https://suumo.jp/chintai/jnc_000106157190/?bc=100499324239,ザ・パークハビオ目白タワー,東京都豊島区目白５,133000.0,15000.0,133000.0,133000.0,10,1K,25.97,2,19,椎名町駅,4,10.33,116892.37,98445.68,262,1447,1,0.029479473740482376
https://suumo.jp/chintai/jnc_000030042253/?bc=100503336077,ウィンベルソロ西目白,東京都豊島区南長崎１,60000.0,8000.0,60000.0,60000.0,4,1K,16.38,34,5,椎名町駅,7,10.00,116892.37,98445.68,262,1447,1,0.12255468306824618
https://suumo.jp/chintai/jnc_000106220672/?bc=100505500599,Laterite Mejiro(ラテライト目白),東京都新宿区下落合４,118000.0,8000.0,118000.0,118000.0,6,1K,25.57,7,8,椎名町駅,9,10.33,116892.37,98445.68,262,1447,1,0.11831118570973698
https://suumo.jp/chintai/jnc_000106986877/?bc=100505894106,コンフォート,東京都豊島区南長崎２,85000.0,2000.0,,85000.0,1,1K,24.74,12,3,椎名町駅,7,10.33,116892.37,98445.68,262,1447,1,0.12076533077792662
https://suumo.jp/chintai/jnc_000106870927/?bc=100506998269,ヴェルト池袋ウエストフォート,東京都豊島区南長崎１,87000.0,5000.0,,87000.0,4,1K,20.65,23,10,椎名町駅,3,11.00,116892.37,98445.68,262,1447,1,0.11159733477241818
https://suumo.jp/chintai/jnc_000105908384/?bc=100505260482,西武池袋線 椎名町駅 地下1地上4階建 築34年,東京都豊島区南長崎１,66000.0,5000.0,,66000.0,3,1R,16.37,34,5,椎名町駅,7,10.00,116892.37,82826.39,262,879,1,0.10322333164233943
https://suumo.jp/chintai/jnc_000106966751/?bc=100505559179,ラ・ベルク,東京都豊島区長崎２,88000.0,,88000.0,88000.0,2,1K,24.84,13,3,椎名町駅,9,13.33,116892.37,98445.68,262,1447,1,0.1415638190400061
https://suumo.jp/chintai/jnc_000106978478/?bc=100505624689,西武池袋線 椎名町駅 9階建 築25年,東京都新宿区中落合２,84000.0,9000.0,84000.0,84000.0,4,1R,23.29,25,9,椎名町駅,8,10.00,116892.37,82826.39,262,879,1,0.08275376140537744
https://suumo.jp/chintai/jnc_000107032756/?bc=100506671553,西武池袋線 椎名町駅 9階建 築25年,東京都新宿区中落合２,85000.0,7000.0,85000.0,85000.0,3,1R,23.47,25,9,椎名町駅,8,10.00,116892.37,82826.39,262,879,1,0.08947257684958354
https://suumo.jp/chintai/jnc_000106081155/?bc=100498443495,西武池袋線 椎名町駅 9階建 築25年,東京都新宿区中落合２,82000.0,10000.0,,82000.0,2,1R,25.52,25,9,椎名町駅,8,10.00,116892.37,82826.39,262,879,1,0.07598151922559199
https://suumo.jp/chintai/jnc_000106670194/?bc=100505904361,ａＬＡＴＯ　Ｍｅｊｉｒｏ,東京都豊島区目白５,147000.0,10000.0,147000.0,,2,1DK,30.0,0,4,椎名町駅,6,11.33,116892.37,130743.78,262,402,1,0.1543366897870715
https://suumo.jp/chintai/jnc_000106112932/?bc=100499368486,西武池袋線 椎名町駅 9階建 築25年,東京都新宿区中落合２,80000.0,8000.0,80000.0,80000.0,1,1R,23.29,25,9,椎名町駅,8,10.00,116892.37,82826.39,262,879,1,0.08513185225968706
https://suumo.jp/chintai/jnc_000105664362/?bc=100501845048,西武池袋線 椎名町駅 3階建 築4年,東京都豊島区長崎２,89000.0,6000.0,,,3,1K,19.22,4,3,椎名町駅,6,12.67,116892.37,98445.68,262,1447,1,0.13620753050390771
https://suumo.jp/chintai/jnc_000106855081/?bc=100504647568,ラ・メゾン長崎ＸII（Ａ．Ｏ．Ｔ）,東京都豊島区南長崎１,165000.0,5000.0,,165000.0,-1,1LDK,52.12,4,7,椎名町駅,4,10.00,116892.37,170377.07,262,811,1,0.06641547915757695
https://suumo.jp/chintai/jnc_000107045039/?bc=100505933539,西武池袋線 椎名町駅 7階建 築39年,東京都新宿区下落合４,72000.0,3000.0,,72000.0,4,1R,18.02,39,7,椎名町駅,10,11.33,116892.37,82826.39,262,879,1,0.049188081832096275
https://suumo.jp/chintai/jnc_000107123560/?bc=100506646276,西武池袋線 椎名町駅 4階建 築24年,東京都豊島区南長崎２,86000.0,4000.0,86000.0,86000.0,3,1K,20.25,24,4,椎名町駅,9,11.00,116892.37,98445.68,262,1447,1,0.14308832486048734
https://suumo.jp/chintai/jnc_000106045609/?bc=100498246369,ルーブル椎名町,東京都豊島区南長崎１,100000.0,,,100000.0,11,1K,20.43,20,11,椎名町駅,7,12.67,116892.37,98445.68,262,1447,1,0.06921151933553416
https://suumo.jp/chintai/jnc_000107069063/?bc=100506410087,ルーブル椎名町,東京都豊島区南長崎１,90000.0,10000.0,,90000.0,2,1K,20.43,20,11,椎名町駅,7,12.67,116892.37,98445.68,262,1447,1,0.1206297735960023
https://suumo.jp/chintai/jnc_000105688464/?bc=100495833654,ルクシェール新宿中落合,東京都新宿区中落合３,95000.0,8000.0,,95000.0,9,1K,25.69,12,10,椎名町駅,9,11.33,116892.37,98445.68,262,1447,1,0.09626420250946738
https://suumo.jp/chintai/jnc_000107123561/?bc=100506329770,西武池袋線 椎名町駅 3階建 築4年,東京都豊島区南長崎３,99000.0,7000.0,99000.0,99000.0,3,1K,31.05,4,3,椎名町駅,8,13.67,116892.37,98445.68,262,1447,1,0.12381108166194243
https://suumo.jp/chintai/jnc_000106822429/?bc=100504336949,衛藤マンション,東京都豊島区長崎２,80000.0,,80000.0,80000.0,2,1K,27.8,55,3,椎名町駅,4,8.00,116892.37,98445.68,262,1447,1,0.09596983116961982
https://suumo.jp/chintai/jnc_000106241196/?bc=100500210527,西武池袋線 椎名町駅 5階建 築39年,東京都豊島区南長崎２,64000.0,4000.0,,64000.0,3,1R,17.12,39,5,椎名町駅,7,10.67,116892.37,82826.39,262,879,1,0.10192221880066499
https://suumo.jp/chintai/jnc_000106466784/?bc=100506672291,スワンレイク目白,東京都新宿区下落合４,158000.0,8000.0,158000.0,158000.0,2,1LDK,43.25,8,5,椎名町駅,8,11.00,116892.37,170377.07,262,811,1,0.12084375792398233
https://suumo.jp/chintai/jnc_000106577182/?bc=100485202238,西武池袋線 椎名町駅 4階建 築42年,東京都豊島区南長崎２,52000.0,3000.0,52000.0,52000.0,2,1R,12.0,42,4,椎名町駅,6,12.33,116892.37,82826.39,262,879,1,0.06514113137632499
https://suumo.jp/chintai/jnc_000106925336/?bc=100505078669,西武池袋線 椎名町駅 4階建 築39年,東京都豊島区長崎２,59000.0,7000.0,59000.0,59000.0,3,1R,16.08,39,4,椎名町駅,8,12.33,116892.37,82826.39,262,879,1,0.09228308982127764
https://suumo.jp/chintai/jnc_000106689155/?bc=100506672159,ブルーベル,東京都新宿区中落合２,58000.0,3000.0,,,1,1K,16.18,41,2,椎名町駅,10,10.33,116892.37,98445.68,262,1447,1,0.08920656398928917
https://suumo.jp/chintai/jnc_000106944023/?bc=100506671704,Ｓｔａｇｅ 南長崎,東京都豊島区南長崎２,71000.0,4000.0,,,1,1R,10.26,10,2,椎名町駅,7,10.00,116892.37,82826.39,262,879,1,0.09670866170825032
https://suumo.jp/chintai/jnc_000107020308/?bc=100482948392,西武池袋線 椎名町駅 3階建 新築,東京都新宿区中落合２,256000.0,12500.0,256000.0,128000.0,3,3LDK,66.85,0,3,椎名町駅,10,10.33,116892.37,281205.13,262,156,1,0.011710700887537562
https://suumo.jp/chintai/jnc_000107020303/?bc=100482608436,西武池袋線 椎名町駅 3階建 新築,東京都新宿区中落合２,225000.0,10500.0,225000.0,112500.0,1,2LDK,51.03,0,3,椎名町駅,10,10.33,116892.37,243512.76,262,392,1,0.07396507604632507
https://suumo.jp/chintai/jnc_000107109089/?bc=100322033559,メゾンド・グレース,東京都豊島区南長崎３,70000.0,5000.0,70000.0,70000.0,2,1K,20.7,23,2,椎名町駅,7,8.00,116892.37,98445.68,262,1447,1,0.13548958491948726
https://suumo.jp/chintai/jnc_000106848274/?bc=100504472247,菱和パレス目白ウェルネス２１,東京都新宿区下落合４,88000.0,6000.0,88000.0,88000.0,9,1K,23.25,28,10,椎名町駅,9,10.67,116892.37,98445.68,262,1447,1,0.08272361606472867
https://suumo.jp/chintai/jnc_000106897362/?bc=100505966004,菱和パレス目白ウェルネス２１,東京都新宿区下落合４,82000.0,10000.0,82000.0,82000.0,7,1K,23.25,28,10,椎名町駅,9,10.67,116892.37,98445.68,262,1447,1,0.09306892751570583
https://suumo.jp/chintai/jnc_000107045040/?bc=100506525574,菱和パレス目白ウェルネス２１,東京都新宿区下落合４,82000.0,10000.0,82000.0,82000.0,10,1K,22.66,28,10,椎名町駅,9,10.67,116892.37,98445.68,262,1447,1,0.06608980979019141
https://suumo.jp/chintai/jnc_000106635405/?bc=100503384547,スカイフラット１０,東京都豊島区南長崎１,120000.0,,120000.0,120000.0,9,1DK,36.14,46,9,椎名町駅,1,9.67,116892.37,130743.78,262,402,1,0.07353003961320187
https://suumo.jp/chintai/jnc_000106620194/?bc=100502993817,ＡＩＦＬＡＴ　ＭＥＪＩＲＯ,東京都豊島区目白４,164000.0,8000.0,164000.0,196800.0,3,1LDK,33.96,7,3,椎名町駅,8,13.00,116892.37,170377.07,262,811,1,0.1096373852130818
https://suumo.jp/chintai/jnc_000107210398/?bc=100506962139,穂積目白館,東京都豊島区南長崎２,260000.0,,260000.0,260000.0,2,4LDK,107.05,38,3,椎名町駅,6,10.00,116892.37,309285.71,262,14,-1,-0.000585350735837431
https://suumo.jp/chintai/jnc_000105300938/?bc=100499616726,西武池袋線 椎名町駅 4階建 築24年,東京都豊島区南長崎２,117000.0,5000.0,117000.0,117000.0,4,1R,32.63,24,4,椎名町駅,9,11.00,116892.37,82826.39,262,879,1,0.08847126590757587
https://suumo.jp/chintai/jnc_000105968441/?bc=100497659999,パークホームズ落合南長崎,東京都豊島区南長崎２,298000.0,20000.0,298000.0,298000.0,5,3LDK,67.93,9,5,椎名町駅,10,11.67,116892.37,281205.13,262,156,-1,-0.024016290252475314
https://suumo.jp/chintai/jnc_000107092023/?bc=100506161143,メゾン・ド・フクロク・南長崎,東京都豊島区南長崎３,99000.0,7000.0,99000.0,99000.0,3,1K,31.05,4,3,椎名町駅,8,13.67,116892.37,98445.68,262,1447,1,0.12381108166194243
https://suumo.jp/chintai/jnc_000104256682/?bc=100484268351,西武池袋線 椎名町駅 6階建 築29年,東京都豊島区目白５,240000.0,10000.0,240000.0,240000.0,2,3LDK,82.84,29,6,椎名町駅,4,11.67,116892.37,281205.13,262,156,-1,-0.007809505382404547
https://suumo.jp/chintai/jnc_000106592826/?bc=100504626679,都営大江戸線 落合南長崎駅 3階建 築6年,東京都豊島区南長崎２,80000.0,5000.0,80000.0,,1,1K,18.25,6,3,椎名町駅,7,9.67,116892.37,98445.68,262,1447,1,0.139216176274073
https://suumo.jp/chintai/jnc_000106248893/?bc=100503047606,Sun Bloom 中落合,東京都新宿区中落合３,64000.0,4000.0,,64000.0,1,1R,10.0,9,2,椎名町駅,9,10.67,116892.37,82826.39,262,879,1,0.09124106245746622
https://suumo.jp/chintai/jnc_000106440119/?bc=100501587237,西武池袋線 椎名町駅 3階建 築5年,東京都豊島区南長崎１,59000.0,3000.0,59000.0,59000.0,3,1R,12.76,5,3,椎名町駅,4,11.33,116892.37,82826.39,262,879,1,0.07994503297723826
https://suumo.jp/chintai/jnc_000107206664/?bc=100506123740,西武池袋線 椎名町駅 3階建 築36年,東京都豊島区目白５,63000.0,,63000.0,,1,1R,17.64,36,3,椎名町駅,7,11.33,116892.37,82826.39,262,879,1,0.1079135162347521
https://suumo.jp/chintai/jnc_000104249965/?bc=100487899754,Ｋ・Ｒ目白,東京都豊島区目白５,240000.0,10000.0,240000.0,240000.0,2,3LDK,82.84,29,6,椎名町駅,5,11.67,116892.37,281205.13,262,156,-1,-0.002903190704841352
https://suumo.jp/chintai/jnc_000102573100/?bc=100470951213,西武池袋線 椎名町駅 2階建 築9年,東京都豊島区南長崎２,69000.0,4000.0,,69000.0,2,1R,12.62,9,2,椎名町駅,8,10.67,116892.37,82826.39,262,879,1,0.10099443682988257
https://suumo.jp/chintai/jnc_000107059908/?bc=100506222986,ＡＩＦＬＡＴ　ＭＥＪＩＲＯ,東京都豊島区目白４,163000.0,8000.0,163000.0,195600.0,3,1LDK,33.96,7,3,椎名町駅,8,13.00,116892.37,170377.07,262,811,1,0.1096373852130818
https://suumo.jp/chintai/jnc_000106587578/?bc=100504358969,西武池袋線 椎名町駅 2階建 築9年,東京都豊島区南長崎２,71000.0,4000.0,,71000.0,2,1R,10.0,9,2,椎名町駅,8,10.67,116892.37,82826.39,262,879,1,0.09597008630490089
https://suumo.jp/chintai/jnc_000104817584/?bc=100482968772,西武池袋線 椎名町駅 2階建 築9年,東京都豊島区南長崎２,66000.0,4000.0,,66000.0,1,1R,10.5,9,2,椎名町駅,8,10.33,116892.37,82826.39,262,879,1,0.09395970295326378
https://suumo.jp/chintai/jnc_000106772420/?bc=100499513328,西武池袋線 椎名町駅 2階建 築71年,東京都豊島区長崎２,39800.0,,,,2,1R,3.0,71,2,椎名町駅,4,14.33,116892.37,82826.39,262,879,1,0.0029972347987486936
https://suumo.jp/chintai/jnc_000105901971/?bc=100497001203,西武池袋線 椎名町駅 2階建 築42年,東京都豊島区長崎３,58000.0,2000.0,58000.0,,1,1R,17.01,42,2,椎名町駅,7,9.33,116892.37,82826.39,262,879,1,0.07781878665619213
https://suumo.jp/chintai/jnc_000106939636/?bc=100505471727,西武池袋線 椎名町駅 2階建 築10年,東京都豊島区南長崎２,71000.0,4000.0,,,1,1R,10.26,10,2,椎名町駅,7,10.00,116892.37,82826.39,262,879,1,0.09670866170825032
https://suumo.jp/chintai/jnc_000104745647/?bc=100489735945,Ｆｏｒｅｓｔａ　Ｕｃｈｉｙａｍａ　フォレスタウチヤマ,東京都豊島区南長崎２,151000.0,4000.0,151000.0,377500.0,2,2LDK,53.67,15,3,椎名町駅,9,11.33,116892.37,243512.76,262,392,1,0.08959182631368462
https://suumo.jp/chintai/jnc_000105955354/?bc=100502718789,ホワイトキューブ南長崎,東京都豊島区南長崎２,152000.0,3000.0,152000.0,152000.0,2,1LDK,46.28,21,3,椎名町駅,8,11.33,116892.37,170377.07,262,811,1,0.08555065346360019
https://suumo.jp/chintai/jnc_000106366692/?bc=100484783115,レオパレス南長崎II,東京都豊島区南長崎２,102000.0,5500.0,,,1,1K,19.87,19,2,椎名町駅,8,12.00,116892.37,98445.68,262,1447,1,0.1383620615105156
https://suumo.jp/chintai/jnc_000104910383/?bc=100501183504,西武池袋線 椎名町駅 11階建 築19年,東京都豊島区目白５,140000.0,10000.0,,140000.0,2,1R,34.55,19,11,椎名町駅,7,12.67,116892.37,82826.39,262,879,1,0.06470880046986477
https://suumo.jp/chintai/jnc_000107069067/?bc=100506318713,CASA BRISAS parte N,東京都豊島区目白５,146000.0,6000.0,,146000.0,3,1LDK,40.26,14,3,椎名町駅,5,13.00,116892.37,170377.07,262,811,1,0.11017316951380629
https://suumo.jp/chintai/jnc_000105788576/?bc=100504359288,西武池袋線 椎名町駅 5階建 築4年,東京都豊島区南長崎２,106000.0,12000.0,,106000.0,3,1K,25.5,4,5,椎名町駅,7,9.33,116892.37,98445.68,262,1447,1,0.1415513030284094
https://suumo.jp/chintai/jnc_000107020295/?bc=100480384460,NOBEL中落合,東京都新宿区中落合２,225000.0,10500.0,225000.0,112500.0,1,2LDK,51.03,0,3,椎名町駅,10,10.33,116892.37,243512.76,262,392,1,0.07396507604632507
https://suumo.jp/chintai/jnc_000106212080/?bc=100500238890,ライオンズマンション椎名町駅前通り,東京都豊島区南長崎２,64000.0,4000.0,,64000.0,3,1R,17.12,39,5,椎名町駅,6,9.00,116892.37,82826.39,262,879,1,0.09643738723640194
https://suumo.jp/chintai/jnc_000107109088/?bc=100506504657,西武池袋線 椎名町駅 5階建 築27年,東京都豊島区南長崎１,79000.0,5000.0,79000.0,79000.0,4,1K,23.1,27,5,椎名町駅,5,12.00,116892.37,98445.68,262,1447,1,0.1381040505762175
https://suumo.jp/chintai/jnc_000107020296/?bc=100486919657,NOBEL中落合,東京都新宿区中落合２,227000.0,10500.0,227000.0,113500.0,1,2LDK,54.94,0,3,椎名町駅,10,10.33,116892.37,243512.76,262,392,1,0.07174525282195554
https://suumo.jp/chintai/jnc_000107020298/?bc=100486919651,NOBEL中落合,東京都新宿区中落合２,241000.0,12500.0,241000.0,120500.0,2,2LDK,58.96,0,3,椎名町駅,10,10.33,116892.37,243512.76,262,392,1,0.07488715320600409
https://suumo.jp/chintai/jnc_000107020301/?bc=100486919631,NOBEL中落合,東京都新宿区中落合２,240000.0,12500.0,240000.0,120000.0,3,2LDK,54.94,0,3,椎名町駅,10,10.33,116892.37,243512.76,262,392,1,0.0795093863144608
https://suumo.jp/chintai/jnc_000107020302/?bc=100486919633,NOBEL中落合,東京都新宿区中落合２,236000.0,12500.0,236000.0,118000.0,3,2LDK,57.2,0,3,椎名町駅,10,10.33,116892.37,243512.76,262,392,1,0.07749367159430898
https://suumo.jp/chintai/jnc_000106713055/?bc=100505904503,ａＬＡＴＯ　Ｍｅｊｉｒｏ,東京都豊島区目白５,120000.0,10000.0,120000.0,,3,1K,25.36,0,4,椎名町駅,6,11.33,116892.37,98445.68,262,1447,1,0.14168078169104242
https://suumo.jp/chintai/jnc_000099641447/?bc=100445171609,クレッセント椎名町,東京都豊島区南長崎２,59000.0,,59000.0,59000.0,1,1K,20.0,38,3,椎名町駅,3,10.33,116892.37,98445.68,262,1447,1,0.1186662327409101
https://suumo.jp/chintai/jnc_000104554451/?bc=100486520258,ウィンベルソロ西目白,東京都豊島区南長崎１,65000.0,4000.0,65000.0,65000.0,3,1R,16.34,34,5,椎名町駅,7,10.00,116892.37,82826.39,262,879,1,0.10206495008828659
https://suumo.jp/chintai/jnc_000106045612/?bc=100502235881,ウィンベルソロ西目白,東京都豊島区南長崎１,65000.0,5000.0,,65000.0,3,1R,16.37,34,5,椎名町駅,7,10.00,116892.37,82826.39,262,879,1,0.10322333164233943
https://suumo.jp/chintai/jnc_000105873982/?bc=100506672203,ウィンベルソロ西目白,東京都豊島区南長崎１,66000.0,5000.0,,66000.0,3,1R,16.37,34,5,椎名町駅,7,10.00,116892.37,82826.39,262,879,1,0.10322333164233943
https://suumo.jp/chintai/jnc_000107020304/?bc=100482948401,西武池袋線 椎名町駅 3階建 新築,東京都新宿区中落合２,227000.0,10500.0,227000.0,113500.0,1,2LDK,54.94,0,3,椎名町駅,10,10.33,116892.37,243512.76,262,392,1,0.07174525282195554
https://suumo.jp/chintai/jnc_000105924517/?bc=100497558671,ウィンベルソロ西目白,東京都豊島区南長崎１,65000.0,5000.0,,65000.0,4,1R,16.37,34,5,椎名町駅,7,10.00,116892.37,82826.39,262,879,1,0.09140491565543796
https://suumo.jp/chintai/jnc_000106697054/?bc=100503722940,西武池袋線 椎名町駅 4階建 築38年,東京都豊島区南長崎２,70000.0,4000.0,70000.0,70000.0,1,1K,24.5,38,4,椎名町駅,6,11.00,116892.37,98445.68,262,1447,1,0.13798897668719456
https://suumo.jp/chintai/jnc_000106460912/?bc=100501759014,アークビル沼袋,東京都中野区沼袋２,86000.0,4000.0,86000.0,,1,1K,15.0,40,4,沼袋駅,3,10.33,107028.63,98445.68,227,1447,1,0.10464636231364116
https://suumo.jp/chintai/jnc_000106176799/?bc=100499459365,Eau de Vie 江古田,東京都中野区江古田４,110000.0,11000.0,,110000.0,3,1K,24.58,17,9,沼袋駅,9,14.00,107028.63,98445.68,227,1447,1,0.11653159008381331
https://suumo.jp/chintai/jnc_000069339827/?bc=100500053764,グランドパレス沼袋,東京都中野区沼袋１,80000.0,10000.0,80000.0,80000.0,4,1LDK,29.7,45,5,沼袋駅,1,9.67,107028.63,170377.07,227,811,1,0.06442406588048555
https://suumo.jp/chintai/jnc_000106389942/?bc=100501493353,ＲＩＣＯＲＤＯ（リコルド）,東京都中野区沼袋２,80000.0,2000.0,,80000.0,1,1K,24.0,17,2,沼袋駅,7,11.67,107028.63,98445.68,227,1447,1,0.1203720506036226
https://suumo.jp/chintai/jnc_000102701411/?bc=100505110760,西武新宿線 沼袋駅 5階建 築41年,東京都中野区松が丘２,125000.0,,125000.0,,3,1LDK,35.92,41,5,沼袋駅,9,16.67,107028.63,170377.07,227,811,1,0.05452856999501465
https://suumo.jp/chintai/jnc_000106539611/?bc=100502232213,エクセル中野,東京都中野区新井４,193000.0,10000.0,,193000.0,4,2LDK,60.27,30,4,沼袋駅,8,10.33,107028.63,243512.76,227,392,1,0.07308711302818965
https://suumo.jp/chintai/jnc_000106440013/?bc=100504170079,西武新宿線 沼袋駅 5階建 築41年,東京都中野区松が丘２,155000.0,,155000.0,,2,1LDK,33.98,41,5,沼袋駅,9,16.67,107028.63,170377.07,227,811,1,0.06139164089524257
https://suumo.jp/chintai/jnc_000106802098/?bc=100504275602,ポネ平和の森ＩＩ,東京都中野区沼袋３,135000.0,3000.0,,135000.0,2,1LDK,41.81,3,2,沼袋駅,7,12.67,107028.63,170377.07,227,811,1,0.08189317496289927
https://suumo.jp/chintai/jnc_000101419865/?bc=100506810615,西武新宿線 沼袋駅 4階建 築1年,東京都中野区新井４,159000.0,20000.0,159000.0,,1,1LDK,40.1,1,4,沼袋駅,7,11.33,107028.63,170377.07,227,811,1,0.09351573004430885
https://suumo.jp/chintai/jnc_000105424416/?bc=100495993356,西武新宿線 沼袋駅 3階建 築2年,東京都中野区沼袋３,140000.0,5000.0,140000.0,280000.0,2,1LDK,37.48,2,3,沼袋駅,1,12.00,107028.63,170377.07,227,811,1,0.08192211061139365
https://suumo.jp/chintai/jnc_000107068994/?bc=100506411162,Maison de bleu,東京都中野区沼袋３,85000.0,4000.0,85000.0,85000.0,1,1K,20.3,26,2,沼袋駅,3,10.67,107028.63,98445.68,227,1447,1,0.12523716574405952
https://suumo.jp/chintai/jnc_000073271068/?bc=100506844269,Ludens沼袋MAXIV DUE,東京都中野区江古田２,70000.0,10000.0,,,1,1K,18.12,6,4,沼袋駅,11,13.67,107028.63,98445.68,227,1447,1,0.09614181325573529
https://suumo.jp/chintai/jnc_000107170259/?bc=100506534954,Ludens沼袋MAXIV,東京都中野区江古田２,70000.0,10000.0,,,1,1K,18.12,6,4,沼袋駅,10,13.33,107028.63,98445.68,227,1447,1,0.11397742802785082
https://suumo.jp/chintai/jnc_000106172950/?bc=100505324809,ＣＩＣＡＤＡ ＲＥＳＩＤＥＮＣＥ ＮＡＫＡＮＯ,東京都中野区新井４,93000.0,15000.0,93000.0,,3,1R,17.54,3,4,沼袋駅,6,10.33,107028.63,82826.39,227,879,1,0.0853904124785218
https://suumo.jp/chintai/jnc_000106172951/?bc=100505261780,ＣＩＣＡＤＡ ＲＥＳＩＤＥＮＣＥ ＮＡＫＡＮＯ,東京都中野区新井４,85000.0,15000.0,85000.0,,4,1R,17.54,3,4,沼袋駅,6,10.33,107028.63,82826.39,227,879,1,0.07580981368192291
https://suumo.jp/chintai/jnc_000100009741/?bc=100448076636,DORM中野,東京都中野区沼袋３,50000.0,3000.0,,,1,1R,18.0,39,4,沼袋駅,8,12.33,107028.63,82826.39,227,879,1,0.07429848082937096
https://suumo.jp/chintai/jnc_000106893942/?bc=100504714376,Jsコート中野　B棟,東京都中野区新井２,100000.0,3000.0,100000.0,100000.0,2,1K,24.17,10,3,沼袋駅,9,10.33,107028.63,98445.68,227,1447,1,0.1332220695480122
https://suumo.jp/chintai/jnc_000106045464/?bc=100498358680,メゾン・ドゥ・デタント,東京都中野区沼袋４,108000.0,5000.0,108000.0,108000.0,2,1K,30.03,2,2,沼袋駅,6,13.00,107028.63,98445.68,227,1447,1,0.12644030697838715
https://suumo.jp/chintai/jnc_000106569697/?bc=100502406451,ＪＲ中央線 中野駅 2階建 築57年,東京都中野区新井３,44500.0,3000.0,,,1,1R,14.0,57,2,沼袋駅,10,12.33,107028.63,82826.39,227,879,1,0.020162130492704877
https://suumo.jp/chintai/jnc_000062663269/?bc=100495326703,ＪＲ中央線 中野駅 3階建 築40年,東京都中野区新井３,60000.0,3000.0,60000.0,,3,1R,16.0,40,3,沼袋駅,9,11.33,107028.63,82826.39,227,879,1,0.09023205310904114
https://suumo.jp/chintai/jnc_000066529013/?bc=100503619535,ＪＲ中央線 中野駅 6階建 築24年,東京都中野区新井４,70000.0,3000.0,70000.0,70000.0,3,1R,22.12,24,6,沼袋駅,5,8.33,107028.63,82826.39,227,879,1,0.08443843501849224
https://suumo.jp/chintai/jnc_000100460431/?bc=100506897907,Ａｒｔｓ沼袋,東京都中野区沼袋４,116000.0,3000.0,116000.0,116000.0,2,1DK,28.0,2,2,沼袋駅,6,11.33,107028.63,130743.78,227,402,1,0.1361754378284064
https://suumo.jp/chintai/jnc_000106939562/?bc=100504571702,ペンションハウスコスモス２１,東京都中野区沼袋２,69000.0,1000.0,69000.0,69000.0,2,1K,18.0,38,2,沼袋駅,5,12.33,107028.63,98445.68,227,1447,1,0.09891889028734718
https://suumo.jp/chintai/jnc_000106696816/?bc=100504159072,ＬＵＣＥ　ＮＡＫＡＮＯ,東京都中野区新井４,98000.0,10000.0,98000.0,,1,1R,20.2,0,4,沼袋駅,4,10.33,107028.63,82826.39,227,879,1,0.09442842951621544
https://suumo.jp/chintai/jnc_000106696821/?bc=100504159071,ＬＵＣＥ　ＮＡＫＡＮＯ,東京都中野区新井４,105000.0,10000.0,105000.0,,3,1R,20.2,0,4,沼袋駅,4,10.33,107028.63,82826.39,227,879,1,0.09658428391235163
https://suumo.jp/chintai/jnc_000106354786/?bc=100500868294,OrgoVita凛A棟,東京都中野区沼袋１,83000.0,5000.0,83000.0,83000.0,2,1R,17.64,5,5,沼袋駅,4,11.00,107028.63,82826.39,227,879,1,0.1014231292411012
https://suumo.jp/chintai/jnc_000106848700/?bc=100504879724,第一アパート,東京都中野区沼袋１,318000.0,,318000.0,318000.0,1,2SLDK,60.93,0,3,沼袋駅,7,11.67,107028.63,276060.00,227,25,1,0.03631624481707413
https://suumo.jp/chintai/jnc_000032539658/?bc=100503724511,ブランドール１,東京都中野区沼袋３,75000.0,3000.0,75000.0,75000.0,2,1K,23.08,29,2,沼袋駅,5,9.67,107028.63,98445.68,227,1447,1,0.12894628254717266
https://suumo.jp/chintai/jnc_000062612339/?bc=100501795728,Well-b新井,東京都中野区新井３,44500.0,3000.0,,,1,1R,14.0,57,2,沼袋駅,10,12.33,107028.63,82826.39,227,879,1,0.020162130492704877
https://suumo.jp/chintai/jnc_000106140482/?bc=100499400607,アークビル沼袋,東京都中野区沼袋２,86000.0,4000.0,86000.0,,1,1R,25.46,48,4,沼袋駅,4,12.00,107028.63,82826.39,227,879,1,0.08290532861789707
https://suumo.jp/chintai/jnc_000106135442/?bc=100505975611,アークビル沼袋,東京都中野区沼袋２,52000.0,4000.0,52000.0,,3,1R,15.0,48,4,沼袋駅,4,12.00,107028.63,82826.39,227,879,1,0.07571646765763751
https://suumo.jp/chintai/jnc_000107059766/?bc=100501899762,ブライズ中野江古田,東京都中野区江古田２,84000.0,12000.0,,168000.0,2,1K,26.21,8,3,沼袋駅,9,13.00,107028.63,98445.68,227,1447,1,0.13056049207912768
https://suumo.jp/chintai/jnc_000105544721/?bc=100495481399,フォレストIV,東京都中野区沼袋１,94000.0,4000.0,,94000.0,1,1K,22.48,37,2,沼袋駅,5,10.67,107028.63,98445.68,227,1447,1,0.13496116879340858
https://suumo.jp/chintai/jnc_000106556106/?bc=100502305940,フォレスト,東京都中野区新井３,70000.0,,70000.0,70000.0,1,1K,24.0,26,2,沼袋駅,9,13.00,107028.63,98445.68,227,1447,1,0.12797212095293964
https://suumo.jp/chintai/jnc_000106838027/?bc=100504365397,ファインクレスト新井,東京都中野区新井４,95000.0,3000.0,95000.0,95000.0,3,1K,26.86,20,6,沼袋駅,5,9.67,107028.63,98445.68,227,1447,1,0.13134614637563657
https://suumo.jp/chintai/jnc_000106592715/?bc=100502571844,ビューラー薬師橋II,東京都中野区新井４,72000.0,6000.0,,72000.0,2,1K,20.6,28,2,沼袋駅,6,9.67,107028.63,98445.68,227,1447,1,0.13652247261904443
https://suumo.jp/chintai/jnc_000106689480/?bc=100504765854,カームステージ沼袋,東京都中野区沼袋３,73000.0,3000.0,73000.0,73000.0,2,1R,13.9,44,2,沼袋駅,5,9.67,107028.63,82826.39,227,879,1,0.08665086634001334
https://suumo.jp/chintai/jnc_000106863250/?bc=100504506565,ハイツ英静,東京都中野区沼袋１,62000.0,3000.0,,62000.0,1,1K,22.0,52,3,沼袋駅,4,10.00,107028.63,98445.68,227,1447,1,0.07828252562617849
https://suumo.jp/chintai/jnc_000105200871/?bc=100494256440,トモイエレジデンス中野,東京都中野区江古田２,71000.0,6500.0,71000.0,71000.0,2,1K,14.9,5,2,沼袋駅,11,14.33,107028.63,98445.68,227,1447,1,0.0892329780230659
https://suumo.jp/chintai/jnc_000105962052/?bc=100497600589,エクセル中野,東京都中野区新井４,205000.0,10000.0,,205000.0,2,3LDK,66.06,30,4,沼袋駅,8,10.33,107028.63,281205.13,227,156,1,0.02137263645926607
https://suumo.jp/chintai/jnc_000073344704/?bc=100501081872,セシュエットハイツB,東京都中野区松が丘２,60000.0,3000.0,,,2,1R,14.12,8,2,沼袋駅,6,11.00,107028.63,82826.39,227,879,1,0.09537148187862687
https://suumo.jp/chintai/jnc_000106028098/?bc=100502632364,ソフィアオアシス,東京都中野区松が丘２,62000.0,3000.0,,,2,1R,10.7,6,2,沼袋駅,12,14.67,107028.63,82826.39,227,879,1,0.052673072265682075
https://suumo.jp/chintai/jnc_000106959655/?bc=100505570497,ソフィアツリー,東京都中野区松が丘２,62000.0,3000.0,,,2,1R,10.42,5,2,沼袋駅,12,14.00,107028.63,82826.39,227,879,1,0.05613770873065771
https://suumo.jp/chintai/jnc_000106097369/?bc=100499796820,チューダープレイス,東京都中野区沼袋２,87000.0,4000.0,87000.0,87000.0,1,1R,23.65,22,2,沼袋駅,8,14.33,107028.63,82826.39,227,879,1,0.0806016845175605
https://suumo.jp/chintai/jnc_000105901784/?bc=100502213509,トーシンフェニックス沼袋,東京都中野区江古田４,78000.0,5000.0,78000.0,78000.0,6,1R,24.32,22,8,沼袋駅,9,13.00,107028.63,82826.39,227,879,1,0.05364165918034941
https://suumo.jp/chintai/jnc_000106592729/?bc=100502569765,ネクストグランデ中野,東京都中野区沼袋１,89000.0,6000.0,89000.0,89000.0,4,1R,19.22,2,4,沼袋駅,2,12.67,107028.63,82826.39,227,879,1,0.07940797106915026
https://suumo.jp/chintai/jnc_000105178021/?bc=100489865285,ハーモニーテラス江古田,東京都中野区江古田４,63000.0,4000.0,,63000.0,2,1R,11.26,3,2,沼袋駅,9,14.67,107028.63,82826.39,227,879,1,0.07077164579663592
https://suumo.jp/chintai/jnc_000106689473/?bc=100497290497,セリーンハイツ,東京都中野区新井３,70000.0,2000.0,70000.0,70000.0,2,1K,25.0,37,2,沼袋駅,7,11.00,107028.63,98445.68,227,1447,1,0.11831585675918671
https://suumo.jp/chintai/jnc_000106761873/?bc=100503872182,スカイコート中野沼袋,東京都中野区沼袋２,95500.0,8500.0,95500.0,95500.0,8,1K,25.66,10,10,沼袋駅,9,12.67,107028.63,98445.68,227,1447,1,0.09199720754578383
https://suumo.jp/chintai/jnc_000106761872/?bc=100505358620,スカイコート中野沼袋,東京都中野区沼袋２,110000.0,10000.0,110000.0,,4,1K,25.68,10,10,沼袋駅,9,12.67,107028.63,98445.68,227,1447,1,0.12187411261712311
https://suumo.jp/chintai/jnc_000068402760/?bc=100505328585,フェリスチック,東京都中野区沼袋２,50000.0,3000.0,,,2,1R,9.42,9,2,沼袋駅,6,20.00,107028.63,82826.39,227,879,1,0.03365807581114916
https://suumo.jp/chintai/jnc_000106446056/?bc=100501756467,フェリスフロール,東京都中野区沼袋４,47000.0,3000.0,,,1,1R,9.18,11,2,沼袋駅,6,11.67,107028.63,82826.39,227,879,1,0.07385863158221084
https://suumo.jp/chintai/jnc_000106914720/?bc=100501848164,フェリスフロール,東京都中野区沼袋４,49000.0,3000.0,,,1,1R,9.87,11,2,沼袋駅,6,11.67,107028.63,82826.39,227,879,1,0.0800919627711299
https://suumo.jp/chintai/jnc_000101574726/?bc=100484086217,フォレスタ中野,東京都中野区新井３,70000.0,3000.0,,,2,1R,16.5,28,3,沼袋駅,10,12.00,107028.63,82826.39,227,879,1,0.09133193764418529
https://suumo.jp/chintai/jnc_000106539610/?bc=100502196106,フォレスタ中野,東京都中野区新井３,69000.0,4000.0,,,3,1R,16.5,28,3,沼袋駅,10,12.00,107028.63,82826.39,227,879,1,0.09915096728962747
https://suumo.jp/chintai/jnc_000101917032/?bc=100502403758,プラウド,東京都中野区江古田２,96000.0,3000.0,96000.0,96000.0,1,1R,36.93,11,2,沼袋駅,11,15.33,107028.63,82826.39,227,879,1,0.030671420694296347
https://suumo.jp/chintai/jnc_000107027205/?bc=100506853563,プリオーレ,東京都中野区沼袋１,78000.0,2000.0,78000.0,78000.0,2,1R,24.01,15,2,沼袋駅,2,10.00,107028.63,82826.39,227,879,1,0.07241774367618786
https://suumo.jp/chintai/jnc_000106211934/?bc=100504938894,ブリュッセル沼袋C棟,東京都中野区沼袋４,53000.0,2000.0,,,2,1R,12.0,17,2,沼袋駅,6,12.00,107028.63,82826.39,227,879,1,0.08025709767077249
https://suumo.jp/chintai/jnc_000107082748/?bc=100506410142,西武新宿線 沼袋駅 10階建 築10年,東京都中野区沼袋２,110000.0,10000.0,110000.0,,4,1K,25.68,10,10,沼袋駅,8,12.00,107028.63,98445.68,227,1447,1,0.1303026816263575
https://suumo.jp/chintai/jnc_000106783996/?bc=100504038491,西武新宿線 沼袋駅 10階建 築10年,東京都中野区沼袋２,95500.0,8500.0,95500.0,95500.0,8,1K,25.66,10,10,沼袋駅,8,12.00,107028.63,98445.68,227,1447,1,0.09823067888988946
https://suumo.jp/chintai/jnc_000104156790/?bc=100479797890,西武新宿線 沼袋駅 10階建 築10年,東京都中野区沼袋２,92500.0,8500.0,92500.0,92500.0,9,1K,25.66,10,10,沼袋駅,8,12.00,107028.63,98445.68,227,1447,1,0.0946700112946321
https://suumo.jp/chintai/jnc_000107117065/?bc=100506226717,ＪＲ中央線 中野駅 3階建 築3年,東京都中野区新井２,95000.0,2000.0,95000.0,95000.0,1,1K,23.94,3,3,沼袋駅,11,12.67,107028.63,98445.68,227,1447,1,0.08619309910317846
https://suumo.jp/chintai/jnc_000106373208/?bc=100502219333,西武新宿線 沼袋駅 10階建 築20年,東京都中野区江古田２,73000.0,10000.0,,73000.0,4,1K,20.01,20,10,沼袋駅,10,11.67,107028.63,98445.68,227,1447,1,0.11203223252361316
https://suumo.jp/chintai/jnc_000060609746/?bc=100506782791,ＪＲ中央線 中野駅 3階建 築34年,東京都中野区新井４,60000.0,9000.0,60000.0,,3,1K,20.88,34,3,沼袋駅,4,9.00,107028.63,98445.68,227,1447,1,0.11528724370701782
https://suumo.jp/chintai/jnc_000106732505/?bc=100503722670,マイステージ中野IV,東京都中野区沼袋１,62000.0,5000.0,62000.0,,4,1R,21.16,35,4,沼袋駅,4,11.33,107028.63,82826.39,227,879,1,0.0929085013910328
https://suumo.jp/chintai/jnc_000106903884/?bc=100504835873,西武新宿線 沼袋駅 3階建 新築,東京都中野区沼袋１,286000.0,,286000.0,286000.0,3,3LDK,55.82,0,3,沼袋駅,7,11.00,107028.63,281205.13,227,156,1,0.04762947389481087
https://suumo.jp/chintai/jnc_000106628551/?bc=100502876817,メゾン・ド・トーシン中野,東京都中野区新井４,84000.0,3000.0,84000.0,84000.0,2,1R,23.4,26,3,沼袋駅,5,9.67,107028.63,82826.39,227,879,1,0.1049335423536693
https://suumo.jp/chintai/jnc_000107138584/?bc=100506488470,西武新宿線 沼袋駅 10階建 築20年,東京都中野区江古田２,77000.0,10000.0,,77000.0,7,1K,20.01,20,10,沼袋駅,10,11.67,107028.63,98445.68,227,1447,1,0.08051999198243914
https://suumo.jp/chintai/jnc_000075772262/?bc=100503626105,さつき荘（再契約相談可）,東京都中野区沼袋２,47000.0,2000.0,,47000.0,2,1K,20.0,54,2,沼袋駅,10,14.00,107028.63,98445.68,227,1447,1,0.040121318396398986
https://suumo.jp/chintai/jnc_000101234883/?bc=100503585843,さつき荘（再契約相談可）,東京都中野区沼袋２,62000.0,2000.0,,62000.0,1,1K,20.0,54,2,沼袋駅,10,14.00,107028.63,98445.68,227,1447,1,0.043599674393416166
https://suumo.jp/chintai/jnc_000105730801/?bc=100506515220,西武新宿線 沼袋駅 10階建 築20年,東京都中野区江古田２,77000.0,10000.0,,,8,1K,20.01,20,10,沼袋駅,10,11.67,107028.63,98445.68,227,1447,1,0.06845664625516285
https://suumo.jp/chintai/jnc_000106569723/?bc=100502418348,西武新宿線 沼袋駅 2階建 築12年,東京都中野区沼袋３,84000.0,3000.0,84000.0,84000.0,1,1K,25.18,12,2,沼袋駅,2,9.00,107028.63,98445.68,227,1447,1,0.11210132085272595
https://suumo.jp/chintai/jnc_000104186938/?bc=100504112343,西武新宿線 沼袋駅 2階建 築13年,東京都中野区沼袋２,94000.0,5500.0,,94000.0,2,1K,28.53,13,2,沼袋駅,8,12.67,107028.63,98445.68,227,1447,1,0.13787549617251432
https://suumo.jp/chintai/jnc_000105999969/?bc=100504111419,西武新宿線 沼袋駅 2階建 築18年,東京都中野区沼袋４,99000.0,5500.0,,99000.0,2,1K,22.35,18,2,沼袋駅,6,12.33,107028.63,98445.68,227,1447,1,0.14180384975625077
https://suumo.jp/chintai/jnc_000106480656/?bc=100501890789,ラ・セルジュ中野,東京都中野区沼袋１,58000.0,10000.0,,58000.0,3,1R,16.1,19,4,沼袋駅,5,12.00,107028.63,82826.39,227,879,1,0.0932766895134518
https://suumo.jp/chintai/jnc_000106795110/?bc=100504111045,西武新宿線 沼袋駅 2階建 築21年,東京都中野区沼袋１,93000.0,5500.0,,93000.0,1,1K,22.35,21,2,沼袋駅,7,12.00,107028.63,98445.68,227,1447,1,0.14114764426174903
https://suumo.jp/chintai/jnc_000107117074/?bc=100506494395,西武新宿線 沼袋駅 2階建 築21年,東京都中野区江古田２,73000.0,3000.0,73000.0,73000.0,1,1K,24.0,21,2,沼袋駅,12,15.00,107028.63,98445.68,227,1447,1,0.07174448519384974
https://suumo.jp/chintai/jnc_000106795111/?bc=100504112348,西武新宿線 沼袋駅 2階建 築21年,東京都中野区沼袋１,97000.0,5500.0,,97000.0,2,1K,22.35,21,2,沼袋駅,7,12.00,107028.63,98445.68,227,1447,1,0.1430399869138474
https://suumo.jp/chintai/jnc_000107117098/?bc=100506262900,西武新宿線 沼袋駅 2階建 築21年,東京都中野区沼袋１,98000.0,5500.0,,98000.0,2,1K,22.35,21,2,沼袋駅,7,12.00,107028.63,98445.68,227,1447,1,0.1430399869138474
https://suumo.jp/chintai/jnc_000107088139/?bc=100506490390,西武新宿線 沼袋駅 2階建 築26年,東京都中野区沼袋３,85000.0,4000.0,85000.0,85000.0,1,1K,20.3,26,2,沼袋駅,3,10.00,107028.63,98445.68,227,1447,1,0.12408429997259368
https://suumo.jp/chintai/jnc_000106556107/?bc=100502438556,西武新宿線 沼袋駅 2階建 築26年,東京都中野区新井３,70000.0,,70000.0,70000.0,1,1K,24.0,26,2,沼袋駅,9,13.00,107028.63,98445.68,227,1447,1,0.12797212095293964
https://suumo.jp/chintai/jnc_000106204962/?bc=100475834971,リズ松が丘,東京都中野区松が丘２,67000.0,3000.0,67000.0,,2,1R,21.37,37,3,沼袋駅,10,12.67,107028.63,82826.39,227,879,1,0.07853379285803519
https://suumo.jp/chintai/jnc_000081196413/?bc=100502611184,西武新宿線 沼袋駅 2階建 築29年,東京都中野区沼袋３,77000.0,3000.0,77000.0,77000.0,2,1K,21.0,29,2,沼袋駅,6,11.67,107028.63,98445.68,227,1447,1,0.12849212666845794
https://suumo.jp/chintai/jnc_000093886604/?bc=100504391746,西武新宿線 沼袋駅 2階建 築29年,東京都中野区沼袋３,75000.0,3000.0,75000.0,75000.0,2,1K,23.8,29,2,沼袋駅,6,11.67,107028.63,98445.68,227,1447,1,0.1304884163645672
https://suumo.jp/chintai/jnc_000105984211/?bc=100497789063,西武新宿線 沼袋駅 2階建 築37年,東京都中野区沼袋１,94000.0,4000.0,,94000.0,1,1K,22.48,37,2,沼袋駅,5,11.67,107028.63,98445.68,227,1447,1,0.133299253754169
https://suumo.jp/chintai/jnc_000106843728/?bc=100504370682,西武新宿線 沼袋駅 2階建 築37年,東京都中野区江古田４,60000.0,2000.0,60000.0,60000.0,2,1K,18.0,37,2,沼袋駅,10,14.67,107028.63,98445.68,227,1447,1,0.07271333461823765
https://suumo.jp/chintai/jnc_000106451631/?bc=100501653860,西武新宿線 沼袋駅 2階建 築38年,東京都中野区沼袋２,69000.0,1000.0,69000.0,69000.0,2,1K,14.7,38,2,沼袋駅,5,11.67,107028.63,98445.68,227,1447,1,0.08980671628431064
https://suumo.jp/chintai/jnc_000106061572/?bc=100498473740,西武新宿線 沼袋駅 3階建 築16年,東京都中野区沼袋２,122000.0,7000.0,122000.0,122000.0,2,1DK,35.76,16,3,沼袋駅,6,12.33,107028.63,130743.78,227,402,1,0.16002824391470438
https://suumo.jp/chintai/jnc_000106740239/?bc=100503653284,西武新宿線 沼袋駅 3階建 築38年,東京都中野区沼袋１,198000.0,7000.0,,30000.0,1,3LDK,71.17,38,3,沼袋駅,7,12.67,107028.63,281205.13,227,156,1,0.014856761751114722
https://suumo.jp/chintai/jnc_000107117073/?bc=100506535230,コンフォール,東京都中野区江古田２,73000.0,3000.0,73000.0,73000.0,1,1K,24.0,21,2,沼袋駅,12,15.00,107028.63,98445.68,227,1447,1,0.07174448519384974
https://suumo.jp/chintai/jnc_000106897485/?bc=100504760239,コンフォート沼袋,東京都中野区沼袋３,65000.0,3000.0,65000.0,,2,1K,16.17,24,3,沼袋駅,1,10.67,107028.63,98445.68,227,1447,1,0.09220631322256917
https://suumo.jp/chintai/jnc_000020997174/?bc=100449718453,コスモス21,東京都中野区沼袋２,65000.0,1000.0,65000.0,65000.0,2,1K,18.0,41,2,沼袋駅,6,12.00,107028.63,98445.68,227,1447,1,0.09369489429753725
https://suumo.jp/chintai/jnc_000032746641/?bc=100453136151,コーポ阿部,東京都中野区新井３,60000.0,3000.0,60000.0,60000.0,3,1K,20.25,33,3,沼袋駅,9,13.00,107028.63,98445.68,227,1447,1,0.10344300783911431
https://suumo.jp/chintai/jnc_000106939563/?bc=100504493385,西武新宿線 沼袋駅 2階建 築41年,東京都中野区沼袋２,69000.0,1000.0,69000.0,69000.0,2,1K,15.8,41,2,沼袋駅,6,15.33,107028.63,98445.68,227,1447,1,0.05870110018288727
https://suumo.jp/chintai/jnc_000060505373/?bc=100506943377,レジデンスラフォーレII,東京都中野区新井４,60000.0,9000.0,60000.0,,3,1R,20.0,34,3,沼袋駅,5,11.67,107028.63,82826.39,227,879,1,0.09242336889480118
https://suumo.jp/chintai/jnc_000107216257/?bc=100507009569,西武新宿線 沼袋駅 2階建 築45年,東京都中野区沼袋１,52000.0,2000.0,,,2,1K,20.0,45,2,沼袋駅,3,11.67,107028.63,98445.68,227,1447,1,0.08108392873899584
https://suumo.jp/chintai/jnc_000105204784/?bc=100500465283,西武新宿線 沼袋駅 2階建 築5年,東京都中野区江古田２,71000.0,6500.0,71000.0,71000.0,2,1K,14.9,5,2,沼袋駅,11,14.00,107028.63,98445.68,227,1447,1,0.09498681222188626
https://suumo.jp/chintai/jnc_000092577668/?bc=100473972414,西武新宿線 沼袋駅 2階建 築63年,東京都中野区松が丘２,55000.0,,55000.0,55000.0,2,1K,20.0,63,2,沼袋駅,8,12.33,107028.63,98445.68,227,1447,1,0.08372578598745256
https://suumo.jp/chintai/jnc_000107027207/?bc=100504385564,西武新宿線 沼袋駅 2階建 築9年,東京都中野区沼袋２,72000.0,3000.0,72000.0,72000.0,2,1K,19.32,9,2,沼袋駅,8,15.00,107028.63,98445.68,227,1447,1,0.09498059886843546
https://suumo.jp/chintai/jnc_000106900821/?bc=100504817861,西武新宿線 沼袋駅 3階建 新築,東京都中野区沼袋１,120000.0,,120000.0,120000.0,3,1K,27.19,0,3,沼袋駅,7,11.00,107028.63,98445.68,227,1447,1,0.14801686464997355
https://suumo.jp/chintai/jnc_000105679502/?bc=100506679729,西武新宿線 沼袋駅 3階建 築12年,東京都中野区新井３,96000.0,3000.0,96000.0,,3,1K,28.42,12,3,沼袋駅,7,10.33,107028.63,98445.68,227,1447,1,0.13555131611411603
https://suumo.jp/chintai/jnc_000105308881/?bc=100500403634,西武新宿線 沼袋駅 3階建 築12年,東京都中野区沼袋３,89000.0,3000.0,89000.0,89000.0,3,1K,29.66,12,3,沼袋駅,3,8.67,107028.63,98445.68,227,1447,1,0.1189353542274767
https://suumo.jp/chintai/jnc_000103551236/?bc=100478441964,西武新宿線 沼袋駅 3階建 築18年,東京都中野区江古田２,73000.0,3000.0,73000.0,73000.0,1,1K,26.25,18,3,沼袋駅,12,14.67,107028.63,98445.68,227,1447,1,0.07624915088851297
https://suumo.jp/chintai/jnc_000102477848/?bc=100498942371,西武新宿線 沼袋駅 3階建 築19年,東京都中野区沼袋１,76000.0,3000.0,76000.0,76000.0,3,1K,22.0,19,3,沼袋駅,5,11.67,107028.63,98445.68,227,1447,1,0.1285166781388974
https://suumo.jp/chintai/jnc_000106472857/?bc=100501760924,西武新宿線 沼袋駅 3階建 築23年,東京都中野区江古田２,70000.0,5000.0,,,2,1K,20.87,23,3,沼袋駅,10,13.00,107028.63,98445.68,227,1447,1,0.12598602205351206
https://suumo.jp/chintai/jnc_000040063016/?bc=100498913787,西武新宿線 沼袋駅 3階建 築26年,東京都中野区沼袋１,57000.0,3000.0,57000.0,28500.0,2,1K,17.82,26,3,沼袋駅,5,11.33,107028.63,98445.68,227,1447,1,0.12051913814562959
https://suumo.jp/chintai/jnc_000100847076/?bc=100500584714,西武新宿線 沼袋駅 4階建 築42年,東京都中野区新井２,88000.0,,88000.0,88000.0,3,1K,25.0,42,4,沼袋駅,11,12.00,107028.63,98445.68,227,1447,1,0.1124693166816167
https://suumo.jp/chintai/jnc_000106146971/?bc=100504972718,西武新宿線 沼袋駅 4階建 築48年,東京都中野区沼袋２,86000.0,4000.0,86000.0,,1,1K,25.0,48,4,沼袋駅,4,10.00,107028.63,98445.68,227,1447,1,0.11006578481475915
https://suumo.jp/chintai/jnc_000106696827/?bc=100504852691,クレアシオン中野北,東京都中野区江古田４,75000.0,10000.0,,75000.0,1,1K,19.83,26,9,沼袋駅,9,14.33,107028.63,98445.68,227,1447,1,0.09333866338684726
https://suumo.jp/chintai/jnc_000060517494/?bc=100385491175,松美荘,東京都中野区新井２,28000.0,2000.0,,,2,1R,12.4,67,2,沼袋駅,9,10.33,107028.63,82826.39,227,879,-1,-0.002155013732783151
https://suumo.jp/chintai/jnc_000094336892/?bc=100408229960,松美荘,東京都中野区新井２,36000.0,2000.0,,,2,1R,14.0,67,2,沼袋駅,9,10.33,107028.63,82826.39,227,879,1,0.007104229464549028
https://suumo.jp/chintai/jnc_000106268340/?bc=100505261887,西武新宿線 沼袋駅 5階建 築37年,東京都中野区沼袋１,57000.0,4000.0,57000.0,57000.0,3,1K,17.02,37,5,沼袋駅,5,12.33,107028.63,98445.68,227,1447,1,0.11399964692327391
https://suumo.jp/chintai/jnc_000106597700/?bc=100502982590,第２おおとり荘,東京都中野区沼袋４,40000.0,1000.0,,,1,1R,11.02,62,2,沼袋駅,6,12.33,107028.63,82826.39,227,879,-1,-0.0007666076074761552
https://suumo.jp/chintai/jnc_000105756216/?bc=100499065569,西武新宿線 沼袋駅 6階建 築20年,東京都中野区江古田４,95000.0,10000.0,,95000.0,3,1K,20.37,20,6,沼袋駅,9,14.33,107028.63,98445.68,227,1447,1,0.11755390355415579
https://suumo.jp/chintai/jnc_000107194860/?bc=100505624635,西武新宿線 沼袋駅 8階建 築13年,東京都中野区沼袋２,105000.0,10000.0,105000.0,,2,1K,25.6,13,8,沼袋駅,9,12.33,107028.63,98445.68,227,1447,1,0.1390260240429254
https://suumo.jp/chintai/jnc_000106480636/?bc=100501890790,グランドール中野,東京都中野区新井２,96000.0,4000.0,96000.0,96000.0,4,1K,22.23,11,4,沼袋駅,10,11.33,107028.63,98445.68,227,1447,1,0.12768987168679313
https://suumo.jp/chintai/jnc_000106740240/?bc=100505318232,西武新宿線 沼袋駅 8階建 築13年,東京都中野区沼袋２,110000.0,10000.0,110000.0,,2,1K,25.6,13,8,沼袋駅,9,12.33,107028.63,98445.68,227,1447,1,0.1372908429081161
https://suumo.jp/chintai/jnc_000106211900/?bc=100500058094,西武新宿線 沼袋駅 9階建 築17年,東京都中野区江古田４,110000.0,11000.0,,110000.0,3,1K,24.58,17,9,沼袋駅,9,14.00,107028.63,98445.68,227,1447,1,0.11653159008381331
https://suumo.jp/chintai/jnc_000107138583/?bc=100506488565,グランヴァン中野江古田,東京都中野区江古田２,77000.0,10000.0,,77000.0,7,1K,20.01,20,10,沼袋駅,10,11.67,107028.63,98445.68,227,1447,1,0.08051999198243914
https://suumo.jp/chintai/jnc_000107068993/?bc=100506146571,Ｇフォレスト沼袋,東京都中野区沼袋１,98000.0,5500.0,,98000.0,2,1K,22.35,21,2,沼袋駅,5,12.33,107028.63,98445.68,227,1447,1,0.14174411055375713
https://suumo.jp/chintai/jnc_000106176807/?bc=100501269291,Ｇフォレスト沼袋,東京都中野区沼袋１,97000.0,5500.0,,97000.0,2,1K,22.35,21,2,沼袋駅,5,12.33,107028.63,98445.68,227,1447,1,0.14174411055375713
https://suumo.jp/chintai/jnc_000105994282/?bc=100498409696,Ｇフォレスト沼袋,東京都中野区沼袋１,93000.0,5500.0,,93000.0,1,1K,22.35,21,2,沼袋駅,5,12.33,107028.63,98445.68,227,1447,1,0.13884102737262555
https://suumo.jp/chintai/jnc_000038601191/?bc=100498940468,エスポワール,東京都中野区沼袋１,57000.0,3000.0,57000.0,57000.0,2,1K,17.82,26,3,沼袋駅,6,12.00,107028.63,98445.68,227,1447,1,0.11833174086942516
https://suumo.jp/chintai/jnc_000102998254/?bc=100505567082,西武新宿線 沼袋駅 2階建 築11年,東京都中野区江古田２,96000.0,3000.0,96000.0,96000.0,1,1R,36.93,11,2,沼袋駅,11,15.33,107028.63,82826.39,227,879,1,0.030671420694296347
https://suumo.jp/chintai/jnc_000106950533/?bc=100505072630,西武新宿線 沼袋駅 2階建 築11年,東京都中野区沼袋４,49000.0,3000.0,,,1,1R,9.87,11,2,沼袋駅,6,11.67,107028.63,82826.39,227,879,1,0.0800919627711299
https://suumo.jp/chintai/jnc_000104789412/?bc=100493585724,西武新宿線 沼袋駅 2階建 築14年,東京都中野区沼袋２,81000.0,3000.0,40500.0,121500.0,2,1R,25.98,14,2,沼袋駅,8,12.33,107028.63,82826.39,227,879,1,0.09999835643221627
https://suumo.jp/chintai/jnc_000107027206/?bc=100505957575,西武新宿線 沼袋駅 2階建 築15年,東京都中野区沼袋１,78000.0,2000.0,78000.0,78000.0,2,1R,24.01,15,2,沼袋駅,2,9.67,107028.63,82826.39,227,879,1,0.07302381362708676
https://suumo.jp/chintai/jnc_000106228559/?bc=100503869714,西武新宿線 沼袋駅 2階建 築17年,東京都中野区沼袋４,53000.0,2000.0,,,2,1R,12.0,17,2,沼袋駅,6,11.67,107028.63,82826.39,227,879,1,0.08127374337915955
https://suumo.jp/chintai/jnc_000107053534/?bc=100506009606,西武新宿線 沼袋駅 2階建 築19年,東京都中野区江古田２,45000.0,3000.0,,,1,1R,9.07,19,2,沼袋駅,13,15.67,107028.63,82826.39,227,879,1,0.016735161239807672
https://suumo.jp/chintai/jnc_000102998303/?bc=100479457673,西武新宿線 沼袋駅 2階建 築2年,東京都中野区沼袋１,61000.0,4000.0,,61000.0,1,1R,11.0,2,2,沼袋駅,5,11.33,107028.63,82826.39,227,879,1,0.09574214188679037
https://suumo.jp/chintai/jnc_000103123140/?bc=100475934667,西武新宿線 沼袋駅 2階建 築2年,東京都中野区沼袋３,64000.0,4000.0,,64000.0,2,1R,12.61,2,2,沼袋駅,6,11.67,107028.63,82826.39,227,879,1,0.09982232390909473
https://suumo.jp/chintai/jnc_000106696868/?bc=100503605476,西武新宿線 沼袋駅 2階建 築44年,東京都中野区沼袋３,73000.0,3000.0,73000.0,73000.0,2,1R,13.9,44,2,沼袋駅,5,9.67,107028.63,82826.39,227,879,1,0.08665086634001334
https://suumo.jp/chintai/jnc_000107183254/?bc=100506723604,西武新宿線 沼袋駅 2階建 築4年,東京都中野区沼袋２,66000.0,4000.0,,66000.0,2,1R,12.12,4,2,沼袋駅,9,12.67,107028.63,82826.39,227,879,1,0.08822216409175254
https://suumo.jp/chintai/jnc_000107009861/?bc=100506685003,西武新宿線 沼袋駅 2階建 築5年,東京都中野区松が丘２,62000.0,3000.0,,,2,1R,10.42,5,2,沼袋駅,12,14.00,107028.63,82826.39,227,879,1,0.05613770873065771
https://suumo.jp/chintai/jnc_000106028099/?bc=100506134193,西武新宿線 沼袋駅 2階建 築6年,東京都中野区松が丘２,62000.0,3000.0,,,2,1R,10.7,6,2,沼袋駅,12,14.00,107028.63,82826.39,227,879,1,0.05682787117553362
https://suumo.jp/chintai/jnc_000087441404/?bc=100505270614,西武新宿線 沼袋駅 2階建 築9年,東京都中野区沼袋２,50000.0,3000.0,,,2,1R,9.42,9,2,沼袋駅,6,13.67,107028.63,82826.39,227,879,1,0.07008986189723337
https://suumo.jp/chintai/jnc_000103833569/?bc=100482816391,西武新宿線 沼袋駅 3階建 築28年,東京都中野区新井３,70000.0,3000.0,,,2,1R,16.5,28,3,沼袋駅,10,12.00,107028.63,82826.39,227,879,1,0.09133193764418529
https://suumo.jp/chintai/jnc_000106818052/?bc=100504195258,西武新宿線 沼袋駅 4階建 新築,東京都中野区新井４,98000.0,10000.0,98000.0,,1,1R,20.2,0,4,沼袋駅,4,10.33,107028.63,82826.39,227,879,1,0.09442842951621544
https://suumo.jp/chintai/jnc_000106818053/?bc=100504195316,西武新宿線 沼袋駅 4階建 新築,東京都中野区新井４,105000.0,10000.0,105000.0,,3,1R,20.2,0,4,沼袋駅,4,10.33,107028.63,82826.39,227,879,1,0.09658428391235163
https://suumo.jp/chintai/jnc_000106168510/?bc=100499376820,西武新宿線 沼袋駅 4階建 築3年,東京都中野区新井４,93000.0,15000.0,93000.0,,3,1R,17.54,3,4,沼袋駅,6,9.67,107028.63,82826.39,227,879,1,0.08416471685043914
https://suumo.jp/chintai/jnc_000106157118/?bc=100501007655,西武新宿線 沼袋駅 4階建 築3年,東京都中野区新井４,85000.0,15000.0,85000.0,,4,1R,17.54,3,4,沼袋駅,6,9.67,107028.63,82826.39,227,879,1,0.0745571364423559
https://suumo.jp/chintai/jnc_000073304552/?bc=100506685007,西武新宿線 沼袋駅 4階建 築6年,東京都中野区江古田２,70000.0,10000.0,,,3,1R,18.72,6,4,沼袋駅,11,14.33,107028.63,82826.39,227,879,1,0.06707467982006132
https://suumo.jp/chintai/jnc_000101783983/?bc=100477734181,西武新宿線 沼袋駅 4階建 築6年,東京都中野区沼袋１,72000.0,9000.0,,,4,1R,12.35,6,4,沼袋駅,3,10.67,107028.63,82826.39,227,879,1,0.07603625183287899
https://suumo.jp/chintai/jnc_000106192363/?bc=100499725557,西武新宿線 沼袋駅 5階建 築27年,東京都中野区沼袋３,260000.0,10000.0,520000.0,260000.0,4,3LDK,82.68,27,5,沼袋駅,3,10.33,107028.63,281205.13,227,156,-1,-0.018403650769870827
https://suumo.jp/chintai/jnc_000106260814/?bc=100481771462,メゾンクレドール,東京都中野区沼袋２,48000.0,3000.0,48000.0,,1,1SK,24.3,41,2,沼袋駅,9,13.67,107028.63,138076.92,227,13,1,0.024873061235960392
https://suumo.jp/chintai/jnc_000103913721/?bc=100501635064,シェル中野,東京都中野区沼袋１,185000.0,,185000.0,185000.0,2,1SLDK,44.9,0,2,沼袋駅,2,10.67,107028.63,231590.91,227,33,1,0.04880982955274277
https://suumo.jp/chintai/jnc_000104399666/?bc=100505109984,西武新宿線 沼袋駅 2階建 新築,東京都中野区沼袋１,185000.0,,185000.0,185000.0,1,1SLDK,44.9,0,2,沼袋駅,2,13.00,107028.63,231590.91,227,33,1,0.03941372387760278
https://suumo.jp/chintai/jnc_000104399666/?bc=100505109984,西武新宿線 沼袋駅 2階建 新築,東京都中野区沼袋１,185000.0,,185000.0,185000.0,2,1SLDK,44.9,0,2,沼袋駅,2,13.00,107028.63,231590.91,227,33,1,0.03984787345876695
https://suumo.jp/chintai/jnc_000106081820/?bc=100498632407,マニフィークメゾン,東京都中野区沼袋２,111000.0,4000.0,111000.0,111000.0,3,2DK,46.37,28,3,沼袋駅,7,12.33,107028.63,135945.31,227,128,1,0.05388838783906236
https://suumo.jp/chintai/jnc_000104326790/?bc=100489942305,ロアール江古田,東京都中野区江古田４,132000.0,10000.0,,132000.0,5,2DK,39.52,20,6,沼袋駅,12,15.67,107028.63,135945.31,227,128,-1,-0.00048765587119636855
https://suumo.jp/chintai/jnc_000106838051/?bc=100504356822,西武新宿線 沼袋駅 地上3階建 築18年,東京都中野区沼袋２,249000.0,,249000.0,249000.0,1,3LDK,103.48,18,3,沼袋駅,5,14.67,107028.63,281205.13,227,156,-1,-0.033592915727504224
https://suumo.jp/chintai/jnc_000106838051/?bc=100504356822,西武新宿線 沼袋駅 地上3階建 築18年,東京都中野区沼袋２,249000.0,,249000.0,249000.0,2,3LDK,103.48,18,3,沼袋駅,5,14.67,107028.63,281205.13,227,156,-1,-0.03004335412138981
https://suumo.jp/chintai/jnc_000106838051/?bc=100504356822,西武新宿線 沼袋駅 地上3階建 築18年,東京都中野区沼袋２,249000.0,,249000.0,249000.0,3,3LDK,103.48,18,3,沼袋駅,5,14.67,107028.63,281205.13,227,156,-1,-0.03310782689843761
https://suumo.jp/chintai/jnc_000106756581/?bc=100505262189,ＡＱＵＡ ＧＡＲＤＥＮ,東京都中野区沼袋４,98000.0,5000.0,98000.0,,3,1K,25.46,3,5,沼袋駅,4,13.00,107028.63,98445.68,227,1447,1,0.11954932686927444
https://suumo.jp/chintai/jnc_000094427060/?bc=100499609643,グランヴァン中野江古田,東京都中野区江古田２,140000.0,10000.0,,140000.0,6,2DK,40.6,20,10,沼袋駅,10,11.67,107028.63,135945.31,227,128,1,0.02251385383276505
https://suumo.jp/chintai/jnc_000102380263/?bc=100499286330,西武新宿線 沼袋駅 5階建 築49年,東京都中野区沼袋４,95000.0,,95000.0,95000.0,4,2DK,30.0,49,5,沼袋駅,7,14.00,107028.63,135945.31,227,128,1,0.029317758747390843
https://suumo.jp/chintai/jnc_000107045704/?bc=100506003723,西武新宿線 沼袋駅 4階建 築55年,東京都中野区江古田２,90000.0,,90000.0,,4,2DK,56.56,55,4,沼袋駅,8,12.00,107028.63,135945.31,227,128,1,0.016085873473840828
https://suumo.jp/chintai/jnc_000104942813/?bc=100489396754,西武新宿線 沼袋駅 3階建 築32年,東京都中野区沼袋３,120000.0,6000.0,,,1,2DK,41.07,32,3,沼袋駅,2,10.00,107028.63,135945.31,227,128,1,0.051171288852248864
https://suumo.jp/chintai/jnc_000106241056/?bc=100500578013,西武新宿線 沼袋駅 3階建 築28年,東京都中野区沼袋２,111000.0,4000.0,111000.0,111000.0,3,2DK,46.37,28,3,沼袋駅,6,12.67,107028.63,135945.31,227,128,1,0.04502571536858424
https://suumo.jp/chintai/jnc_000107016031/?bc=100506667581,西武新宿線 沼袋駅 3階建 築25年,東京都中野区沼袋４,129000.0,14000.0,129000.0,129000.0,3,2DK,43.06,25,3,沼袋駅,7,12.00,107028.63,135945.31,227,128,1,0.046707363964752724
https://suumo.jp/chintai/jnc_000104910025/?bc=100342686220,西武新宿線 沼袋駅 10階建 築20年,東京都中野区江古田２,145000.0,10000.0,,145000.0,6,2DK,40.6,20,10,沼袋駅,10,11.67,107028.63,135945.31,227,128,1,0.022521295179025513
https://suumo.jp/chintai/jnc_000107016030/?bc=100505631428,ドゥーム沼袋,東京都中野区沼袋４,129000.0,14000.0,129000.0,129000.0,3,2DK,43.06,26,3,沼袋駅,7,11.67,107028.63,135945.31,227,128,1,0.04735061511820343
https://suumo.jp/chintai/jnc_000107221848/?bc=100507066399,旭ビル,東京都中野区江古田２,90000.0,,90000.0,,4,2DK,56.56,55,4,沼袋駅,10,13.33,107028.63,135945.31,227,128,-1,-0.0012634855460775807
https://suumo.jp/chintai/jnc_000092577666/?bc=100505262220,川島ハウス,東京都中野区松が丘２,55000.0,,55000.0,55000.0,2,1K,20.0,63,2,沼袋駅,8,12.33,107028.63,98445.68,227,1447,1,0.08372578598745256
https://suumo.jp/chintai/jnc_000107020880/?bc=100494253630,住吉ビル,東京都中野区新井４,40000.0,,40000.0,40000.0,3,1K,20.0,53,3,沼袋駅,6,9.00,107028.63,98445.68,227,1447,1,0.08585283358721268
https://suumo.jp/chintai/jnc_000107123458/?bc=100506485941,トリーベルハイツ,東京都中野区沼袋１,88000.0,2000.0,88000.0,,2,2K,35.5,61,4,沼袋駅,2,11.00,107028.63,136763.16,227,114,-1,-0.013218967146932714
https://suumo.jp/chintai/jnc_000107108934/?bc=100506337048,西武新宿線 沼袋駅 4階建 築61年,東京都中野区沼袋１,88000.0,2000.0,88000.0,,2,2K,30.0,61,4,沼袋駅,2,9.33,107028.63,136763.16,227,114,-1,-0.01833675909219712
https://suumo.jp/chintai/jnc_000106678297/?bc=100481308986,グラシア沼袋,東京都中野区新井４,110000.0,5000.0,110000.0,110000.0,1,2K,38.0,22,3,沼袋駅,3,10.33,107028.63,136763.16,227,114,1,0.027240754704679127
https://suumo.jp/chintai/jnc_000106705333/?bc=100503449216,沼袋3丁目,東京都中野区沼袋３,77000.0,3000.0,77000.0,77000.0,2,1K,23.0,35,2,沼袋駅,4,8.67,107028.63,98445.68,227,1447,1,0.12086423559430548
https://suumo.jp/chintai/jnc_000106943948/?bc=100505813989,オープンレジデンシア中野平和の森公園,東京都中野区野方２,140000.0,,140000.0,140000.0,6,3LDK,71.19,8,11,沼袋駅,9,15.00,107028.63,281205.13,227,156,-1,-0.005741837791149673
https://suumo.jp/chintai/jnc_000106696867/?bc=100503568363,フォレスト I,東京都中野区沼袋１,198000.0,7000.0,,30000.0,1,3LDK,71.17,38,3,沼袋駅,7,12.67,107028.63,281205.13,227,156,1,0.014856761751114722
https://suumo.jp/chintai/jnc_000105756215/?bc=100501719481,ロアール江古田,東京都中野区江古田４,95000.0,10000.0,,95000.0,3,1K,20.37,20,6,沼袋駅,12,15.67,107028.63,98445.68,227,1447,1,0.0747374462571691
https://suumo.jp/chintai/jnc_000038176940/?bc=100208398879,翠雲荘,東京都中野区江古田１,44000.0,2000.0,44000.0,44000.0,2,2K,22.7,52,2,沼袋駅,10,11.00,107028.63,136763.16,227,114,-1,-0.02476298278795719
https://suumo.jp/chintai/jnc_000106322005/?bc=100500743944,ロアール中野沼袋,東京都中野区沼袋２,110000.0,10000.0,110000.0,,2,1K,25.6,13,8,沼袋駅,9,12.00,107028.63,98445.68,227,1447,1,0.1372908429081161
https://suumo.jp/chintai/jnc_000107177601/?bc=100505376592,ロアール中野沼袋,東京都中野区沼袋２,105000.0,10000.0,105000.0,,2,1K,25.6,13,8,沼袋駅,9,12.00,107028.63,98445.68,227,1447,1,0.1390260240429254
https://suumo.jp/chintai/jnc_000105528147/?bc=100493952007,Ｍｅｒｖｅ中野,東京都中野区新井２,227000.0,9000.0,227000.0,227000.0,3,2LDK,54.0,3,4,沼袋駅,10,12.00,107028.63,243512.76,227,392,1,0.08031886597458487
https://suumo.jp/chintai/jnc_000102328206/?bc=100496671426,Ｌｉｂｅｒｔｅ沼袋,東京都中野区沼袋２,215000.0,18000.0,,,2,2LDK,49.62,2,3,沼袋駅,8,12.33,107028.63,243512.76,227,392,1,0.08102951305133876
https://suumo.jp/chintai/jnc_000106402120/?bc=100453163995,Ｌｉｂｅｒｔｅ沼袋,東京都中野区沼袋２,205000.0,18000.0,,,2,2LDK,49.62,2,3,沼袋駅,8,12.33,107028.63,243512.76,227,392,1,0.0784147332234933
https://suumo.jp/chintai/jnc_000106423399/?bc=100501438314,Ｌｉｂｅｒｔｅ沼袋,東京都中野区沼袋２,197000.0,18000.0,,,2,2LDK,49.62,2,3,沼袋駅,8,12.33,107028.63,243512.76,227,392,1,0.07793146910662235
https://suumo.jp/chintai/jnc_000098068878/?bc=100489643651,Ｌｉｂｅｒｔｅ沼袋,東京都中野区沼袋２,231000.0,18000.0,,,1,2LDK,56.36,2,3,沼袋駅,8,12.33,107028.63,243512.76,227,392,1,0.06815146556679547
https://suumo.jp/chintai/jnc_000102328204/?bc=100489098740,Ｌｉｂｅｒｔｅ沼袋,東京都中野区沼袋２,210000.0,18000.0,,,1,2LDK,49.62,2,3,沼袋駅,8,12.33,107028.63,243512.76,227,392,1,0.06915082146523643
https://suumo.jp/chintai/jnc_000106402118/?bc=100453158304,Ｌｉｂｅｒｔｅ沼袋,東京都中野区沼袋２,197000.0,18000.0,,,1,2LDK,49.62,2,3,沼袋駅,8,12.33,107028.63,243512.76,227,392,1,0.068657433027985
https://suumo.jp/chintai/jnc_000105994284/?bc=100498409840,レオパレスはなみずき,東京都中野区沼袋４,99000.0,5500.0,,99000.0,2,1K,22.35,18,2,沼袋駅,6,13.00,107028.63,98445.68,227,1447,1,0.13517730206445466
https://suumo.jp/chintai/jnc_000104163311/?bc=100502601127,レオネクストエクセルアサヒIII,東京都中野区沼袋２,94000.0,5500.0,,94000.0,2,1K,28.53,13,2,沼袋駅,8,13.33,107028.63,98445.68,227,1447,1,0.13380935036468
https://suumo.jp/chintai/jnc_000106848704/?bc=100504434420,レオネクストエクセルアサヒII,東京都中野区沼袋２,115000.0,5500.0,,115000.0,1,1K,30.91,13,3,沼袋駅,8,12.33,107028.63,98445.68,227,1447,1,0.13840660076092504
https://suumo.jp/chintai/jnc_000106366594/?bc=100501081468,プラムコート沼袋,東京都中野区沼袋３,96000.0,9000.0,,,2,1DK,29.28,32,3,沼袋駅,1,9.67,107028.63,130743.78,227,402,1,0.1274372713850499
https://suumo.jp/chintai/jnc_000106848699/?bc=100504879726,第一アパート,東京都中野区沼袋１,128000.0,,128000.0,128000.0,1,1K,29.52,0,3,沼袋駅,7,11.67,107028.63,98445.68,227,1447,1,0.141406998489156
https://suumo.jp/chintai/jnc_000106848701/?bc=100504879727,第一アパート,東京都中野区沼袋１,117000.0,,117000.0,117000.0,2,1K,25.55,0,3,沼袋駅,7,11.67,107028.63,98445.68,227,1447,1,0.14956862442155983
https://suumo.jp/chintai/jnc_000106854945/?bc=100504879725,第一アパート,東京都中野区沼袋１,138000.0,,138000.0,138000.0,3,1K,25.55,0,3,沼袋駅,7,11.67,107028.63,98445.68,227,1447,1,0.1418970962160761
https://suumo.jp/chintai/jnc_000106959637/?bc=100505343676,第一アパート,東京都中野区沼袋１,130000.0,,130000.0,130000.0,3,1K,25.55,0,3,沼袋駅,7,11.67,107028.63,98445.68,227,1447,1,0.14565288072373023
https://suumo.jp/chintai/jnc_000106854946/?bc=100504879722,第一アパート,東京都中野区沼袋１,120000.0,,120000.0,120000.0,3,1K,27.19,0,3,沼袋駅,7,11.67,107028.63,98445.68,227,1447,1,0.1468494006699987
https://suumo.jp/chintai/jnc_000106848703/?bc=100504879720,第一アパート,東京都中野区沼袋１,286000.0,,286000.0,286000.0,2,3LDK,60.93,0,3,沼袋駅,7,11.67,107028.63,281205.13,227,156,1,0.04420123083373839
https://suumo.jp/chintai/jnc_000105608667/?bc=100494672577,ルナパーク,東京都中野区新井３,96000.0,3000.0,96000.0,,3,1K,28.42,12,3,沼袋駅,7,10.00,107028.63,98445.68,227,1447,1,0.1320209760447263
https://suumo.jp/chintai/jnc_000106959613/?bc=100489412058,新井3丁目貸家,東京都中野区新井３,175000.0,,175000.0,175000.0,1,2LDK,53.0,6,3,沼袋駅,6,9.00,107028.63,243512.76,227,392,1,0.09079607809084661
https://suumo.jp/chintai/jnc_000103524032/?bc=100478462610,シティハウス中野テラス,東京都中野区新井４,260000.0,20000.0,260000.0,260000.0,3,3LDK,70.03,8,7,沼袋駅,6,16.67,107028.63,281205.13,227,156,-1,-0.031942032458682545
https://suumo.jp/chintai/jnc_000106501261/?bc=100502012406,シティコア２１,東京都中野区江古田４,212000.0,20000.0,212000.0,212000.0,3,3LDK,90.48,38,3,沼袋駅,10,15.00,107028.63,281205.13,227,156,-1,-0.05962655730765887
https://suumo.jp/chintai/jnc_000106663078/?bc=100505621450,ラミアカーザ・ナカノ,東京都中野区江古田４,135000.0,5000.0,135000.0,,3,2LDK,47.0,37,7,沼袋駅,6,13.00,107028.63,243512.76,227,392,1,0.07777585003282167
https://suumo.jp/chintai/jnc_000102436668/?bc=100500537155,ル・グラン中野沼袋,東京都中野区沼袋１,76000.0,3000.0,76000.0,76000.0,3,1K,22.0,19,3,沼袋駅,5,10.00,107028.63,98445.68,227,1447,1,0.12768944872030202
https://suumo.jp/chintai/jnc_000092577667/?bc=100455112068,川島ハウス,東京都中野区松が丘２,54000.0,,54000.0,54000.0,2,1DK,24.3,63,2,沼袋駅,8,12.33,107028.63,130743.78,227,402,1,0.09264598191752421
https://suumo.jp/chintai/jnc_000106740219/?bc=100503582179,沼袋コーポラス,東京都中野区新井４,130000.0,,130000.0,130000.0,4,2LDK,50.22,57,8,沼袋駅,3,8.33,107028.63,243512.76,227,392,1,0.045887957396266166
https://suumo.jp/chintai/jnc_000106228558/?bc=100499555498,パークサイドテラス,東京都中野区沼袋３,260000.0,10000.0,520000.0,260000.0,4,3LDK,82.68,27,5,沼袋駅,3,10.67,107028.63,281205.13,227,156,-1,-0.01773026272857403
https://suumo.jp/chintai/jnc_000102998334/?bc=100473970689,西武新宿線 沼袋駅 2階建 築63年,東京都中野区松が丘２,54000.0,,54000.0,54000.0,2,1DK,24.3,63,2,沼袋駅,8,12.33,107028.63,130743.78,227,402,1,0.09264598191752421
https://suumo.jp/chintai/jnc_000106854947/?bc=100504879717,第一アパート,東京都中野区沼袋１,286000.0,,286000.0,286000.0,3,3LDK,55.82,0,3,沼袋駅,7,11.67,107028.63,281205.13,227,156,1,0.04618790306092552
https://suumo.jp/chintai/jnc_000106439986/?bc=100502031880,メゾン中野,東京都中野区江古田２,70000.0,5000.0,,,2,1K,20.87,23,3,沼袋駅,10,13.00,107028.63,98445.68,227,1447,1,0.12598602205351206
https://suumo.jp/chintai/jnc_000098502264/?bc=100446190283,西武新宿線 沼袋駅 2階建 築2年,東京都中野区松が丘２,239000.0,6000.0,,,1,3LDK,58.64,2,2,沼袋駅,7,12.00,107028.63,281205.13,227,156,1,0.0342082574909231
https://suumo.jp/chintai/jnc_000098502263/?bc=100445422415,西武新宿線 沼袋駅 2階建 築2年,東京都中野区松が丘２,247000.0,6000.0,,,1,3LDK,59.02,2,2,沼袋駅,7,12.00,107028.63,281205.13,227,156,1,0.0360244773874589
https://suumo.jp/chintai/jnc_000106061571/?bc=100498692993,Ｂｏａ　Ｓｏｒｔｅ,東京都中野区沼袋２,122000.0,7000.0,122000.0,122000.0,2,1DK,35.76,16,3,沼袋駅,6,12.33,107028.63,130743.78,227,402,1,0.16002824391470438
https://suumo.jp/chintai/jnc_000107082749/?bc=100506100168,西武新宿線 沼袋駅 3階建 築41年,東京都中野区沼袋３,85000.0,,85000.0,85000.0,1,1DK,38.47,41,3,沼袋駅,3,9.00,107028.63,130743.78,227,402,1,0.1308820478330453
https://suumo.jp/chintai/jnc_000104519171/?bc=100486241442,Maison de bleu,東京都中野区沼袋３,136000.0,4000.0,136000.0,136000.0,2,1DK,36.0,26,2,沼袋駅,3,10.67,107028.63,130743.78,227,402,1,0.1406030867474108
https://suumo.jp/chintai/jnc_000100460434/?bc=100506313994,西武新宿線 沼袋駅 2階建 築2年,東京都中野区沼袋４,116000.0,3000.0,116000.0,116000.0,2,1DK,28.0,2,2,沼袋駅,9,13.33,107028.63,130743.78,227,402,1,0.1204156054554924
https://suumo.jp/chintai/jnc_000066176040/?bc=100505740225,CＪサイプレス沼袋,東京都中野区沼袋１,76000.0,,,,1,1DK,25.74,21,2,沼袋駅,2,10.67,107028.63,130743.78,227,402,1,0.13253878922961143
https://suumo.jp/chintai/jnc_000043503472/?bc=100503190014,西武新宿線 沼袋駅 3階建 築38年,東京都中野区沼袋４,80000.0,3000.0,80000.0,80000.0,2,1DK,32.72,38,3,沼袋駅,4,12.00,107028.63,130743.78,227,402,1,0.12986212623956023
https://suumo.jp/chintai/jnc_000055441978/?bc=100424402184,松ヶ丘2丁目19戸建,東京都中野区松が丘２,240000.0,,240000.0,,1,4LDK,90.02,26,3,沼袋駅,9,15.00,107028.63,309285.71,227,14,1,0.0025964258225547043
https://suumo.jp/chintai/jnc_000105779304/?bc=100502527619,西武新宿線 沼袋駅 3階建 築2年,東京都中野区沼袋２,231000.0,18000.0,,,1,2LDK,56.36,2,3,沼袋駅,8,16.00,107028.63,243512.76,227,392,1,0.03529499071801212
https://suumo.jp/chintai/jnc_000106402123/?bc=100453473390,西武新宿線 沼袋駅 3階建 築2年,東京都中野区沼袋２,205000.0,18000.0,,,2,2LDK,49.62,2,3,沼袋駅,8,16.00,107028.63,243512.76,227,392,1,0.04532967013661249
https://suumo.jp/chintai/jnc_000106745378/?bc=100489843150,西武新宿線 沼袋駅 4階建 築36年,東京都中野区沼袋１,188000.0,7000.0,,94000.0,2,2LDK,54.52,36,4,沼袋駅,3,10.67,107028.63,243512.76,227,392,1,0.08071905911437871
https://suumo.jp/chintai/jnc_000105398216/?bc=100502795595,アムサクラパルク,東京都中野区江古田１,150000.0,9000.0,150000.0,150000.0,2,1LDK,43.5,7,3,沼袋駅,12,13.00,107028.63,170377.07,227,811,1,0.08632950273721468
https://suumo.jp/chintai/jnc_000106480665/?bc=100503906048,西武新宿線 沼袋駅 5階建 築41年,東京都中野区松が丘２,155000.0,,155000.0,,5,2LDK,54.95,41,5,沼袋駅,9,16.67,107028.63,243512.76,227,392,1,0.03633492582147119
https://suumo.jp/chintai/jnc_000105818327/?bc=100473971661,ＪＲ中央線 中野駅 3階建 築23年,東京都中野区新井２,144000.0,5500.0,,144000.0,3,1LDK,40.57,23,3,沼袋駅,13,14.33,107028.63,170377.07,227,811,1,0.06835791743066227
https://suumo.jp/chintai/jnc_000043662796/?bc=100507049887,シュ・リーベ,東京都中野区沼袋３,109000.0,,109000.0,109000.0,1,1LDK,33.96,12,2,沼袋駅,8,12.67,107028.63,170377.07,227,811,1,0.09762317455231018
https://suumo.jp/chintai/jnc_000106772299/?bc=100488048824,ルオント中野,東京都中野区新井２,155000.0,10000.0,155000.0,155000.0,4,1LDK,41.0,37,4,沼袋駅,9,11.33,107028.63,170377.07,227,811,1,0.09731757272579916
https://suumo.jp/chintai/jnc_000101419843/?bc=100506220497,ネオアーバンレジデンス沼袋,東京都中野区新井４,159000.0,20000.0,159000.0,,1,1LDK,40.1,1,4,沼袋駅,7,11.33,107028.63,170377.07,227,811,1,0.09351573004430885
https://suumo.jp/chintai/jnc_000095580749/?bc=100505534061,松ヶ丘伊藤邸,東京都中野区松が丘２,250000.0,,250000.0,250000.0,1,4LDK,95.0,30,3,沼袋駅,11,12.33,107028.63,309285.71,227,14,1,0.0006515316166799678
https://suumo.jp/chintai/jnc_000106979057/?bc=100505466220,ＪＲ中央線 中野駅 4階建 築37年,東京都中野区新井２,155000.0,10000.0,155000.0,155000.0,4,1LDK,41.0,37,4,沼袋駅,9,11.00,107028.63,170377.07,227,811,1,0.099099318571917
https://suumo.jp/chintai/jnc_000105962048/?bc=100459046679,レオパレスソレイユＮＡＫＡＮＯ,東京都中野区新井２,144000.0,5500.0,,144000.0,3,1LDK,40.57,23,3,沼袋駅,13,14.33,107028.63,170377.07,227,811,1,0.06835791743066227
https://suumo.jp/chintai/jnc_000106720074/?bc=100506041866,フォレストV,東京都中野区沼袋１,188000.0,7000.0,,94000.0,2,2LDK,54.52,36,4,沼袋駅,5,11.00,107028.63,243512.76,227,392,1,0.0940128914319393
https://suumo.jp/chintai/jnc_000104920123/?bc=100500360809,フォレストV,東京都中野区沼袋１,192000.0,7000.0,,384000.0,2,2LDK,54.52,36,4,沼袋駅,5,11.00,107028.63,243512.76,227,392,1,0.0934352425516286
https://suumo.jp/chintai/jnc_000107200254/?bc=100506869446,カーサフォレスタ,東京都中野区松が丘２,120000.0,6000.0,120000.0,120000.0,1,1LDK,40.1,11,3,沼袋駅,9,11.67,107028.63,170377.07,227,811,1,0.10741879374747293
https://suumo.jp/chintai/jnc_000106848702/?bc=100504879723,第一アパート,東京都中野区沼袋１,180000.0,,180000.0,180000.0,2,1LDK,39.33,0,3,沼袋駅,7,11.67,107028.63,170377.07,227,811,1,0.11941717958178771
https://suumo.jp/chintai/jnc_000106756580/?bc=100503739982,アークビル沼袋,東京都中野区沼袋２,52000.0,4000.0,52000.0,,3,1K,15.0,40,4,沼袋駅,3,10.33,107028.63,98445.68,227,1447,1,0.09778393435066612
https://suumo.jp/chintai/jnc_000031309069/?bc=100501979289,サンギャザー下落合,東京都新宿区下落合３,47000.0,3000.0,,,2,1R,11.34,50,2,目白駅,9,10.67,168861.54,82826.39,65,879,1,0.03859161047523463
https://suumo.jp/chintai/jnc_000106931042/?bc=100505638402,ＪＲ山手線 目白駅 2階建 築50年,東京都新宿区下落合３,55000.0,3000.0,55000.0,,2,1R,11.34,50,2,目白駅,9,10.67,168861.54,82826.39,65,879,1,0.053669426817742893
https://suumo.jp/chintai/jnc_000096014710/?bc=100505714263,リトルズトーン目白下落合,東京都新宿区下落合３,185000.0,,,,1,2DK,44.0,10,10,目白駅,9,11.67,168861.54,135945.31,65,128,1,0.04327052667769926
https://suumo.jp/chintai/jnc_000096014710/?bc=100505714263,リトルズトーン目白下落合,東京都新宿区下落合３,185000.0,,,,2,2DK,44.0,10,10,目白駅,9,11.67,168861.54,135945.31,65,128,1,0.045961067606488326
https://suumo.jp/chintai/jnc_000105954628/?bc=100497552576,ＪＲ山手線 目白駅 10階建 築7年,東京都新宿区下落合３,160000.0,11000.0,,160000.0,7,1K,25.45,7,10,目白駅,8,11.67,168861.54,98445.68,65,1447,1,0.09635032152698825
https://suumo.jp/chintai/jnc_000106321616/?bc=100505833736,ＪＲ山手線 目白駅 11階建 築22年,東京都新宿区下落合３,155000.0,12000.0,,,3,1K,30.12,22,11,目白駅,10,13.00,168861.54,98445.68,65,1447,1,0.08074811900298551
https://suumo.jp/chintai/jnc_000097011436/?bc=100505833740,ＪＲ山手線 目白駅 11階建 築22年,東京都新宿区下落合３,156000.0,12000.0,,,4,1K,32.4,22,11,目白駅,10,13.00,168861.54,98445.68,65,1447,1,0.07688224699100166
https://suumo.jp/chintai/jnc_000106291463/?bc=100505833739,ＪＲ山手線 目白駅 11階建 築22年,東京都新宿区下落合３,157000.0,12000.0,,,7,1K,30.12,22,11,目白駅,10,13.00,168861.54,98445.68,65,1447,1,0.06298409166507635
https://suumo.jp/chintai/jnc_000107003801/?bc=100505768000,ＪＲ山手線 目白駅 2階建 築36年,東京都新宿区下落合３,70000.0,3000.0,,70000.0,2,1K,21.0,36,2,目白駅,10,11.67,168861.54,98445.68,65,1447,1,0.12178596199060832
https://suumo.jp/chintai/jnc_000107188872/?bc=100506744751,ＪＲ山手線 目白駅 3階建 築12年,東京都新宿区下落合２,110000.0,5000.0,110000.0,165000.0,2,1K,26.5,12,3,目白駅,6,10.67,168861.54,98445.68,65,1447,1,0.15180185500155807
https://suumo.jp/chintai/jnc_000105248589/?bc=100505686925,ＪＲ山手線 目白駅 10階建 築10年,東京都新宿区下落合３,185000.0,,,,1,2DK,44.0,10,10,目白駅,9,11.67,168861.54,135945.31,65,128,1,0.04327052667769926
https://suumo.jp/chintai/jnc_000105248589/?bc=100505686925,ＪＲ山手線 目白駅 10階建 築10年,東京都新宿区下落合３,185000.0,,,,2,2DK,44.0,10,10,目白駅,9,11.67,168861.54,135945.31,65,128,1,0.045961067606488326
https://suumo.jp/chintai/jnc_000107052859/?bc=100506139836,ベルクール近衛町,東京都新宿区下落合２,110000.0,5000.0,110000.0,165000.0,2,1K,26.5,12,3,目白駅,6,10.67,168861.54,98445.68,65,1447,1,0.15180185500155807
https://suumo.jp/chintai/jnc_000106650640/?bc=100503193561,ベラ　フォレスタ目白,東京都新宿区下落合４,92000.0,6000.0,92000.0,92000.0,3,1K,25.36,15,4,目白駅,11,12.33,168861.54,98445.68,65,1447,1,0.13109280284278652
https://suumo.jp/chintai/jnc_000099755785/?bc=100504074869,ベラ　フォレスタ目白,東京都新宿区下落合４,89000.0,6000.0,89000.0,89000.0,3,1K,25.36,15,4,目白駅,11,12.33,168861.54,98445.68,65,1447,1,0.12932934685601372
https://suumo.jp/chintai/jnc_000105271962/?bc=100480258646,ルミエール目白,東京都新宿区下落合２,125000.0,10000.0,250000.0,125000.0,2,1LDK,47.65,36,3,目白駅,12,13.00,168861.54,170377.07,65,811,1,0.06658594977979854
https://suumo.jp/chintai/jnc_000083991454/?bc=100506275718,リトルズトーン目白下落合,東京都新宿区下落合３,190000.0,,,,10,1SLDK,39.58,10,10,目白駅,9,11.67,168861.54,231590.91,65,33,1,0.019481578369210495
https://suumo.jp/chintai/jnc_000107082257/?bc=100504941996,ＪＲ山手線 目白駅 11階建 築58年,東京都新宿区下落合３,230000.0,10000.0,230000.0,230000.0,6,2LDK,56.23,58,11,目白駅,9,11.67,168861.54,243512.76,65,392,1,0.026676647218829452
https://suumo.jp/chintai/jnc_000106777581/?bc=100504645295,ＪＲ山手線 目白駅 11階建 築22年,東京都新宿区下落合３,161000.0,12000.0,,,8,1DK,32.4,22,11,目白駅,10,13.00,168861.54,130743.78,65,402,1,0.0887628331858289
https://suumo.jp/chintai/jnc_000105122632/?bc=100506688726,目白レジデンス,東京都新宿区下落合３,172000.0,12000.0,,,4,1R,25.0,3,4,目白駅,7,13.33,168861.54,82826.39,65,879,1,0.07789866376403792
https://suumo.jp/chintai/jnc_000106978457/?bc=100503516070,目白レジデンス,東京都新宿区下落合３,172000.0,12000.0,,,4,1R,25.27,3,4,目白駅,7,13.33,168861.54,82826.39,65,879,1,0.07789866376403792
https://suumo.jp/chintai/jnc_000106346639/?bc=100504013739,目白レジデンス,東京都新宿区下落合３,170000.0,12000.0,,,3,1R,25.23,3,4,目白駅,7,13.33,168861.54,82826.39,65,879,1,0.08157433606015663
https://suumo.jp/chintai/jnc_000106168094/?bc=100504013680,目白レジデンス,東京都新宿区下落合３,168000.0,12000.0,,,2,1R,25.0,3,4,目白駅,7,13.33,168861.54,82826.39,65,879,1,0.08261711950996303
https://suumo.jp/chintai/jnc_000106168095/?bc=100504013587,目白レジデンス,東京都新宿区下落合３,168000.0,12000.0,,,2,1R,25.23,3,4,目白駅,7,13.33,168861.54,82826.39,65,879,1,0.08261711950996303
https://suumo.jp/chintai/jnc_000105853407/?bc=100507045310,ＪＲ山手線 目白駅 11階建 築22年,東京都新宿区下落合３,159000.0,12000.0,,,7,1DK,30.84,22,11,目白駅,10,13.00,168861.54,130743.78,65,402,1,0.09520299330701454
https://suumo.jp/chintai/jnc_000106881752/?bc=100504771071,ＧＲＡＮＤ　ＬＵＸＥ　目白　ＥＡＳＴ,東京都新宿区下落合３,166000.0,9000.0,166000.0,166000.0,1,1LDK,44.97,8,2,目白駅,10,11.33,168861.54,170377.07,65,811,1,0.1017318732338367
https://suumo.jp/chintai/jnc_000096800724/?bc=100504013604,目白レジデンス,東京都新宿区下落合３,235000.0,15000.0,,,4,1LDK,35.27,3,4,目白駅,7,13.33,168861.54,170377.07,65,811,1,0.07899844726601779
https://suumo.jp/chintai/jnc_000106783624/?bc=100504303994,リリエンベルグ目白壱番館,東京都新宿区下落合３,161000.0,12000.0,,,8,1DK,32.04,22,11,目白駅,10,13.00,168861.54,130743.78,65,402,1,0.0887628331858289
https://suumo.jp/chintai/jnc_000107199822/?bc=100494933366,ＪＲ山手線 目白駅 地下1地上11階建 築21年,東京都新宿区下落合３,250000.0,10000.0,250000.0,250000.0,3,2LDK,53.0,21,12,目白駅,10,11.33,168861.54,243512.76,65,392,1,0.05821085002637871
https://suumo.jp/chintai/jnc_000106360960/?bc=100502516277,ＪＲ山手線 目白駅 11階建 築22年,東京都新宿区下落合３,158000.0,12000.0,,,6,1DK,30.84,22,11,目白駅,10,13.00,168861.54,130743.78,65,402,1,0.09936378861609801
https://suumo.jp/chintai/jnc_000106949806/?bc=100506689288,サンギャザー下落合,東京都新宿区下落合３,55000.0,3000.0,55000.0,,2,1R,11.34,50,2,目白駅,9,10.67,168861.54,82826.39,65,879,1,0.053669426817742893
https://suumo.jp/chintai/jnc_000106315398/?bc=100506679032,リリエンベルグ目白壱番館,東京都新宿区下落合３,158000.0,12000.0,,,6,1DK,30.84,22,11,目白駅,10,13.00,168861.54,130743.78,65,402,1,0.09936378861609801
https://suumo.jp/chintai/jnc_000105892964/?bc=100365555456,ハーモニーコート目白,東京都新宿区下落合３,263000.0,12320.0,,394500.0,2,2LDK,59.23,3,3,目白駅,5,12.67,168861.54,243512.76,65,392,1,0.0761589647345789
https://suumo.jp/chintai/jnc_000107116258/?bc=100506262854,ザ・サンメゾン目白近衛町エルド,東京都新宿区下落合２,500000.0,10000.0,500000.0,,3,3LDK,99.4,12,4,目白駅,9,11.00,168861.54,281205.13,65,156,-1,-0.04568464379653692
https://suumo.jp/chintai/jnc_000106466780/?bc=100505668263,目白ビル,東京都新宿区下落合３,230000.0,10000.0,230000.0,230000.0,6,2LDK,56.23,58,11,目白駅,9,11.67,168861.54,243512.76,65,392,1,0.026676647218829452
https://suumo.jp/chintai/jnc_000106381567/?bc=100502800606,ハイツ大久保,東京都新宿区下落合３,45000.0,,45000.0,,3,1R,16.0,49,3,目白駅,7,12.67,168861.54,82826.39,65,879,1,0.0645254555482565
https://suumo.jp/chintai/jnc_000095772697/?bc=100497044077,目白スカイハイツ,東京都新宿区下落合３,225000.0,10000.0,225000.0,225000.0,3,3LDK,70.42,49,3,目白駅,7,11.67,168861.54,281205.13,65,156,1,0.0034391278855301355
https://suumo.jp/chintai/jnc_000105535706/?bc=100494298200,目白が丘マンション,東京都新宿区下落合３,207000.0,,414000.0,207000.0,8,2LDK,76.65,55,14,目白駅,8,10.00,168861.54,243512.76,65,392,-1,-0.0025289324220174603
https://suumo.jp/chintai/jnc_000107020284/?bc=100505782553,メゾン・ド・パラディ,東京都新宿区下落合２,55000.0,5000.0,,,3,1R,13.25,43,5,目白駅,8,12.00,168861.54,82826.39,65,879,1,0.07466112420445187
https://suumo.jp/chintai/jnc_000106771771/?bc=100494290884,目白が丘マンション,東京都新宿区下落合３,180000.0,,360000.0,180000.0,8,2LDK,76.65,55,14,目白駅,8,10.00,168861.54,243512.76,65,392,-1,-0.003634294864997223
https://suumo.jp/chintai/jnc_000107026565/?bc=100505808516,目白が丘マンション,東京都新宿区下落合３,154000.0,15000.0,154000.0,154000.0,5,2LDK,65.7,55,14,目白駅,8,10.00,168861.54,243512.76,65,392,1,0.009333350820154851
https://suumo.jp/chintai/jnc_000105644860/?bc=100505686923,ＪＲ山手線 目白駅 地下1地上11階建 築21年,東京都新宿区下落合３,260000.0,10000.0,260000.0,260000.0,3,2LDK,53.0,21,12,目白駅,10,11.33,168861.54,243512.76,65,392,1,0.05019090614769062
https://suumo.jp/chintai/jnc_000104862011/?bc=100495337557,リリエンベルグ目白壱番館,東京都新宿区下落合３,155000.0,12000.0,,,3,1K,30.12,22,11,目白駅,10,13.00,168861.54,98445.68,65,1447,1,0.08074811900298551
https://suumo.jp/chintai/jnc_000106569075/?bc=100504013673,コアプラス目白,東京都新宿区下落合３,73000.0,,,,-1,1R,17.43,57,6,目白駅,9,12.00,168861.54,82826.39,65,879,1,0.04013047970404576
https://suumo.jp/chintai/jnc_000097011434/?bc=100453754569,リリエンベルグ目白壱番館,東京都新宿区下落合３,156000.0,12000.0,,,4,1K,32.4,22,11,目白駅,10,13.00,168861.54,98445.68,65,1447,1,0.07688224699100166
https://suumo.jp/chintai/jnc_000107003802/?bc=100506223835,ＪＲ山手線 目白駅 2階建 築8年,東京都新宿区下落合３,166000.0,9000.0,166000.0,166000.0,1,1LDK,44.97,8,2,目白駅,10,11.00,168861.54,170377.07,65,811,1,0.10235130347329141
https://suumo.jp/chintai/jnc_000104830315/?bc=100497618929,リリエンベルグ目白壱番館,東京都新宿区下落合３,157000.0,12000.0,,,7,1K,30.12,22,11,目白駅,10,13.00,168861.54,98445.68,65,1447,1,0.06298409166507635
https://suumo.jp/chintai/jnc_000107221456/?bc=100507029173,Ｂｅｌｌｅｃｏｕｒ　Ｏｔｏｍｅｙａｍａ,東京都新宿区下落合２,140000.0,10000.0,140000.0,140000.0,1,1LDK,47.85,5,3,目白駅,7,10.67,168861.54,170377.07,65,811,1,0.11208039238913053
https://suumo.jp/chintai/jnc_000105607886/?bc=100494783012,ラクラス目白,東京都新宿区下落合３,260000.0,10000.0,260000.0,260000.0,3,2LDK,53.0,21,12,目白駅,10,11.33,168861.54,243512.76,65,392,1,0.05019090614769062
https://suumo.jp/chintai/jnc_000106613479/?bc=100502775710,ＪＲ山手線 目白駅 3階建 築49年,東京都新宿区下落合３,235000.0,15000.0,235000.0,235000.0,3,3LDK,70.42,49,3,目白駅,10,13.67,168861.54,281205.13,65,156,-1,-0.03408586878318831
https://suumo.jp/chintai/jnc_000107199821/?bc=100500049240,ラクラス目白,東京都新宿区下落合３,250000.0,10000.0,250000.0,250000.0,3,2LDK,53.0,21,12,目白駅,10,11.33,168861.54,243512.76,65,392,1,0.05821085002637871
https://suumo.jp/chintai/jnc_000104442186/?bc=100501685237,目白レジデンス,東京都新宿区下落合３,170000.0,12000.0,,,4,1K,26.33,3,4,目白駅,7,13.33,168861.54,98445.68,65,1447,1,0.11798912092969205
https://suumo.jp/chintai/jnc_000106924753/?bc=100505078960,ＪＲ山手線 目白駅 地下1地上9階建 築9年,東京都新宿区下落合３,168000.0,17000.0,168000.0,168000.0,7,1LDK,35.73,9,10,目白駅,4,12.33,168861.54,170377.07,65,811,1,0.06611847478343996
https://suumo.jp/chintai/jnc_000070769975/?bc=100501703624,チェリッシュ目白B,東京都新宿区下落合３,80000.0,,80000.0,,2,1K,29.13,28,2,目白駅,9,12.33,168861.54,98445.68,65,1447,1,0.13106934990144564
https://suumo.jp/chintai/jnc_000105842831/?bc=100497449871,リリエンベルグ目白壱番館,東京都新宿区下落合３,159000.0,12000.0,,,7,1DK,30.84,22,11,目白駅,10,13.00,168861.54,130743.78,65,402,1,0.09520299330701454
https://suumo.jp/chintai/jnc_000104449288/?bc=100501685264,目白レジデンス,東京都新宿区下落合３,169000.0,12000.0,,,4,1K,25.11,3,4,目白駅,7,13.33,168861.54,98445.68,65,1447,1,0.11831788885281369
https://suumo.jp/chintai/jnc_000105122631/?bc=100501748367,目白レジデンス,東京都新宿区下落合３,168000.0,12000.0,,,3,1K,25.11,3,4,目白駅,7,13.33,168861.54,98445.68,65,1447,1,0.12087251031445351
https://suumo.jp/chintai/jnc_000104531805/?bc=100502820339,こうづかハイツ,東京都新宿区下落合３,89000.0,3000.0,89000.0,89000.0,4,1K,25.0,46,4,目白駅,6,9.33,168861.54,98445.68,65,1447,1,0.09825447875065141
https://suumo.jp/chintai/jnc_000107082258/?bc=100506107902,目白下落合ハウス,東京都新宿区下落合３,280000.0,12000.0,560000.0,280000.0,1,1LDK,69.21,9,3,目白駅,10,11.67,168861.54,170377.07,65,811,1,0.02307379462145004
https://suumo.jp/chintai/jnc_000106346638/?bc=100504013701,目白レジデンス,東京都新宿区下落合３,166000.0,12000.0,,,2,1K,26.33,3,4,目白駅,7,13.33,168861.54,98445.68,65,1447,1,0.11958064791526024
https://suumo.jp/chintai/jnc_000104942068/?bc=100506689336,目白レジデンス,東京都新宿区下落合３,166000.0,12000.0,,,2,1K,25.11,3,4,目白駅,7,13.33,168861.54,98445.68,65,1447,1,0.11958064791526024
https://suumo.jp/chintai/jnc_000098223974/?bc=100500498881,目白レジデンス,東京都新宿区下落合３,164000.0,12000.0,,,1,1K,25.11,3,4,目白駅,7,13.33,168861.54,98445.68,65,1447,1,0.1158908139399708
https://suumo.jp/chintai/jnc_000106053164/?bc=100499004438,リリエンベルグ目白壱番館,東京都新宿区下落合３,154000.0,12000.0,,,2,1LDK,30.12,22,11,目白駅,10,13.00,168861.54,170377.07,65,811,1,0.06770472648199877
https://suumo.jp/chintai/jnc_000106783623/?bc=100503970967,シティハウス目白,東京都新宿区下落合３,70000.0,3000.0,,70000.0,2,1K,21.0,36,2,目白駅,10,11.67,168861.54,98445.68,65,1447,1,0.12178596199060832
https://suumo.jp/chintai/jnc_000106731964/?bc=100503537266,ＪＲ山手線 目白駅 3階建 築36年,東京都新宿区下落合３,193000.0,5000.0,,,1,3LDK,53.0,36,3,目白駅,10,10.00,168861.54,281205.13,65,156,1,0.021321639073930976
https://suumo.jp/chintai/jnc_000096818318/?bc=100504013712,目白レジデンス,東京都新宿区下落合３,260000.0,15000.0,,,4,1LDK,40.67,3,4,目白駅,7,13.33,168861.54,170377.07,65,811,1,0.06818522352738382
https://suumo.jp/chintai/jnc_000105843528/?bc=100496558746,都市研ビル,東京都豊島区目白４,340000.0,10000.0,1020000.0,680000.0,1,2K,62.84,53,4,目白駅,8,14.67,168861.54,136763.16,65,114,-1,-0.064222216788966
https://suumo.jp/chintai/jnc_000106569109/?bc=100502406470,ルーブル新宿西落合参番館,東京都新宿区西落合１,89000.0,5000.0,,89000.0,3,1R,19.58,23,5,落合南長崎駅,5,8.00,119519.31,82826.39,492,879,1,0.1079097564806647
https://suumo.jp/chintai/jnc_000107013147/?bc=100491476788,Ａｇｌａｉａ 新宿西落合,東京都新宿区西落合１,146000.0,10000.0,146000.0,,1,1LDK,30.6,0,4,落合南長崎駅,4,12.33,119519.31,170377.07,492,811,1,0.09807644367127921
https://suumo.jp/chintai/jnc_000106135063/?bc=100502754888,ＣＥＲＩＳＩＥＲ,東京都新宿区西落合２,185000.0,10500.0,185000.0,185000.0,3,1LDK,44.64,3,5,落合南長崎駅,9,13.00,119519.31,170377.07,492,811,1,0.09409145050068579
https://suumo.jp/chintai/jnc_000106881771/?bc=100504638622,都営大江戸線 落合南長崎駅 6階建 築2年,東京都新宿区西落合２,192000.0,18000.0,192000.0,192000.0,5,1LDK,40.29,2,6,落合南長崎駅,9,11.67,119519.31,170377.07,492,811,1,0.061609646359200576
https://suumo.jp/chintai/jnc_000104889110/?bc=100502218015,都営大江戸線 落合南長崎駅 7階建 築22年,東京都新宿区西落合１,75000.0,5000.0,75000.0,150000.0,3,1K,22.79,22,7,落合南長崎駅,4,10.67,119519.31,98445.68,492,1447,1,0.12881718004550957
https://suumo.jp/chintai/jnc_000107087715/?bc=100502443473,ＣＥＲＩＳＩＥＲ,東京都新宿区西落合２,175000.0,10500.0,,175000.0,3,1LDK,44.64,3,5,落合南長崎駅,9,13.00,119519.31,170377.07,492,811,1,0.09443945246534213
https://suumo.jp/chintai/jnc_000104044515/?bc=100483190679,都営大江戸線 落合南長崎駅 3階建 新築,東京都豊島区南長崎２,165000.0,7000.0,,,1,1DK,33.79,0,3,落合南長崎駅,9,11.33,119519.31,130743.78,492,402,1,0.14639003288869484
https://suumo.jp/chintai/jnc_000107216431/?bc=100506859148,ドエルアップル,東京都豊島区南長崎３,49000.0,2000.0,,,1,1K,15.0,41,2,落合南長崎駅,10,10.67,119519.31,98445.68,492,1447,1,0.06806170633460934
https://suumo.jp/chintai/jnc_000106949874/?bc=100505453644,コーポのぞみ,東京都新宿区中落合４,63000.0,2000.0,63000.0,63000.0,1,1K,19.87,30,2,落合南長崎駅,5,10.67,119519.31,98445.68,492,1447,1,0.10292021022152342
https://suumo.jp/chintai/jnc_000106783646/?bc=100504112068,都営大江戸線 落合南長崎駅 2階建 築4年,東京都新宿区西落合３,162000.0,4000.0,,162000.0,2,1LDK,37.96,4,2,落合南長崎駅,5,11.00,119519.31,170377.07,492,811,1,0.10873693414593433
https://suumo.jp/chintai/jnc_000106876604/?bc=100506116621,クロムハイツ,東京都新宿区西落合１,75000.0,10000.0,75000.0,75000.0,2,1K,22.0,35,6,落合南長崎駅,4,11.00,119519.31,98445.68,492,1447,1,0.11911588435930853
https://suumo.jp/chintai/jnc_000107147331/?bc=100506474780,中落合ハイム,東京都新宿区中落合３,57000.0,3000.0,57000.0,57000.0,2,1R,15.1,37,2,落合南長崎駅,9,11.33,119519.31,82826.39,492,879,1,0.09162889263304208
https://suumo.jp/chintai/jnc_000101543993/?bc=100503912540,都営大江戸線 落合南長崎駅 5階建 築6年,東京都新宿区西落合２,90000.0,5000.0,,,3,1K,20.0,6,5,落合南長崎駅,10,13.33,119519.31,98445.68,492,1447,1,0.12531706464391618
https://suumo.jp/chintai/jnc_000106191590/?bc=100497474283,クレスト中落合,東京都新宿区中落合４,68000.0,2000.0,68000.0,68000.0,1,1K,20.64,32,2,落合南長崎駅,6,11.67,119519.31,98445.68,492,1447,1,0.11243179564572109
https://suumo.jp/chintai/jnc_000104525335/?bc=100487523076,Ａｇｌａｉａ 新宿西落合,東京都新宿区西落合１,155000.0,10000.0,155000.0,,1,1LDK,30.02,0,4,落合南長崎駅,4,12.33,119519.31,170377.07,492,811,1,0.09871523484567479
https://suumo.jp/chintai/jnc_000103750554/?bc=100488847828,都営大江戸線 落合南長崎駅 3階建 新築,東京都中野区上高田５,161000.0,14000.0,,161000.0,3,1LDK,36.72,0,3,落合南長崎駅,11,12.67,119519.31,170377.07,492,811,1,0.08761765569919533
https://suumo.jp/chintai/jnc_000105599849/?bc=100500984541,都営大江戸線 落合南長崎駅 9階建 築23年,東京都新宿区中落合３,149000.0,10000.0,149000.0,149000.0,9,1LDK,42.94,23,9,落合南長崎駅,8,10.00,119519.31,170377.07,492,811,1,0.057048031800486065
https://suumo.jp/chintai/jnc_000105060463/?bc=100490291162,都営大江戸線 落合南長崎駅 地下1地上3階建 新築,東京都新宿区西落合１,145000.0,20000.0,145000.0,,1,1LDK,30.02,0,4,落合南長崎駅,4,11.67,119519.31,170377.07,492,811,1,0.08199748956065467
https://suumo.jp/chintai/jnc_000105070452/?bc=100415802371,都営大江戸線 落合南長崎駅 7階建 築9年,東京都新宿区西落合１,124000.0,11000.0,,124000.0,2,1K,25.82,9,7,落合南長崎駅,6,11.67,119519.31,98445.68,492,1447,1,0.14096421641214152
https://suumo.jp/chintai/jnc_000103239360/?bc=100487017506,都営大江戸線 落合南長崎駅 3階建 新築,東京都中野区上高田５,159000.0,14000.0,,159000.0,2,1LDK,36.66,0,3,落合南長崎駅,11,11.50,119519.31,170377.07,492,811,1,0.09654004022893731
https://suumo.jp/chintai/jnc_000106943657/?bc=100505237305,クレイノベル　ヴァレー,東京都新宿区西落合３,120000.0,5500.0,,120000.0,1,1K,22.03,8,2,落合南長崎駅,7,12.33,119519.31,98445.68,492,1447,1,0.1376659921164587
https://suumo.jp/chintai/jnc_000107068670/?bc=100505398844,クレイノベル　ヴァレー,東京都新宿区西落合３,123000.0,5500.0,,123000.0,1,1K,22.03,8,2,落合南長崎駅,7,12.33,119519.31,98445.68,492,1447,1,0.13788658747251176
https://suumo.jp/chintai/jnc_000105644879/?bc=100501429412,ＺＯＯＭ新宿西落合,東京都新宿区西落合１,134000.0,8000.0,134000.0,134000.0,3,1DK,30.42,7,7,落合南長崎駅,7,12.67,119519.31,130743.78,492,402,1,0.1513039923600858
https://suumo.jp/chintai/jnc_000106389455/?bc=100503902429,パークレジデンス西落合,東京都新宿区西落合４,80000.0,5000.0,80000.0,80000.0,1,1K,22.56,10,4,落合南長崎駅,10,13.67,119519.31,98445.68,492,1447,1,0.11776704065925803
https://suumo.jp/chintai/jnc_000105527462/?bc=100495069639,バーミープレイス西落合,東京都新宿区西落合１,74000.0,4000.0,,,1,1K,16.92,15,2,落合南長崎駅,5,12.67,119519.31,98445.68,492,1447,1,0.1244962124159455
https://suumo.jp/chintai/jnc_000103770598/?bc=100495905844,都営大江戸線 落合南長崎駅 2階建 築4年,東京都新宿区西落合３,159000.0,4000.0,,,2,1LDK,38.21,4,2,落合南長崎駅,5,11.00,119519.31,170377.07,492,811,1,0.10922762278157588
https://suumo.jp/chintai/jnc_000106260261/?bc=100492199436,都営大江戸線 落合南長崎駅 7階建 築9年,東京都新宿区西落合１,127000.0,11000.0,,127000.0,2,1K,25.82,9,7,落合南長崎駅,6,11.67,119519.31,98445.68,492,1447,1,0.13943133707799166
https://suumo.jp/chintai/jnc_000106260260/?bc=100492461810,都営大江戸線 落合南長崎駅 7階建 築9年,東京都新宿区西落合１,130000.0,11000.0,,130000.0,2,1K,25.84,9,7,落合南長崎駅,6,11.67,119519.31,98445.68,492,1447,1,0.13943133707799166
https://suumo.jp/chintai/jnc_000103750545/?bc=100493827288,都営大江戸線 落合南長崎駅 3階建 新築,東京都中野区上高田５,163000.0,14000.0,,163000.0,1,1LDK,48.51,0,3,落合南長崎駅,11,12.67,119519.31,170377.07,492,811,1,0.07800554117025976
https://suumo.jp/chintai/jnc_000105917323/?bc=100504207471,都営大江戸線 落合南長崎駅 5階建 築6年,東京都新宿区西落合２,75000.0,5000.0,,,2,1K,15.22,6,5,落合南長崎駅,10,13.33,119519.31,98445.68,492,1447,1,0.10601079309241285
https://suumo.jp/chintai/jnc_000106931063/?bc=100505137690,グレーシアSK,東京都新宿区西落合３,82000.0,2000.0,82000.0,82000.0,3,1R,22.8,13,3,落合南長崎駅,5,10.67,119519.31,82826.39,492,879,1,0.08931115629071118
https://suumo.jp/chintai/jnc_000105181902/?bc=100488377545,都営大江戸線 落合南長崎駅 7階建 築9年,東京都新宿区西落合１,125000.0,11000.0,,125000.0,3,1K,25.82,9,7,落合南長崎駅,6,11.67,119519.31,98445.68,492,1447,1,0.14025824390825525
https://suumo.jp/chintai/jnc_000106267922/?bc=100500197535,都営大江戸線 落合南長崎駅 5階建 築34年,東京都新宿区西落合２,65000.0,3000.0,65000.0,65000.0,1,1K,18.01,34,5,落合南長崎駅,8,10.00,119519.31,98445.68,492,1447,1,0.11134259241215566
https://suumo.jp/chintai/jnc_000106135529/?bc=100493132528,秀和ビル,東京都豊島区長崎３,55000.0,3000.0,55000.0,55000.0,2,1R,18.0,38,4,落合南長崎駅,5,10.00,119519.31,82826.39,492,879,1,0.09071782446851051
https://suumo.jp/chintai/jnc_000103750544/?bc=100505169642,都営大江戸線 落合南長崎駅 3階建 新築,東京都中野区上高田５,155000.0,14000.0,,155000.0,1,1LDK,39.49,0,3,落合南長崎駅,11,12.67,119519.31,170377.07,492,811,1,0.08404849555294636
https://suumo.jp/chintai/jnc_000101344212/?bc=100503841789,ＪＡＳＰＥＲ　Ｎｉｓｈｉｏｃｈｉａｉ,東京都新宿区西落合２,90000.0,5000.0,,,3,1K,20.0,6,5,落合南長崎駅,10,15.00,119519.31,98445.68,492,1447,1,0.10776640007103588
https://suumo.jp/chintai/jnc_000097867410/?bc=100356046773,落合ハウス,東京都新宿区中落合３,32000.0,2000.0,,,2,1R,10.0,70,2,落合南長崎駅,5,8.67,119519.31,82826.39,492,879,1,0.008357434513496576
https://suumo.jp/chintai/jnc_000070870356/?bc=100505288882,クリアル落合南長崎,東京都豊島区南長崎４,96000.0,10000.0,,,1,1K,26.2,6,4,落合南長崎駅,5,10.00,119519.31,98445.68,492,1447,1,0.14392996321272744
https://suumo.jp/chintai/jnc_000107069064/?bc=100506181034,クリアル落合南長崎,東京都豊島区南長崎４,110000.0,10000.0,,,1,1K,26.2,6,4,落合南長崎駅,5,10.00,119519.31,98445.68,492,1447,1,0.14357713279565454
https://suumo.jp/chintai/jnc_000104902873/?bc=100498245239,都営大江戸線 落合南長崎駅 地下1地上3階建 新築,東京都新宿区西落合１,149000.0,20000.0,149000.0,,2,1LDK,31.45,0,4,落合南長崎駅,4,11.67,119519.31,170377.07,492,811,1,0.08345907389678459
https://suumo.jp/chintai/jnc_000105772668/?bc=100495993561,Ｃａｓａ　ｄｅ　Ｅｓｐｅｒａｎｚａ,東京都新宿区西落合１,165000.0,8000.0,165000.0,247500.0,1,1LDK,46.42,11,3,落合南長崎駅,5,12.00,119519.31,170377.07,492,811,1,0.11416357229260515
https://suumo.jp/chintai/jnc_000106109100/?bc=100500633614,都営大江戸線 落合南長崎駅 5階建 築34年,東京都新宿区西落合２,60000.0,5000.0,60000.0,60000.0,1,1K,17.05,34,5,落合南長崎駅,8,10.00,119519.31,98445.68,492,1447,1,0.1183553680840218
https://suumo.jp/chintai/jnc_000106966766/?bc=100505453260,都営大江戸線 落合南長崎駅 5階建 築28年,東京都豊島区南長崎５,75000.0,10000.0,,,2,1K,21.73,28,5,落合南長崎駅,5,10.00,119519.31,98445.68,492,1447,1,0.13122071839926241
https://suumo.jp/chintai/jnc_000103643860/?bc=100479825592,グランテリア西落合,東京都新宿区西落合３,64000.0,4000.0,,64000.0,2,1R,10.32,7,2,落合南長崎駅,8,13.00,119519.31,82826.39,492,879,1,0.08469730599264108
https://suumo.jp/chintai/jnc_000105977413/?bc=100499524617,都営大江戸線 落合南長崎駅 5階建 築28年,東京都豊島区南長崎５,85000.0,10000.0,,,2,1K,21.1,28,5,落合南長崎駅,5,10.00,119519.31,98445.68,492,1447,1,0.1357146174047762
https://suumo.jp/chintai/jnc_000106260263/?bc=100491955016,都営大江戸線 落合南長崎駅 7階建 築9年,東京都新宿区西落合１,128000.0,11000.0,,128000.0,3,1K,25.82,9,7,落合南長崎駅,6,11.67,119519.31,98445.68,492,1447,1,0.14051549696843385
https://suumo.jp/chintai/jnc_000106191595/?bc=100501408608,グランヴァン西落合,東京都新宿区西落合３,73000.0,15000.0,,73000.0,4,1K,19.2,27,4,落合南長崎駅,7,14.00,119519.31,98445.68,492,1447,1,0.1000456254939538
https://suumo.jp/chintai/jnc_000106389454/?bc=100505776426,グランヴァン西落合,東京都新宿区西落合３,73000.0,15000.0,,73000.0,3,1K,19.33,27,4,落合南長崎駅,7,14.00,119519.31,98445.68,492,1447,1,0.1027129440325017
https://suumo.jp/chintai/jnc_000106634630/?bc=100503601308,グランヴァン西落合,東京都新宿区西落合３,72000.0,15000.0,,72000.0,2,1K,19.19,27,4,落合南長崎駅,7,14.00,119519.31,98445.68,492,1447,1,0.10427361369293153
https://suumo.jp/chintai/jnc_000105838423/?bc=100505858144,ＹＳ　ｌｕｍｉｅｒｅ,東京都新宿区西落合１,125000.0,5000.0,,250000.0,2,1DK,30.09,2,3,落合南長崎駅,5,10.00,119519.31,130743.78,492,402,1,0.15245523512216108
https://suumo.jp/chintai/jnc_000106903978/?bc=100504887650,都営大江戸線 落合南長崎駅 5階建 築26年,東京都豊島区南長崎３,81000.0,9000.0,81000.0,81000.0,2,1K,20.44,26,5,落合南長崎駅,5,10.33,119519.31,98445.68,492,1447,1,0.14125178728980492
https://suumo.jp/chintai/jnc_000103636285/?bc=100491512373,ＨＹ’ｓ　新宿西落合,東京都新宿区西落合１,109000.0,12000.0,,109000.0,2,1K,25.51,5,5,落合南長崎駅,7,11.33,119519.31,98445.68,492,1447,1,0.14487266624499928
https://suumo.jp/chintai/jnc_000106822439/?bc=100504699966,カトレア南長崎,東京都豊島区南長崎３,68000.0,4000.0,,68000.0,2,1R,11.47,9,2,落合南長崎駅,10,13.00,119519.31,82826.39,492,879,1,0.08364971923958503
https://suumo.jp/chintai/jnc_000106260262/?bc=100499368201,都営大江戸線 落合南長崎駅 7階建 築9年,東京都新宿区西落合１,131000.0,11000.0,,131000.0,3,1K,25.84,9,7,落合南長崎駅,6,11.67,119519.31,98445.68,492,1447,1,0.14051549696843385
https://suumo.jp/chintai/jnc_000106635406/?bc=100502954096,カトレア南長崎,東京都豊島区南長崎３,77000.0,4000.0,,77000.0,2,1R,11.18,9,2,落合南長崎駅,10,13.00,119519.31,82826.39,492,879,1,0.08016820133476321
https://suumo.jp/chintai/jnc_000106260265/?bc=100491955080,都営大江戸線 落合南長崎駅 7階建 築9年,東京都新宿区西落合１,131000.0,11000.0,,131000.0,4,1K,25.52,9,7,落合南長崎駅,6,11.67,119519.31,98445.68,492,1447,1,0.13720453718983272
https://suumo.jp/chintai/jnc_000106260264/?bc=100491954669,都営大江戸線 落合南長崎駅 7階建 築9年,東京都新宿区西落合１,131000.0,11000.0,,131000.0,4,1K,25.56,9,7,落合南長崎駅,6,11.67,119519.31,98445.68,492,1447,1,0.13720453718983272
https://suumo.jp/chintai/jnc_000094961513/?bc=100505984699,カルム落合,東京都新宿区中落合３,82000.0,3000.0,,,1,1K,25.0,45,2,落合南長崎駅,3,9.67,119519.31,98445.68,492,1447,1,0.09440768058216298
https://suumo.jp/chintai/jnc_000106366693/?bc=100500970083,カトレア南長崎,東京都豊島区南長崎３,68000.0,4000.0,,68000.0,1,1R,11.18,9,2,落合南長崎駅,10,13.00,119519.31,82826.39,492,879,1,0.08022326609907277
https://suumo.jp/chintai/jnc_000107003816/?bc=100505715555,都営大江戸線 落合南長崎駅 5階建 築23年,東京都新宿区西落合１,79000.0,9000.0,79000.0,79000.0,3,1K,20.25,23,5,落合南長崎駅,5,11.00,119519.31,98445.68,492,1447,1,0.1427295234121947
https://suumo.jp/chintai/jnc_000106838177/?bc=100504905334,ガーラ落合南長崎,東京都豊島区南長崎５,85000.0,9000.0,85000.0,170000.0,3,1K,23.68,22,9,落合南長崎駅,3,9.67,119519.31,98445.68,492,1447,1,0.12631761061516145
https://suumo.jp/chintai/jnc_000106739670/?bc=100503598984,都営大江戸線 落合南長崎駅 5階建 築23年,東京都新宿区西落合１,89000.0,5000.0,,89000.0,3,1K,19.58,23,5,落合南長崎駅,5,11.00,119519.31,98445.68,492,1447,1,0.14813259337973794
https://suumo.jp/chintai/jnc_000107221983/?bc=100507052039,クレストコート南長崎,東京都豊島区南長崎４,141000.0,12000.0,141000.0,,4,1DK,26.42,0,5,落合南長崎駅,5,11.00,119519.31,130743.78,492,402,1,0.15042922520645918
https://suumo.jp/chintai/jnc_000106808057/?bc=100505006865,Syuuei.I,東京都豊島区南長崎４,105000.0,5000.0,105000.0,105000.0,1,1K,25.6,8,3,落合南長崎駅,5,8.67,119519.31,98445.68,492,1447,1,0.1435416826839278
https://suumo.jp/chintai/jnc_000105887415/?bc=100497445906,オアーゼ新宿西落合レジデンス,東京都新宿区西落合１,125000.0,8000.0,125000.0,250000.0,4,1K,25.71,4,5,落合南長崎駅,6,12.00,119519.31,98445.68,492,1447,1,0.14250732564189866
https://suumo.jp/chintai/jnc_000104643942/?bc=100489795540,オアーゼ新宿西落合レジデンス,東京都新宿区西落合１,121000.0,8000.0,121000.0,242000.0,3,1K,25.0,4,5,落合南長崎駅,6,12.00,119519.31,98445.68,492,1447,1,0.1472455981215971
https://suumo.jp/chintai/jnc_000106966262/?bc=100505371256,マンションヴィップ西落合,東京都新宿区西落合１,210000.0,10000.0,210000.0,210000.0,3,3DK,54.0,47,4,落合南長崎駅,4,11.67,119519.31,180500.00,492,16,1,0.037812529604078216
https://suumo.jp/chintai/jnc_000107154901/?bc=100506535217,都営大江戸線 落合南長崎駅 5階建 築23年,東京都新宿区西落合１,91000.0,5000.0,,91000.0,2,1K,20.15,23,5,落合南長崎駅,5,11.00,119519.31,98445.68,492,1447,1,0.149589706673879
https://suumo.jp/chintai/jnc_000106862528/?bc=100504492280,都営大江戸線 落合南長崎駅 5階建 築23年,東京都新宿区西落合１,75000.0,8000.0,,75000.0,1,1K,20.47,23,5,落合南長崎駅,5,11.00,119519.31,98445.68,492,1447,1,0.1451174392795837
https://suumo.jp/chintai/jnc_000103316453/?bc=100491457596,オアーゼ新宿西落合レジデンス,東京都新宿区西落合１,199000.0,12000.0,199000.0,398000.0,5,2LDK,43.52,4,5,落合南長崎駅,6,12.00,119519.31,243512.76,492,392,1,0.08412892622442347
https://suumo.jp/chintai/jnc_000106484903/?bc=100501914895,都営大江戸線 落合南長崎駅 5階建 築23年,東京都新宿区西落合１,88000.0,,,88000.0,1,1K,20.25,23,5,落合南長崎駅,5,11.00,119519.31,98445.68,492,1447,1,0.15034733108490417
https://suumo.jp/chintai/jnc_000105838425/?bc=100496663354,イーストハイム,東京都新宿区西落合２,64000.0,3000.0,,,1,1R,18.0,31,2,落合南長崎駅,10,14.67,119519.31,82826.39,492,879,1,0.05714735250865571
https://suumo.jp/chintai/jnc_000106198994/?bc=100504008908,都営大江戸線 落合南長崎駅 5階建 築13年,東京都新宿区西落合２,110000.0,10000.0,110000.0,110000.0,3,1K,25.8,13,5,落合南長崎駅,10,11.00,119519.31,98445.68,492,1447,1,0.13665858315173818
https://suumo.jp/chintai/jnc_000106966765/?bc=100505328820,エガワハイツ,東京都豊島区南長崎４,53000.0,2000.0,,,2,1K,16.0,42,3,落合南長崎駅,4,9.33,119519.31,98445.68,492,1447,1,0.07782046685635513
https://suumo.jp/chintai/jnc_000106432701/?bc=100501643641,都営大江戸線 落合南長崎駅 5階建 築12年,東京都新宿区西落合２,101000.0,9000.0,,101000.0,4,1K,25.62,12,5,落合南長崎駅,9,12.67,119519.31,98445.68,492,1447,1,0.13423684258722918
https://suumo.jp/chintai/jnc_000106360969/?bc=100506387269,ソフィア中落合,東京都新宿区中落合３,145000.0,15000.0,145000.0,,2,1LDK,47.52,33,3,落合南長崎駅,7,10.00,119519.31,170377.07,492,811,1,0.09531947284802705
https://suumo.jp/chintai/jnc_000106308578/?bc=100500679090,ソフィア中落合,東京都新宿区中落合３,145000.0,15000.0,145000.0,,2,1LDK,46.75,33,3,落合南長崎駅,7,10.00,119519.31,170377.07,492,811,1,0.09570758027266002
https://suumo.jp/chintai/jnc_000105747692/?bc=100398392296,グランバリュー落合,東京都豊島区南長崎３,109000.0,6000.0,109000.0,109000.0,5,1LDK,38.5,51,5,落合南長崎駅,7,10.67,119519.31,170377.07,492,811,1,0.07490053512456735
https://suumo.jp/chintai/jnc_000089612839/?bc=100455018903,ＬＥＡＺＥＳ　ＴＥＲＲＡＣＥ,東京都新宿区西落合３,125000.0,,125000.0,125000.0,1,1LDK,48.38,28,5,落合南長崎駅,2,11.33,119519.31,170377.07,492,811,1,0.07934030147034177
https://suumo.jp/chintai/jnc_000089612839/?bc=100455018903,ＬＥＡＺＥＳ　ＴＥＲＲＡＣＥ,東京都新宿区西落合３,125000.0,,125000.0,125000.0,2,1LDK,48.38,28,5,落合南長崎駅,2,11.33,119519.31,170377.07,492,811,1,0.08455799066558245
https://suumo.jp/chintai/jnc_000103183076/?bc=100478528399,西武池袋線 椎名町駅 3階建 築8年,東京都豊島区南長崎２,116000.0,5000.0,,,2,1DK,35.0,8,3,落合南長崎駅,8,15.67,119519.31,130743.78,492,402,1,0.11746517526879452
https://suumo.jp/chintai/jnc_000105983594/?bc=100498520391,都営大江戸線 落合南長崎駅 9階建 築20年,東京都新宿区中落合３,80000.0,10000.0,80000.0,80000.0,8,1K,20.07,20,9,落合南長崎駅,2,8.67,119519.31,98445.68,492,1447,1,0.05729642945820973
https://suumo.jp/chintai/jnc_000106342721/?bc=100500844875,オアーゼ新宿西落合レジデンス,東京都新宿区西落合１,195000.0,10000.0,195000.0,195000.0,5,1LDK,42.1,4,5,落合南長崎駅,6,12.00,119519.31,170377.07,492,811,1,0.0993851381713044
https://suumo.jp/chintai/jnc_000105405257/?bc=100495337755,Ｌａ　Ｄｏｕｃｅｕｒ西落合,東京都新宿区西落合１,140000.0,15000.0,,,4,1LDK,30.69,5,4,落合南長崎駅,4,11.33,119519.31,170377.07,492,811,1,0.10577126940738107
https://suumo.jp/chintai/jnc_000105279944/?bc=100492130246,都営大江戸線 落合南長崎駅 2階建 築34年,東京都新宿区中落合４,160000.0,5000.0,160000.0,160000.0,2,2LDK,54.09,34,2,落合南長崎駅,7,9.00,119519.31,243512.76,492,392,1,0.07886852502402897
https://suumo.jp/chintai/jnc_000103750542/?bc=100488847860,都営大江戸線 落合南長崎駅 3階建 新築,東京都中野区上高田５,154000.0,14000.0,,154000.0,1,1LDK,36.66,0,3,落合南長崎駅,11,12.67,119519.31,170377.07,492,811,1,0.08531589981477333
https://suumo.jp/chintai/jnc_000103750534/?bc=100503156136,セレスティア中野上高田,東京都中野区上高田５,164000.0,14000.0,,164000.0,3,1LDK,36.66,0,3,落合南長崎駅,11,13.33,119519.31,170377.07,492,811,1,0.08416015482533401
https://suumo.jp/chintai/jnc_000105792635/?bc=100495837307,東洋マンション,東京都豊島区南長崎３,108000.0,,108000.0,,4,1DK,42.56,58,5,落合南長崎駅,7,9.00,119519.31,130743.78,492,402,1,0.10817605848806072
https://suumo.jp/chintai/jnc_000106484904/?bc=100502744408,パルティーレ西落合,東京都新宿区西落合１,123000.0,5000.0,123000.0,147600.0,5,1DK,38.25,47,7,落合南長崎駅,5,12.00,119519.31,130743.78,492,402,1,0.11656290983124135
https://suumo.jp/chintai/jnc_000106255987/?bc=100499827816,アーバンプレイス目白IIIＢ,東京都豊島区南長崎２,61000.0,3000.0,61000.0,61000.0,2,1R,12.0,14,2,落合南長崎駅,7,10.33,119519.31,82826.39,492,879,1,0.096055796270133
https://suumo.jp/chintai/jnc_000107177751/?bc=100506659709,アーバンプレイス目白IIIＡ,東京都豊島区南長崎２,47000.0,3000.0,47000.0,47000.0,2,1R,9.96,14,2,落合南長崎駅,7,10.00,119519.31,82826.39,492,879,1,0.07590803556966036
https://suumo.jp/chintai/jnc_000106073633/?bc=100498612597,西武池袋線 東長崎駅 4階建 築38年,東京都豊島区南長崎３,63000.0,5000.0,63000.0,63000.0,1,1R,16.38,38,4,落合南長崎駅,4,8.67,119519.31,82826.39,492,879,1,0.09916596584006798
https://suumo.jp/chintai/jnc_000106870928/?bc=100504907885,西武池袋線 東長崎駅 4階建 築38年,東京都豊島区南長崎３,63000.0,6000.0,63000.0,,3,1R,16.38,38,4,落合南長崎駅,4,8.67,119519.31,82826.39,492,879,1,0.102365802037573
https://suumo.jp/chintai/jnc_000106467563/?bc=100506281577,都営大江戸線 落合南長崎駅 4階建 築9年,東京都豊島区南長崎４,75000.0,10000.0,75000.0,75000.0,1,1K,20.0,9,4,落合南長崎駅,3,9.00,119519.31,98445.68,492,1447,1,0.12502445234364773
https://suumo.jp/chintai/jnc_000104387416/?bc=100505606144,都営大江戸線 落合南長崎駅 4階建 築3年,東京都新宿区西落合２,100000.0,15000.0,,,4,1K,25.27,3,4,落合南長崎駅,9,13.00,119519.31,98445.68,492,1447,1,0.11384717831934954
https://suumo.jp/chintai/jnc_000107221470/?bc=100507036607,都営大江戸線 落合南長崎駅 4階建 築30年,東京都新宿区西落合３,69000.0,10000.0,,69000.0,3,1K,18.81,30,4,落合南長崎駅,2,9.33,119519.31,98445.68,492,1447,1,0.1067160406101389
https://suumo.jp/chintai/jnc_000104108247/?bc=100491854836,Ｔ’ｓ　Ｃｕｏｒｅ　ＭＵＳＥ落合南長崎,東京都豊島区南長崎２,145000.0,7000.0,145000.0,,3,1R,28.11,0,3,落合南長崎駅,10,12.00,119519.31,82826.39,492,879,1,0.07840935935657833
https://suumo.jp/chintai/jnc_000104108244/?bc=100483326264,Ｔ’ｓ　Ｃｕｏｒｅ　ＭＵＳＥ落合南長崎,東京都豊島区南長崎２,151000.0,7000.0,,,2,1R,30.52,0,3,落合南長崎駅,10,12.00,119519.31,82826.39,492,879,1,0.07447325247707537
https://suumo.jp/chintai/jnc_000104108245/?bc=100492856390,Ｔ’ｓ　Ｃｕｏｒｅ　ＭＵＳＥ落合南長崎,東京都豊島区南長崎２,145000.0,7000.0,,,2,1R,28.11,0,3,落合南長崎駅,10,12.00,119519.31,82826.39,492,879,1,0.0803532780112563
https://suumo.jp/chintai/jnc_000104108241/?bc=100492190949,Ｔ’ｓ　Ｃｕｏｒｅ　ＭＵＳＥ落合南長崎,東京都豊島区南長崎２,146000.0,7000.0,,,1,1R,30.52,0,3,落合南長崎駅,10,12.00,119519.31,82826.39,492,879,1,0.07415441628973923
https://suumo.jp/chintai/jnc_000104108242/?bc=100483238527,Ｔ’ｓ　Ｃｕｏｒｅ　ＭＵＳＥ落合南長崎,東京都豊島区南長崎２,140000.0,7000.0,140000.0,,1,1R,28.11,0,3,落合南長崎駅,10,12.00,119519.31,82826.39,492,879,1,0.08008991407092975
https://suumo.jp/chintai/jnc_000106807544/?bc=100501919919,パルティーレ西落合,東京都新宿区西落合１,106000.0,5000.0,106000.0,106000.0,5,1DK,38.25,47,7,落合南長崎駅,5,12.00,119519.31,130743.78,492,402,1,0.11610486369681428
https://suumo.jp/chintai/jnc_000106801525/?bc=100504209280,西落合マウンテンハイム,東京都新宿区西落合３,69000.0,2000.0,,,4,1R,18.2,35,5,落合南長崎駅,1,6.67,119519.31,82826.39,492,879,1,0.037550018610191416
https://suumo.jp/chintai/jnc_000107215535/?bc=100507007475,都営大江戸線 落合南長崎駅 4階建 築28年,東京都新宿区西落合２,68000.0,6000.0,68000.0,68000.0,1,1K,17.55,28,4,落合南長崎駅,9,9.50,119519.31,98445.68,492,1447,1,0.12456555728787672
https://suumo.jp/chintai/jnc_000106451223/?bc=100501796821,プレール・ドゥーク目白アベニュー,東京都新宿区中落合３,83000.0,10000.0,83000.0,83000.0,3,1K,21.0,23,10,落合南長崎駅,4,10.00,119519.31,98445.68,492,1447,1,0.11988926623157625
https://suumo.jp/chintai/jnc_000105357739/?bc=100491871354,都営大江戸線 落合南長崎駅 7階建 築9年,東京都新宿区西落合１,129000.0,11000.0,,129000.0,4,1K,25.82,9,7,落合南長崎駅,6,11.67,119519.31,98445.68,492,1447,1,0.13689120417049733
https://suumo.jp/chintai/jnc_000105663466/?bc=100503761522,プレール・ドゥーク目白アベニュー,東京都新宿区中落合３,120000.0,11000.0,,120000.0,8,1K,21.0,23,10,落合南長崎駅,4,10.00,119519.31,98445.68,492,1447,1,0.08169430222676322
https://suumo.jp/chintai/jnc_000106944024/?bc=100505237428,フレール南長崎,東京都豊島区南長崎２,98000.0,6000.0,98000.0,98000.0,2,1K,26.53,24,3,落合南長崎駅,10,11.33,119519.31,98445.68,492,1447,1,0.13935100905134212
https://suumo.jp/chintai/jnc_000103432772/?bc=100500234127,都営大江戸線 落合南長崎駅 3階建 築32年,東京都中野区江古田１,135000.0,8000.0,135000.0,135000.0,1,3LDK,62.71,32,3,落合南長崎駅,14,14.33,119519.31,281205.13,492,156,-1,-0.010828778917402082
https://suumo.jp/chintai/jnc_000086723702/?bc=100502415118,都営大江戸線 落合南長崎駅 2階建 築11年,東京都新宿区中落合３,51000.0,3000.0,,,1,1R,10.53,11,2,落合南長崎駅,6,10.67,119519.31,82826.39,492,879,1,0.08247222931776155
https://suumo.jp/chintai/jnc_000105738663/?bc=100495560613,都営大江戸線 落合南長崎駅 2階建 築23年,東京都豊島区南長崎４,92000.0,5000.0,,92000.0,2,1R,26.91,23,2,落合南長崎駅,2,10.00,119519.31,82826.39,492,879,1,0.08583476727137768
https://suumo.jp/chintai/jnc_000106456504/?bc=100500051252,都営大江戸線 落合南長崎駅 2階建 築35年,東京都豊島区南長崎４,60000.0,,60000.0,,2,1R,13.0,35,2,落合南長崎駅,9,13.33,119519.31,82826.39,492,879,1,0.07624701415072116
https://suumo.jp/chintai/jnc_000107154899/?bc=100506816263,都営大江戸線 落合南長崎駅 2階建 築37年,東京都新宿区中落合３,57000.0,3000.0,57000.0,57000.0,2,1R,15.1,37,2,落合南長崎駅,9,11.33,119519.31,82826.39,492,879,1,0.09162889263304208
https://suumo.jp/chintai/jnc_000106096878/?bc=100502522680,都営大江戸線 落合南長崎駅 2階建 築3年,東京都新宿区中落合４,63000.0,4000.0,,,1,1R,11.33,3,2,落合南長崎駅,7,11.67,119519.31,82826.39,492,879,1,0.09474961454071584
https://suumo.jp/chintai/jnc_000105721217/?bc=100496877931,都営大江戸線 落合南長崎駅 2階建 築3年,東京都新宿区中落合４,64000.0,4000.0,,64000.0,2,1R,11.0,3,2,落合南長崎駅,7,11.67,119519.31,82826.39,492,879,1,0.09605348447263218
https://suumo.jp/chintai/jnc_000078159443/?bc=100506487546,都営大江戸線 落合南長崎駅 2階建 築6年,東京都新宿区中落合３,65000.0,3000.0,,,2,1R,10.29,6,2,落合南長崎駅,6,10.33,119519.31,82826.39,492,879,1,0.08906774649237903
https://suumo.jp/chintai/jnc_000104708840/?bc=100487507439,都営大江戸線 落合南長崎駅 2階建 築7年,東京都新宿区西落合１,65000.0,4000.0,65000.0,,2,1R,10.85,7,2,落合南長崎駅,1,8.33,119519.31,82826.39,492,879,1,0.06547071484004774
https://suumo.jp/chintai/jnc_000100349195/?bc=100500830780,都営大江戸線 落合南長崎駅 2階建 築8年,東京都豊島区南長崎５,65000.0,4000.0,,65000.0,1,1R,10.65,8,2,落合南長崎駅,5,9.33,119519.31,82826.39,492,879,1,0.09968599042668796
https://suumo.jp/chintai/jnc_000106298291/?bc=100460744016,都営大江戸線 落合南長崎駅 2階建 築8年,東京都豊島区南長崎５,62000.0,4000.0,,62000.0,2,1R,10.65,8,2,落合南長崎駅,5,9.33,119519.31,82826.39,492,879,1,0.10061111459900463
https://suumo.jp/chintai/jnc_000106920325/?bc=100505015125,都営大江戸線 落合南長崎駅 2階建 築8年,東京都豊島区南長崎５,75000.0,4000.0,,75000.0,2,1R,10.65,8,2,落合南長崎駅,5,9.33,119519.31,82826.39,492,879,1,0.09916130301781056
https://suumo.jp/chintai/jnc_000106402271/?bc=100501238155,都営大江戸線 落合南長崎駅 2階建 築9年,東京都豊島区南長崎３,66000.0,4000.0,,66000.0,1,1R,11.18,9,2,落合南長崎駅,10,13.00,119519.31,82826.39,492,879,1,0.07803659223170972
https://suumo.jp/chintai/jnc_000106366695/?bc=100500925341,都営大江戸線 落合南長崎駅 2階建 築9年,東京都豊島区南長崎３,68000.0,4000.0,,68000.0,1,1R,11.18,9,2,落合南長崎駅,10,13.00,119519.31,82826.39,492,879,1,0.08022326609907277
https://suumo.jp/chintai/jnc_000106556242/?bc=100417853688,都営大江戸線 落合南長崎駅 2階建 築9年,東京都豊島区南長崎３,75000.0,4000.0,,75000.0,2,1R,11.18,9,2,落合南長崎駅,10,13.00,119519.31,82826.39,492,879,1,0.08016820133476321
https://suumo.jp/chintai/jnc_000106467560/?bc=100501898692,都営大江戸線 落合南長崎駅 2階建 築9年,東京都豊島区南長崎３,77000.0,4000.0,,77000.0,2,1R,11.18,9,2,落合南長崎駅,10,13.00,119519.31,82826.39,492,879,1,0.08016820133476321
https://suumo.jp/chintai/jnc_000106822440/?bc=100504215156,都営大江戸線 落合南長崎駅 2階建 築9年,東京都豊島区南長崎３,66000.0,4000.0,,66000.0,2,1R,11.47,9,2,落合南長崎駅,10,13.00,119519.31,82826.39,492,879,1,0.08148005894794674
https://suumo.jp/chintai/jnc_000106808056/?bc=100504101355,都営大江戸線 落合南長崎駅 2階建 築9年,東京都豊島区南長崎３,68000.0,4000.0,,68000.0,2,1R,11.47,9,2,落合南長崎駅,10,13.00,119519.31,82826.39,492,879,1,0.08364971923958503
https://suumo.jp/chintai/jnc_000104044513/?bc=100485558582,都営大江戸線 落合南長崎駅 3階建 新築,東京都豊島区南長崎２,146000.0,7000.0,,,1,1R,30.52,0,3,落合南長崎駅,9,11.33,119519.31,82826.39,492,879,1,0.0812110909196096
https://suumo.jp/chintai/jnc_000104044517/?bc=100485558368,都営大江戸線 落合南長崎駅 3階建 新築,東京都豊島区南長崎２,145000.0,7000.0,,,2,1R,28.11,0,3,落合南長崎駅,9,11.33,119519.31,82826.39,492,879,1,0.08798119597112297
https://suumo.jp/chintai/jnc_000104044516/?bc=100506233482,都営大江戸線 落合南長崎駅 3階建 新築,東京都豊島区南長崎２,151000.0,7000.0,,,2,1R,30.52,0,3,落合南長崎駅,9,11.33,119519.31,82826.39,492,879,1,0.0816094079441379
https://suumo.jp/chintai/jnc_000106582866/?bc=100504579198,都営大江戸線 落合南長崎駅 3階建 築9年,東京都豊島区南長崎３,82000.0,5000.0,82000.0,82000.0,2,1R,19.64,9,3,落合南長崎駅,7,9.50,119519.31,82826.39,492,879,1,0.11200884121151422
https://suumo.jp/chintai/jnc_000107045075/?bc=100505945768,都営大江戸線 落合南長崎駅 4階建 築2年,東京都新宿区中落合４,93000.0,10000.0,93000.0,93000.0,1,1R,20.52,2,4,落合南長崎駅,7,11.33,119519.31,82826.39,492,879,1,0.10645022670730414
https://suumo.jp/chintai/jnc_000106655083/?bc=100503348211,都営大江戸線 落合南長崎駅 4階建 築32年,東京都新宿区西落合１,68000.0,10000.0,68000.0,68000.0,2,1R,16.24,32,4,落合南長崎駅,4,10.33,119519.31,82826.39,492,879,1,0.0948232973819777
https://suumo.jp/chintai/jnc_000106576513/?bc=100502425427,都営大江戸線 落合南長崎駅 4階建 築32年,東京都新宿区西落合１,64000.0,4000.0,64000.0,64000.0,3,1R,16.2,32,4,落合南長崎駅,4,10.33,119519.31,82826.39,492,879,1,0.10326161136703904
https://suumo.jp/chintai/jnc_000105937242/?bc=100497683165,都営大江戸線 落合南長崎駅 5階建 築6年,東京都新宿区西落合２,75000.0,5000.0,,,2,1R,15.22,6,5,落合南長崎駅,10,13.33,119519.31,82826.39,492,879,1,0.08566819072739057
https://suumo.jp/chintai/jnc_000106756225/?bc=100504916805,都営大江戸線 落合南長崎駅 5階建 築6年,東京都新宿区西落合２,90000.0,5000.0,,,3,1R,20.0,6,5,落合南長崎駅,10,13.33,119519.31,82826.39,492,879,1,0.08690848196968592
https://suumo.jp/chintai/jnc_000106360972/?bc=100502944979,都営大江戸線 落合南長崎駅 5階建 築9年,東京都新宿区西落合１,110000.0,10000.0,110000.0,110000.0,3,1R,25.68,9,5,落合南長崎駅,4,10.67,119519.31,82826.39,492,879,1,0.10115065357246084
https://suumo.jp/chintai/jnc_000106640678/?bc=100503272232,都営大江戸線 落合南長崎駅 5階建 築9年,東京都新宿区西落合１,121000.0,,121000.0,121000.0,3,1R,26.01,9,5,落合南長崎駅,4,10.67,119519.31,82826.39,492,879,1,0.10661596897281261
https://suumo.jp/chintai/jnc_000103337921/?bc=100478485657,都営大江戸線 落合南長崎駅 5階建 築9年,東京都新宿区西落合１,115000.0,,115000.0,115000.0,4,1R,26.01,9,5,落合南長崎駅,4,10.67,119519.31,82826.39,492,879,1,0.1056790717026857
https://suumo.jp/chintai/jnc_000107059366/?bc=100506615048,都営大江戸線 落合南長崎駅 5階建 築9年,東京都新宿区西落合１,122000.0,10000.0,122000.0,122000.0,5,1R,25.51,9,5,落合南長崎駅,4,10.67,119519.31,82826.39,492,879,1,0.08946940234520973
https://suumo.jp/chintai/jnc_000106783645/?bc=100504359031,都営大江戸線 落合南長崎駅 6階建 築35年,東京都新宿区西落合３,69000.0,6000.0,,69000.0,3,1R,16.5,35,6,落合南長崎駅,5,11.67,119519.31,82826.39,492,879,1,0.10243539737416812
https://suumo.jp/chintai/jnc_000106582501/?bc=100502515953,都営大江戸線 落合南長崎駅 6階建 築38年,東京都新宿区西落合１,70000.0,,70000.0,70000.0,3,1R,16.2,38,6,落合南長崎駅,7,11.00,119519.31,82826.39,492,879,1,0.09566910856995209
https://suumo.jp/chintai/jnc_000106908675/?bc=100506531766,都営大江戸線 落合南長崎駅 8階建 築27年,東京都新宿区中落合３,77000.0,12000.0,,77000.0,2,1R,23.43,27,8,落合南長崎駅,3,10.00,119519.31,82826.39,492,879,1,0.0728960507498927
https://suumo.jp/chintai/jnc_000107177101/?bc=100506667563,都営大江戸線 落合南長崎駅 8階建 築27年,東京都新宿区中落合３,87000.0,8000.0,,87000.0,6,1R,25.73,27,8,落合南長崎駅,3,10.00,119519.31,82826.39,492,879,1,0.07267541679560457
https://suumo.jp/chintai/jnc_000104902869/?bc=100489073089,都営大江戸線 落合南長崎駅 地下1地上3階建 新築,東京都新宿区西落合１,126000.0,10000.0,126000.0,,1,1R,20.45,0,4,落合南長崎駅,4,11.67,119519.31,82826.39,492,879,1,0.09316141671048278
https://suumo.jp/chintai/jnc_000104902874/?bc=100489073088,都営大江戸線 落合南長崎駅 地下1地上3階建 新築,東京都新宿区西落合１,127000.0,10000.0,127000.0,,2,1R,20.45,0,4,落合南長崎駅,4,11.67,119519.31,82826.39,492,879,1,0.09440937688366902
https://suumo.jp/chintai/jnc_000104902879/?bc=100502019285,都営大江戸線 落合南長崎駅 地下1地上3階建 新築,東京都新宿区西落合１,128000.0,10000.0,128000.0,,3,1R,20.45,0,4,落合南長崎駅,4,11.67,119519.31,82826.39,492,879,1,0.09318495367231228
https://suumo.jp/chintai/jnc_000106608295/?bc=100501870060,プレール椎名町,東京都豊島区南長崎３,62000.0,8000.0,,,5,1K,18.54,38,5,落合南長崎駅,6,11.33,119519.31,98445.68,492,1447,1,0.12318397043892437
https://suumo.jp/chintai/jnc_000106466813/?bc=100501781403,都営大江戸線 落合南長崎駅 9階建 築9年,東京都新宿区西落合１,124000.0,12000.0,,124000.0,9,1K,26.1,9,9,落合南長崎駅,1,9.33,119519.31,98445.68,492,1447,1,0.06091459639332086
https://suumo.jp/chintai/jnc_000103750531/?bc=100487058903,セレスティア中野上高田,東京都中野区上高田５,161000.0,14000.0,,161000.0,3,1LDK,36.72,0,3,落合南長崎駅,11,13.33,119519.31,170377.07,492,811,1,0.08416015482533401
https://suumo.jp/chintai/jnc_000106298288/?bc=100500651356,サウスコーラル,東京都豊島区南長崎３,130000.0,,130000.0,130000.0,6,1DK,34.03,26,6,落合南長崎駅,6,9.67,119519.31,130743.78,492,402,1,0.1335326310899287
https://suumo.jp/chintai/jnc_000103837334/?bc=100481817974,ミオテゾーロ哲学堂カーザ,東京都新宿区西落合２,115000.0,15000.0,,,2,1DK,29.94,3,4,落合南長崎駅,9,13.00,119519.31,130743.78,492,402,1,0.13444312416780485
https://suumo.jp/chintai/jnc_000106220693/?bc=100499809172,都営大江戸線 落合南長崎駅 4階建 築27年,東京都新宿区中落合３,73000.0,15000.0,,73000.0,4,1K,19.2,27,4,落合南長崎駅,5,9.67,119519.31,98445.68,492,1447,1,0.12033897497927154
https://suumo.jp/chintai/jnc_000106635408/?bc=100495225826,アルテ南長崎,東京都豊島区南長崎３,90000.0,5000.0,,90000.0,3,1K,24.66,23,4,落合南長崎駅,4,9.67,119519.31,98445.68,492,1447,1,0.1407057950385251
https://suumo.jp/chintai/jnc_000106548166/?bc=100502283481,都営大江戸線 落合南長崎駅 4階建 築27年,東京都新宿区西落合３,73000.0,15000.0,,73000.0,3,1K,19.33,27,4,落合南長崎駅,5,11.33,119519.31,98445.68,492,1447,1,0.12276702902049846
https://suumo.jp/chintai/jnc_000052276637/?bc=100504695056,ペガサスマンシヨン目白,東京都新宿区西落合１,60000.0,8000.0,60000.0,,3,1K,16.2,38,6,落合南長崎駅,7,11.00,119519.31,98445.68,492,1447,1,0.1163482579990549
https://suumo.jp/chintai/jnc_000107194360/?bc=100505808265,アネックス浜中,東京都新宿区西落合１,65000.0,3000.0,65000.0,65000.0,1,1K,25.0,33,2,落合南長崎駅,7,13.00,119519.31,98445.68,492,1447,1,0.1158400776436656
https://suumo.jp/chintai/jnc_000106771786/?bc=100495963083,中落合3丁目貸家,東京都新宿区中落合３,195000.0,,,195000.0,2,2SLDK,75.0,45,2,落合南長崎駅,3,10.00,119519.31,276060.00,492,25,1,0.016595068700224314
https://suumo.jp/chintai/jnc_000103239362/?bc=100486863601,都営大江戸線 落合南長崎駅 3階建 新築,東京都中野区上高田５,160000.0,14000.0,,160000.0,2,1LDK,39.49,0,3,落合南長崎駅,11,11.50,119519.31,170377.07,492,811,1,0.09399703987793179
https://suumo.jp/chintai/jnc_000107221985/?bc=100507052000,クレストコート南長崎,東京都豊島区南長崎４,145000.0,12000.0,145000.0,,5,1DK,27.6,0,5,落合南長崎駅,5,11.00,119519.31,130743.78,492,402,1,0.14636186117539562
https://suumo.jp/chintai/jnc_000107096506/?bc=100506539472,アヴァンティ哲学堂公園,東京都新宿区西落合１,79000.0,6000.0,79000.0,79000.0,2,1K,21.01,27,4,落合南長崎駅,6,12.33,119519.31,98445.68,492,1447,1,0.1416013258897834
https://suumo.jp/chintai/jnc_000106092583/?bc=100498786112,ペガサスマンシヨン目白,東京都新宿区西落合１,61000.0,6000.0,61000.0,61000.0,6,1K,16.2,38,6,落合南長崎駅,7,11.00,119519.31,98445.68,492,1447,1,0.09144772241200755
https://suumo.jp/chintai/jnc_000106260266/?bc=100491954971,都営大江戸線 落合南長崎駅 7階建 築9年,東京都新宿区西落合１,134000.0,11000.0,,134000.0,7,1K,25.82,9,7,落合南長崎駅,6,11.67,119519.31,98445.68,492,1447,1,0.10837984116924992
https://suumo.jp/chintai/jnc_000107068669/?bc=100503026308,ペガサスマンシヨン目白,東京都新宿区西落合１,60000.0,5000.0,60000.0,60000.0,6,1K,16.2,38,6,落合南長崎駅,7,11.00,119519.31,98445.68,492,1447,1,0.08662480838843756
https://suumo.jp/chintai/jnc_000106910351/?bc=100504902808,都営大江戸線 落合南長崎駅 8階建 築27年,東京都新宿区中落合３,80000.0,10000.0,80000.0,80000.0,6,1K,23.25,27,8,落合南長崎駅,3,10.00,119519.31,98445.68,492,1447,1,0.08955301290940698
https://suumo.jp/chintai/jnc_000107169546/?bc=100506697854,都営大江戸線 落合南長崎駅 9階建 築20年,東京都新宿区中落合３,82000.0,10000.0,,82000.0,3,1K,20.07,20,9,落合南長崎駅,2,8.67,119519.31,98445.68,492,1447,1,0.10055405819288066
https://suumo.jp/chintai/jnc_000106346660/?bc=100500794622,アーバンヒル,東京都新宿区中落合４,68000.0,2000.0,68000.0,34000.0,1,1K,22.35,38,2,落合南長崎駅,6,9.33,119519.31,98445.68,492,1447,1,0.10759486087227293
https://suumo.jp/chintai/jnc_000091994823/?bc=100465781272,菊マンション,東京都豊島区南長崎４,80000.0,,80000.0,80000.0,1,2DK,34.0,56,4,落合南長崎駅,6,7.00,119519.31,135945.31,492,128,1,0.0334165744422491
https://suumo.jp/chintai/jnc_000105374328/?bc=100493018915,ライオンズマンション西落合,東京都新宿区西落合１,144000.0,6000.0,144000.0,,4,2DK,44.7,46,7,落合南長崎駅,1,10.67,119519.31,135945.31,492,128,1,0.018138696230494022
https://suumo.jp/chintai/jnc_000106986223/?bc=100506211052,ライオンズマンション西落合,東京都新宿区西落合１,134000.0,6000.0,134000.0,,4,2DK,44.7,46,7,落合南長崎駅,1,10.67,119519.31,135945.31,492,128,1,0.02120129504060908
https://suumo.jp/chintai/jnc_000107195006/?bc=100506798977,ラ・ボン・ファミイユ,東京都豊島区南長崎３,113000.0,9000.0,,,2,2DK,46.17,41,4,落合南長崎駅,7,10.67,119519.31,135945.31,492,128,1,0.054710649966945635
https://suumo.jp/chintai/jnc_000107194372/?bc=100498975770,都営大江戸線 落合南長崎駅 9階建 築2年,東京都新宿区西落合２,159000.0,10000.0,159000.0,,7,1DK,26.99,2,9,落合南長崎駅,9,12.33,119519.31,130743.78,492,402,1,0.12120607782798193
https://suumo.jp/chintai/jnc_000106381592/?bc=100501080547,都営大江戸線 落合南長崎駅 8階建 築32年,東京都新宿区中落合３,134000.0,8000.0,134000.0,134000.0,4,2DK,46.71,32,8,落合南長崎駅,3,8.33,119519.31,135945.31,492,128,1,0.03542496567081005
https://suumo.jp/chintai/jnc_000106627979/?bc=100503437162,都営大江戸線 落合南長崎駅 10階建 築17年,東京都新宿区中落合３,79000.0,18000.0,,79000.0,9,1K,21.15,17,10,落合南長崎駅,5,10.00,119519.31,98445.68,492,1447,1,0.054931687719729894
https://suumo.jp/chintai/jnc_000105678612/?bc=100495194238,都営大江戸線 落合南長崎駅 10階建 築23年,東京都新宿区中落合３,120000.0,11000.0,,120000.0,8,1K,21.0,23,10,落合南長崎駅,3,9.33,119519.31,98445.68,492,1447,1,0.0721758399378668
https://suumo.jp/chintai/jnc_000106650656/?bc=100503039003,都営大江戸線 落合南長崎駅 6階建 築51年,東京都新宿区西落合３,137000.0,3000.0,137000.0,137000.0,5,2DK,51.9,51,6,落合南長崎駅,2,7.00,119519.31,135945.31,492,128,-1,-0.019186075202321407
https://suumo.jp/chintai/jnc_000107169550/?bc=100506648804,メゾン・メヌエット,東京都新宿区西落合３,92000.0,3000.0,92000.0,,2,2DK,35.0,36,2,落合南長崎駅,8,14.33,119519.31,135945.31,492,128,1,0.021438881877400506
https://suumo.jp/chintai/jnc_000106119941/?bc=100501814305,都営大江戸線 落合南長崎駅 1階建 築11年,東京都新宿区西落合３,89000.0,6000.0,,89000.0,1,1K,26.09,11,1,落合南長崎駅,7,12.00,119519.31,98445.68,492,1447,1,0.1402467933981405
https://suumo.jp/chintai/jnc_000098665082/?bc=100471576451,都営大江戸線 落合南長崎駅 2階建 築33年,東京都新宿区西落合３,55000.0,2000.0,55000.0,,1,1K,20.46,33,2,落合南長崎駅,10,13.33,119519.31,98445.68,492,1447,1,0.08624592740099862
https://suumo.jp/chintai/jnc_000106877115/?bc=100505958629,アクロスアベニュー南長崎,東京都豊島区南長崎３,181000.0,15000.0,,,4,2DK,38.04,0,5,落合南長崎駅,8,10.33,119519.31,135945.31,492,128,1,0.030898674647323876
https://suumo.jp/chintai/jnc_000106877116/?bc=100505992090,アクロスアベニュー南長崎,東京都豊島区南長崎３,181000.0,15000.0,,,5,2DK,38.04,0,5,落合南長崎駅,8,10.33,119519.31,135945.31,492,128,1,0.027437570965569424
https://suumo.jp/chintai/jnc_000106422897/?bc=100505670490,ホライゾンコート新宿西落合,東京都新宿区西落合３,133000.0,5000.0,133000.0,133000.0,4,2DK,38.28,11,5,落合南長崎駅,2,10.67,119519.31,135945.31,492,128,1,0.0440074267555885
https://suumo.jp/chintai/jnc_000106943656/?bc=100505612679,ＡＲＫＭＡＲＫ新宿西落合,東京都新宿区西落合２,123000.0,12000.0,123000.0,123000.0,5,1K,25.95,2,6,落合南長崎駅,9,13.00,119519.31,98445.68,492,1447,1,0.11746182627027679
https://suumo.jp/chintai/jnc_000054957419/?bc=100494494780,都営大江戸線 落合南長崎駅 2階建 築33年,東京都新宿区西落合３,57000.0,2000.0,57000.0,,2,1K,16.5,33,2,落合南長崎駅,10,13.33,119519.31,98445.68,492,1447,1,0.08523074179375517
https://suumo.jp/chintai/jnc_000103750536/?bc=100476138799,セレスティア中野上高田,東京都中野区上高田５,165000.0,14000.0,,165000.0,3,1LDK,39.49,0,3,落合南長崎駅,11,13.33,119519.31,170377.07,492,811,1,0.08154291641858952
https://suumo.jp/chintai/jnc_000106862527/?bc=100497577695,ロックハイツ,東京都新宿区西落合１,110000.0,9000.0,110000.0,220000.0,2,2DK,43.75,34,7,落合南長崎駅,5,11.33,119519.31,135945.31,492,128,1,0.056740994920286614
https://suumo.jp/chintai/jnc_000104531829/?bc=100487633528,Ａｇｌａｉａ 新宿西落合,東京都新宿区西落合１,149000.0,10000.0,149000.0,,-1,1LDK,30.02,0,4,落合南長崎駅,4,12.33,119519.31,170377.07,492,811,1,0.08567991091730676
https://suumo.jp/chintai/jnc_000105923806/?bc=100497230398,ベルジュール落合,東京都新宿区中落合３,75000.0,9000.0,,,7,1K,16.5,32,8,落合南長崎駅,4,10.67,119519.31,98445.68,492,1447,1,0.07806596968910251
https://suumo.jp/chintai/jnc_000107087716/?bc=100505401166,都営大江戸線 落合南長崎駅 2階建 築8年,東京都新宿区西落合３,123000.0,5500.0,,123000.0,1,1K,22.03,8,2,落合南長崎駅,7,12.33,119519.31,98445.68,492,1447,1,0.13788658747251176
https://suumo.jp/chintai/jnc_000107215531/?bc=100507018294,都営大江戸線 落合南長崎駅 5階建 築57年,東京都新宿区中落合４,92000.0,4500.0,92000.0,92000.0,5,2DK,36.45,57,5,落合南長崎駅,5,11.67,119519.31,135945.31,492,128,1,0.03692958825804887
https://suumo.jp/chintai/jnc_000104531832/?bc=100488248594,Ａｇｌａｉａ 新宿西落合,東京都新宿区西落合１,151000.0,10000.0,151000.0,,-1,1LDK,31.45,0,4,落合南長崎駅,4,12.33,119519.31,170377.07,492,811,1,0.08504096402001182
https://suumo.jp/chintai/jnc_000103750551/?bc=100505169634,都営大江戸線 落合南長崎駅 3階建 新築,東京都中野区上高田５,164000.0,14000.0,,164000.0,2,1LDK,43.73,0,3,落合南長崎駅,11,12.67,119519.31,170377.07,492,811,1,0.08073530086015895
https://suumo.jp/chintai/jnc_000105772669/?bc=100502019274,都営大江戸線 落合南長崎駅 3階建 築11年,東京都新宿区西落合１,165000.0,8000.0,165000.0,247500.0,1,1LDK,46.42,11,3,落合南長崎駅,5,11.33,119519.31,170377.07,492,811,1,0.11595354595736862
https://suumo.jp/chintai/jnc_000104724531/?bc=100499107060,カーサ中井,東京都新宿区中落合４,140000.0,3000.0,,280000.0,2,1LDK,44.84,14,2,落合南長崎駅,7,9.67,119519.31,170377.07,492,811,1,0.09049445827494113
https://suumo.jp/chintai/jnc_000106372354/?bc=100502770087,パル・豊島館,東京都新宿区中落合３,134000.0,8000.0,134000.0,134000.0,4,2DK,46.71,32,8,落合南長崎駅,3,8.33,119519.31,135945.31,492,128,1,0.03542496567081005
https://suumo.jp/chintai/jnc_000104126286/?bc=100502238368,都営大江戸線 落合南長崎駅 3階建 新築,東京都豊島区南長崎２,170000.0,7000.0,,,3,2DK,33.79,0,3,落合南長崎駅,9,11.33,119519.31,135945.31,492,128,1,0.05393414893195381
https://suumo.jp/chintai/jnc_000107195007/?bc=100506823142,都営大江戸線 落合南長崎駅 4階建 築41年,東京都豊島区南長崎３,113000.0,9000.0,,,2,2DK,46.17,41,4,落合南長崎駅,4,9.00,119519.31,135945.31,492,128,1,0.04539969174251263
https://suumo.jp/chintai/jnc_000105397616/?bc=100501582122,パールハウス,東京都新宿区西落合３,103000.0,5000.0,103000.0,103000.0,1,2DK,38.08,48,3,落合南長崎駅,3,9.33,119519.31,135945.31,492,128,1,0.046662522050600674
https://suumo.jp/chintai/jnc_000106439429/?bc=100501618772,都営大江戸線 落合南長崎駅 3階建 築48年,東京都新宿区西落合３,103000.0,5000.0,103000.0,103000.0,1,2DK,38.08,48,3,落合南長崎駅,3,10.33,119519.31,135945.31,492,128,1,0.04612221800526822
https://suumo.jp/chintai/jnc_000105689522/?bc=100496383449,東洋マンション,東京都豊島区南長崎３,85000.0,5000.0,85000.0,85000.0,2,2DK,34.01,58,5,落合南長崎駅,7,9.00,119519.31,135945.31,492,128,1,0.04580744606766024
https://suumo.jp/chintai/jnc_000106460208/?bc=100494985713,有明荘,東京都新宿区西落合４,60000.0,3000.0,60000.0,60000.0,2,1K,22.23,50,2,落合南長崎駅,10,14.00,119519.31,98445.68,492,1447,1,0.05800937081535795
https://suumo.jp/chintai/jnc_000027537503/?bc=100502838281,都営大江戸線 落合南長崎駅 2階建 築36年,東京都中野区江古田１,82000.0,3000.0,,,2,2DK,33.95,36,2,落合南長崎駅,14,14.67,119519.31,135945.31,492,128,-1,-0.006061858235528184
https://suumo.jp/chintai/jnc_000107188888/?bc=100506782330,御園マンション,東京都新宿区中落合４,92000.0,6040.0,92000.0,92000.0,5,2DK,36.45,57,5,落合南長崎駅,5,10.00,119519.31,135945.31,492,128,1,0.04264896113642813
https://suumo.jp/chintai/jnc_000107045077/?bc=100505964991,ハイム西落合,東京都新宿区西落合１,120000.0,4000.0,120000.0,120000.0,1,1LDK,44.25,25,2,落合南長崎駅,3,11.00,119519.31,170377.07,492,811,1,0.07505948405497981
https://suumo.jp/chintai/jnc_000107209774/?bc=100506951953,都営大江戸線 落合南長崎駅 2階建 築51年,東京都新宿区中落合３,70000.0,1000.0,70000.0,70000.0,2,2K,28.0,51,2,落合南長崎駅,3,10.33,119519.31,136763.16,492,114,-1,-0.006705292799821461
https://suumo.jp/chintai/jnc_000104560032/?bc=100506492410,都営大江戸線 落合南長崎駅 4階建 築27年,東京都新宿区西落合１,79000.0,6000.0,79000.0,79000.0,2,1K,21.01,27,4,落合南長崎駅,6,12.00,119519.31,98445.68,492,1447,1,0.14382157223687098
https://suumo.jp/chintai/jnc_000106182844/?bc=100501098797,都営大江戸線 落合南長崎駅 9階建 築9年,東京都新宿区西落合１,108000.0,12000.0,108000.0,108000.0,9,1K,26.1,9,9,落合南長崎駅,1,9.33,119519.31,98445.68,492,1447,1,0.05987778014844658
https://suumo.jp/chintai/jnc_000106493319/?bc=100506599740,ピステン　Ｍ,東京都豊島区南長崎２,240000.0,10000.0,,480000.0,2,2SLDK,73.98,0,3,落合南長崎駅,9,14.33,119519.31,276060.00,492,25,1,0.026542337294716556
https://suumo.jp/chintai/jnc_000047445790/?bc=100474622665,哲学堂フラッツ,東京都新宿区西落合３,57000.0,2000.0,57000.0,,2,1K,16.5,33,2,落合南長崎駅,10,13.00,119519.31,98445.68,492,1447,1,0.0843391463594253
https://suumo.jp/chintai/jnc_000107199832/?bc=100506863470,都営大江戸線 落合南長崎駅 地下1地上4階建 築5年,東京都新宿区西落合１,135000.0,5000.0,,135000.0,1,2K,40.0,5,5,落合南長崎駅,7,12.00,119519.31,136763.16,492,114,1,0.04322807794204209
https://suumo.jp/chintai/jnc_000106501441/?bc=100502016031,西武池袋線 椎名町駅 4階建 築37年,東京都豊島区南長崎２,85000.0,5000.0,,,1,1DK,34.14,37,4,落合南長崎駅,7,10.00,119519.31,130743.78,492,402,1,0.14722839296660806
https://suumo.jp/chintai/jnc_000104902870/?bc=100489073155,都営大江戸線 落合南長崎駅 地下1地上3階建 新築,東京都新宿区西落合１,148000.0,20000.0,148000.0,,2,1LDK,30.02,0,4,落合南長崎駅,4,11.67,119519.31,170377.07,492,811,1,0.08453385273960712
https://suumo.jp/chintai/jnc_000107182836/?bc=100506802980,ザ・テラス西落合,東京都新宿区西落合１,135000.0,5000.0,,135000.0,-1,2K,40.0,5,5,落合南長崎駅,7,12.00,119519.31,136763.16,492,114,1,0.026206125538279113
https://suumo.jp/chintai/jnc_000107209772/?bc=100506975505,コーポイスズ,東京都新宿区中落合３,70000.0,1000.0,70000.0,70000.0,2,2K,28.0,51,2,落合南長崎駅,3,10.33,119519.31,136763.16,492,114,-1,-0.006705292799821461
https://suumo.jp/chintai/jnc_000106862526/?bc=100504510836,クロムハイツ,東京都新宿区西落合１,115000.0,8000.0,115000.0,115000.0,3,2K,36.9,35,6,落合南長崎駅,4,11.00,119519.31,136763.16,492,114,1,0.032935016021263475
https://suumo.jp/chintai/jnc_000107216435/?bc=100507052069,クレストコート南長崎,東京都豊島区南長崎４,135000.0,12000.0,135000.0,,2,2K,26.83,0,5,落合南長崎駅,5,11.00,119519.31,136763.16,492,114,1,0.05030079862211734
https://suumo.jp/chintai/jnc_000107221980/?bc=100507052048,クレストコート南長崎,東京都豊島区南長崎４,133000.0,12000.0,133000.0,,2,2K,25.8,0,5,落合南長崎駅,5,11.00,119519.31,136763.16,492,114,1,0.04998248687821355
https://suumo.jp/chintai/jnc_000104902872/?bc=100489073171,都営大江戸線 落合南長崎駅 地下1地上3階建 新築,東京都新宿区西落合１,148000.0,20000.0,148000.0,,2,1LDK,30.6,0,4,落合南長崎駅,4,11.67,119519.31,170377.07,492,811,1,0.08482879540869159
https://suumo.jp/chintai/jnc_000106655566/?bc=100503056233,都営大江戸線 落合南長崎駅 5階建 築56年,東京都豊島区南長崎４,75000.0,3000.0,75000.0,75000.0,2,2K,31.0,56,5,落合南長崎駅,7,9.00,119519.31,136763.16,492,114,-1,-0.009527006573477936
https://suumo.jp/chintai/jnc_000105160340/?bc=100500201699,マイステージアムヒューゲル西落合,東京都新宿区西落合３,122000.0,8000.0,122000.0,122000.0,6,1DK,43.85,35,6,落合南長崎駅,2,9.33,119519.31,130743.78,492,402,1,0.09744892101805902
https://suumo.jp/chintai/jnc_000106010367/?bc=100500515195,都営大江戸線 落合南長崎駅 5階建 築6年,東京都新宿区中落合３,122000.0,15000.0,,,3,2K,25.51,6,5,落合南長崎駅,10,11.00,119519.31,136763.16,492,114,1,0.04511524716682008
https://suumo.jp/chintai/jnc_000106073632/?bc=100500296780,西武池袋線 椎名町駅 4階建 築37年,東京都豊島区南長崎２,174000.0,6000.0,,174000.0,1,2LDK,76.18,37,4,落合南長崎駅,7,10.00,119519.31,243512.76,492,392,1,0.06572800216172137
https://suumo.jp/chintai/jnc_000106650657/?bc=100503041718,都営大江戸線 落合南長崎駅 6階建 築51年,東京都新宿区西落合３,173000.0,3000.0,173000.0,173000.0,5,2LDK,51.9,51,6,落合南長崎駅,2,7.00,119519.31,243512.76,492,392,1,0.016554656871332285
https://suumo.jp/chintai/jnc_000106854243/?bc=100504815424,都営大江戸線 落合南長崎駅 6階建 築35年,東京都新宿区西落合１,115000.0,8000.0,115000.0,115000.0,3,2K,36.9,35,6,落合南長崎駅,4,11.00,119519.31,136763.16,492,114,1,0.032935016021263475
https://suumo.jp/chintai/jnc_000106739672/?bc=100504742090,ＺＯＯＭ新宿西落合,東京都新宿区西落合１,132000.0,8000.0,132000.0,132000.0,5,2K,30.42,7,7,落合南長崎駅,7,12.67,119519.31,136763.16,492,114,1,0.048518933372936335
https://suumo.jp/chintai/jnc_000106650653/?bc=100504200727,ＺＯＯＭ新宿西落合,東京都新宿区西落合１,130000.0,8000.0,130000.0,130000.0,4,2K,30.42,7,7,落合南長崎駅,7,12.67,119519.31,136763.16,492,114,1,0.04937897275833847
https://suumo.jp/chintai/jnc_000103416394/?bc=100477571267,カーサみずの塔,東京都中野区江古田１,135000.0,8000.0,135000.0,135000.0,1,3LDK,62.71,32,3,落合南長崎駅,14,15.00,119519.31,281205.13,492,156,-1,-0.015507648842578492
https://suumo.jp/chintai/jnc_000104928105/?bc=100505452478,Kolet落合南長崎,東京都新宿区中落合３,341000.0,,341000.0,341000.0,1,3LDK,73.69,5,2,落合南長崎駅,3,15.00,119519.31,281205.13,492,156,-1,-0.03704880410923539
https://suumo.jp/chintai/jnc_000106072749/?bc=100503618539,都営大江戸線 落合南長崎駅 4階建 築10年,東京都新宿区西落合２,137000.0,4600.0,,137000.0,1,1LDK,38.47,10,4,落合南長崎駅,8,13.67,119519.31,170377.07,492,811,1,0.09488057899906699
https://suumo.jp/chintai/jnc_000105437753/?bc=100495974783,都営大江戸線 落合南長崎駅 7階建 築7年,東京都新宿区西落合１,136000.0,8000.0,136000.0,136000.0,1,2K,30.42,7,7,落合南長崎駅,6,12.00,119519.31,136763.16,492,114,1,0.043711925803876506
https://suumo.jp/chintai/jnc_000102182213/?bc=100469015188,都営大江戸線 落合南長崎駅 7階建 築7年,東京都新宿区西落合１,125000.0,8000.0,125000.0,125000.0,2,2K,30.42,7,7,落合南長崎駅,6,12.00,119519.31,136763.16,492,114,1,0.05299890351674591
https://suumo.jp/chintai/jnc_000106807545/?bc=100504338614,都営大江戸線 落合南長崎駅 7階建 築7年,東京都新宿区西落合１,130000.0,8000.0,130000.0,130000.0,4,2K,30.42,7,7,落合南長崎駅,6,12.00,119519.31,136763.16,492,114,1,0.04925160650331928
https://suumo.jp/chintai/jnc_000106862530/?bc=100504508299,都営大江戸線 落合南長崎駅 7階建 築7年,東京都新宿区西落合１,132000.0,8000.0,132000.0,132000.0,5,2K,30.42,7,7,落合南長崎駅,6,12.00,119519.31,136763.16,492,114,1,0.04839133466243667
https://suumo.jp/chintai/jnc_000105912724/?bc=100497389411,都営大江戸線 落合南長崎駅 7階建 築7年,東京都新宿区西落合１,134000.0,8000.0,134000.0,134000.0,6,2K,30.42,7,7,落合南長崎駅,6,12.00,119519.31,136763.16,492,114,1,0.04254807174394393
https://suumo.jp/chintai/jnc_000100878708/?bc=100455070744,ＩＭＢ南長崎,東京都豊島区南長崎２,86000.0,4000.0,,86000.0,1,2K,30.0,32,4,落合南長崎駅,9,11.33,119519.31,136763.16,492,114,1,0.02539995886179669
https://suumo.jp/chintai/jnc_000103750538/?bc=100505106577,都営大江戸線 落合南長崎駅 3階建 新築,東京都中野区上高田５,240000.0,15000.0,,240000.0,1,2LDK,58.87,0,3,落合南長崎駅,11,12.67,119519.31,243512.76,492,392,1,0.043408664467960933
https://suumo.jp/chintai/jnc_000106837399/?bc=100496321809,ワコーレ哲学堂,東京都新宿区西落合２,67000.0,5000.0,67000.0,67000.0,6,1K,16.24,37,7,落合南長崎駅,10,12.00,119519.31,98445.68,492,1447,1,0.07444300209944293
https://suumo.jp/chintai/jnc_000106837398/?bc=100502431730,ワコーレ哲学堂,東京都新宿区西落合２,62000.0,6000.0,62000.0,62000.0,2,1K,16.14,37,7,落合南長崎駅,10,12.00,119519.31,98445.68,492,1447,1,0.1032318309933476
https://suumo.jp/chintai/jnc_000106604934/?bc=100505954967,東長崎マイコーポ,東京都豊島区南長崎４,75000.0,3000.0,75000.0,75000.0,2,2K,31.0,43,5,落合南長崎駅,7,8.67,119519.31,136763.16,492,114,1,0.009119394961390692
https://suumo.jp/chintai/jnc_000106005370/?bc=100505673872,レジデンス新宿中落合スクエア,東京都新宿区中落合３,122000.0,15000.0,,,3,2K,25.51,6,5,落合南長崎駅,10,10.67,119519.31,136763.16,492,114,1,0.046165424196306426
https://suumo.jp/chintai/jnc_000103750549/?bc=100488847876,都営大江戸線 落合南長崎駅 3階建 新築,東京都中野区上高田５,173000.0,14000.0,,173000.0,2,1LDK,49.67,0,3,落合南長崎駅,11,12.67,119519.31,170377.07,492,811,1,0.07661024467123445
https://suumo.jp/chintai/jnc_000106467562/?bc=100501894463,ロータス南長崎,東京都豊島区南長崎４,75000.0,10000.0,75000.0,75000.0,1,1K,20.0,9,4,落合南長崎駅,4,10.00,119519.31,98445.68,492,1447,1,0.12871741382358332
https://suumo.jp/chintai/jnc_000107020314/?bc=100500422381,都営大江戸線 落合南長崎駅 2階建 築49年,東京都新宿区西落合３,70000.0,2000.0,70000.0,70000.0,2,2K,29.81,49,2,落合南長崎駅,4,10.33,119519.31,136763.16,492,114,1,0.00825251985380604
https://suumo.jp/chintai/jnc_000105853416/?bc=100506469604,レジデンス新宿中落合,東京都新宿区中落合４,105000.0,7000.0,,,4,1K,20.16,20,5,落合南長崎駅,7,7.67,119519.31,98445.68,492,1447,1,0.1422540441678386
https://suumo.jp/chintai/jnc_000106097466/?bc=100461530246,都営大江戸線 落合南長崎駅 5階建 築9年,東京都豊島区南長崎２,271000.0,19000.0,271000.0,271000.0,2,3LDK,68.98,9,5,落合南長崎駅,9,10.00,119519.31,281205.13,492,156,-1,-0.00890653511920525
https://suumo.jp/chintai/jnc_000106066992/?bc=100471222744,西落合３丁目テラスハウス,東京都新宿区西落合３,250000.0,,250000.0,250000.0,1,2LDK,98.31,20,2,落合南長崎駅,5,24.67,119519.31,243512.76,492,392,-1,-0.0033870589879165802
https://suumo.jp/chintai/jnc_000106066992/?bc=100471222744,西落合３丁目テラスハウス,東京都新宿区西落合３,250000.0,,250000.0,250000.0,2,2LDK,98.31,20,2,落合南長崎駅,5,24.67,119519.31,243512.76,492,392,1,0.0012074250643268059
https://suumo.jp/chintai/jnc_000107137665/?bc=100506649204,西落合ニューヨークマンション,東京都新宿区西落合２,141000.0,11000.0,141000.0,141000.0,5,2LDK,53.12,40,5,落合南長崎駅,10,12.67,119519.31,243512.76,492,392,1,0.056132881503021814
https://suumo.jp/chintai/jnc_000106659007/?bc=100503043742,都営大江戸線 落合南長崎駅 4階建 築27年,東京都新宿区西落合３,72000.0,15000.0,,72000.0,2,1K,19.19,27,4,落合南長崎駅,5,11.33,119519.31,98445.68,492,1447,1,0.12310389096238772
https://suumo.jp/chintai/jnc_000107194362/?bc=100502937295,都営大江戸線 落合南長崎駅 4階建 築23年,東京都新宿区西落合１,93000.0,4000.0,93000.0,93000.0,2,1K,25.63,23,4,落合南長崎駅,6,11.33,119519.31,98445.68,492,1447,1,0.14709728005875156
https://suumo.jp/chintai/jnc_000106991507/?bc=100505668820,都営大江戸線 落合南長崎駅 9階建 築9年,東京都新宿区西落合１,106000.0,12000.0,106000.0,106000.0,7,1K,26.1,9,9,落合南長崎駅,1,9.33,119519.31,98445.68,492,1447,1,0.07194957143941388
https://suumo.jp/chintai/jnc_000106587330/?bc=100506237660,レオパレス目白通,東京都新宿区西落合１,97000.0,5500.0,,97000.0,1,1K,19.87,22,3,落合南長崎駅,3,11.33,119519.31,98445.68,492,1447,1,0.13124360808531255
https://suumo.jp/chintai/jnc_000107116286/?bc=100502990650,レオパレス目白通,東京都新宿区西落合１,105000.0,5500.0,,105000.0,1,1K,19.87,22,3,落合南長崎駅,3,11.33,119519.31,98445.68,492,1447,1,0.1316398051841839
https://suumo.jp/chintai/jnc_000106876606/?bc=100504839288,パルティーレ西落合,東京都新宿区西落合１,140000.0,5000.0,140000.0,168000.0,3,1LDK,46.75,47,7,落合南長崎駅,5,12.00,119519.31,170377.07,492,811,1,0.0676868435584978
https://suumo.jp/chintai/jnc_000107215533/?bc=100203640051,マリクリエルアネックス,東京都新宿区中落合４,70000.0,2000.0,70000.0,70000.0,1,1K,21.12,21,2,落合南長崎駅,7,10.33,119519.31,98445.68,492,1447,1,0.11514662607872905
https://suumo.jp/chintai/jnc_000106548168/?bc=100496650351,Ｌａ　Ｆａｍｉｇｌｉａ　Ｆｅｌｉｃｅ,東京都新宿区西落合３,219000.0,5000.0,219000.0,,1,2LDK,59.05,1,2,落合南長崎駅,8,13.00,119519.31,243512.76,492,392,1,0.06930989632122397
https://suumo.jp/chintai/jnc_000106548167/?bc=100506962300,Ｌａ　Ｆａｍｉｇｌｉａ　Ｆｅｌｉｃｅ,東京都新宿区西落合３,210000.0,5000.0,210000.0,,1,2LDK,52.16,1,2,落合南長崎駅,8,13.00,119519.31,243512.76,492,392,1,0.07592128457841363
https://suumo.jp/chintai/jnc_000105232867/?bc=100505769793,ミオテゾーロ哲学堂カーザ,東京都新宿区西落合２,103500.0,15000.0,,,2,1K,26.89,3,4,落合南長崎駅,9,13.00,119519.31,98445.68,492,1447,1,0.11638748718830988
https://suumo.jp/chintai/jnc_000104347544/?bc=100501408692,ミオテゾーロ哲学堂カーザ,東京都新宿区西落合２,100000.0,15000.0,,,4,1K,25.27,3,4,落合南長崎駅,9,13.00,119519.31,98445.68,492,1447,1,0.11384717831934954
https://suumo.jp/chintai/jnc_000106112936/?bc=100503995972,ミハス西落合,東京都新宿区西落合３,89000.0,6000.0,,89000.0,1,1K,26.09,11,2,落合南長崎駅,7,11.33,119519.31,98445.68,492,1447,1,0.14375385754688025
https://suumo.jp/chintai/jnc_000105857536/?bc=100496707618,フラッフィー落合南長崎,東京都新宿区西落合１,113000.0,15000.0,,,4,1DK,25.1,4,5,落合南長崎駅,3,10.00,119519.31,130743.78,492,402,1,0.1362113873296305
https://suumo.jp/chintai/jnc_000105627599/?bc=100494993135,ミハス西落合,東京都新宿区西落合３,91000.0,6000.0,,91000.0,2,1K,30.85,11,2,落合南長崎駅,7,11.33,119519.31,98445.68,492,1447,1,0.13925778497783786
https://suumo.jp/chintai/jnc_000075130411/?bc=100468534692,メゾンドヒロオ,東京都豊島区南長崎３,120000.0,3000.0,120000.0,120000.0,1,2LDK,48.0,38,3,落合南長崎駅,5,9.00,119519.31,243512.76,492,392,1,0.07006952616291034
https://suumo.jp/chintai/jnc_000106908674/?bc=100504890396,ミルーム中落合,東京都新宿区中落合３,80000.0,10000.0,80000.0,80000.0,6,1K,23.25,27,8,落合南長崎駅,5,11.33,119519.31,98445.68,492,1447,1,0.1054900568884311
https://suumo.jp/chintai/jnc_000106360976/?bc=100484994059,メゾン海,東京都新宿区西落合１,218000.0,6000.0,109000.0,218000.0,2,2LDK,55.27,0,3,落合南長崎駅,4,11.67,119519.31,243512.76,492,392,1,0.08417085917022149
https://suumo.jp/chintai/jnc_000106182842/?bc=100504743690,メイクスデザイン新宿落合,東京都新宿区西落合１,108000.0,12000.0,108000.0,108000.0,9,1K,26.1,9,9,落合南長崎駅,1,8.67,119519.31,98445.68,492,1447,1,0.053649294134782755
https://suumo.jp/chintai/jnc_000106347498/?bc=100500812341,都営大江戸線 落合南長崎駅 4階建 築18年,東京都豊島区南長崎４,105000.0,4000.0,,210000.0,3,1K,29.1,18,4,落合南長崎駅,3,9.33,119519.31,98445.68,492,1447,1,0.13828714004175918
https://suumo.jp/chintai/jnc_000105627596/?bc=100495225992,メインステージ中落合,東京都新宿区中落合３,86000.0,6000.0,,86000.0,7,1K,24.26,27,9,落合南長崎駅,9,13.00,119519.31,98445.68,492,1447,1,0.0853415949701033
https://suumo.jp/chintai/jnc_000107169548/?bc=100506926435,都営大江戸線 落合南長崎駅 3階建 築5年,東京都新宿区西落合２,100000.0,7000.0,100000.0,100000.0,1,1K,26.4,5,3,落合南長崎駅,9,12.67,119519.31,98445.68,492,1447,1,0.14017292888530541
https://suumo.jp/chintai/jnc_000106817671/?bc=100504154206,都営大江戸線 落合南長崎駅 地上2階建 築5年,東京都新宿区中落合３,341000.0,,341000.0,341000.0,1,3LDK,73.69,5,2,落合南長崎駅,3,10.00,119519.31,281205.13,492,156,-1,-0.011055191984310708
https://suumo.jp/chintai/jnc_000106817671/?bc=100504154206,都営大江戸線 落合南長崎駅 地上2階建 築5年,東京都新宿区中落合３,341000.0,,341000.0,341000.0,2,3LDK,73.69,5,2,落合南長崎駅,3,10.00,119519.31,281205.13,492,156,-1,-0.005878808828198578
https://suumo.jp/chintai/jnc_000104454680/?bc=100486109282,パルティーレ西落合,東京都新宿区西落合１,136000.0,5000.0,136000.0,163200.0,1,1LDK,43.35,47,7,落合南長崎駅,5,12.00,119519.31,170377.07,492,811,1,0.06233690176478485
https://suumo.jp/chintai/jnc_000069519800/?bc=100505012626,ＪＪハウス,東京都新宿区中落合３,51000.0,3000.0,,,1,1R,10.53,11,2,落合南長崎駅,6,11.00,119519.31,82826.39,492,879,1,0.08386240158431046
https://suumo.jp/chintai/jnc_000103947797/?bc=100481786094,メゾン・ド・ブラン南長崎,東京都豊島区南長崎３,64000.0,2000.0,,,2,1K,23.8,40,2,落合南長崎駅,9,11.00,119519.31,98445.68,492,1447,1,0.10277931506384724
https://suumo.jp/chintai/jnc_000103750533/?bc=100503262865,セレスティア中野上高田,東京都中野区上高田５,178000.0,14000.0,178000.0,,3,1LDK,49.67,0,3,落合南長崎駅,11,13.33,119519.31,170377.07,492,811,1,0.06873334959943295
https://suumo.jp/chintai/jnc_000105972197/?bc=100507036866,メゾンドボヌール落合,東京都新宿区中落合４,93000.0,,46500.0,139500.0,1,1DK,28.76,53,2,落合南長崎駅,6,11.33,119519.31,130743.78,492,402,1,0.12222229172744908
https://suumo.jp/chintai/jnc_000106501440/?bc=100502015527,シャンブルグランドゥ,東京都豊島区南長崎２,85000.0,5000.0,,,1,1DK,34.14,37,4,落合南長崎駅,7,10.00,119519.31,130743.78,492,402,1,0.14722839296660806
https://suumo.jp/chintai/jnc_000106274478/?bc=100500244292,都営大江戸線 落合南長崎駅 6階建 築26年,東京都豊島区南長崎３,130000.0,,130000.0,130000.0,6,1DK,34.03,26,6,落合南長崎駅,8,10.33,119519.31,130743.78,492,402,1,0.12955738101637954
https://suumo.jp/chintai/jnc_000106346661/?bc=100500794968,西武新宿線 中井駅 2階建 築38年,東京都新宿区中落合４,68000.0,2000.0,68000.0,34000.0,1,1K,22.35,38,2,落合南長崎駅,6,9.33,119519.31,98445.68,492,1447,1,0.10759486087227293
https://suumo.jp/chintai/jnc_000106569843/?bc=100506108222,都営大江戸線 落合南長崎駅 3階建 築30年,東京都豊島区南長崎２,77000.0,3000.0,77000.0,77000.0,3,1K,23.45,30,3,落合南長崎駅,8,10.33,119519.31,98445.68,492,1447,1,0.12772523105713024
https://suumo.jp/chintai/jnc_000106382589/?bc=100501009613,藤居荘,東京都豊島区南長崎２,40000.0,,,,2,1K,14.0,45,2,落合南長崎駅,8,11.33,119519.31,98445.68,492,1447,1,0.09094293803253084
https://suumo.jp/chintai/jnc_000107027324/?bc=100501765875,メゾン　リベッチオ,東京都豊島区南長崎３,204000.0,6000.0,204000.0,204000.0,3,2LDK,56.73,5,3,落合南長崎駅,6,10.33,119519.31,243512.76,492,392,1,0.09403080953721182
https://suumo.jp/chintai/jnc_000107059905/?bc=100505995089,都営大江戸線 落合南長崎駅 9階建 築28年,東京都豊島区南長崎４,94000.0,11000.0,,188000.0,2,1K,22.61,28,9,落合南長崎駅,3,9.67,119519.31,98445.68,492,1447,1,0.11342275690405035
https://suumo.jp/chintai/jnc_000103843623/?bc=100482947060,都営大江戸線 落合南長崎駅 4階建 築3年,東京都新宿区西落合２,115000.0,15000.0,,,2,1DK,29.94,3,4,落合南長崎駅,9,13.00,119519.31,130743.78,492,402,1,0.13444312416780485
https://suumo.jp/chintai/jnc_000106460207/?bc=100494985699,有明荘,東京都新宿区西落合４,60000.0,3000.0,60000.0,60000.0,2,1DK,22.23,50,2,落合南長崎駅,10,14.00,119519.31,130743.78,492,402,1,0.06959077921802392
https://suumo.jp/chintai/jnc_000104044518/?bc=100483190683,都営大江戸線 落合南長崎駅 3階建 新築,東京都豊島区南長崎２,170000.0,7000.0,,,2,1DK,33.79,0,3,落合南長崎駅,9,11.33,119519.31,130743.78,492,402,1,0.1485493554935
https://suumo.jp/chintai/jnc_000106978481/?bc=100505435419,KNOTS西落合,東京都新宿区西落合１,112000.0,10000.0,,,2,1K,27.2,7,4,落合南長崎駅,7,13.67,119519.31,98445.68,492,1447,1,0.13285769042466083
https://suumo.jp/chintai/jnc_000106986221/?bc=100505524582,ルーブル新宿西落合参番館,東京都新宿区中落合１,79000.0,9000.0,79000.0,79000.0,3,1K,20.25,23,5,落合南長崎駅,5,8.33,119519.31,98445.68,492,1447,1,0.1341296195059355
https://suumo.jp/chintai/jnc_000107147334/?bc=100506617367,ルーブル新宿西落合参番館,東京都新宿区西落合１,91000.0,5000.0,,91000.0,2,1K,20.15,23,5,落合南長崎駅,5,8.00,119519.31,98445.68,492,1447,1,0.14518387722925208
https://suumo.jp/chintai/jnc_000106843370/?bc=100504521289,ルーブル新宿西落合参番館,東京都新宿区西落合１,75000.0,8000.0,,75000.0,1,1K,20.47,23,5,落合南長崎駅,5,8.00,119519.31,98445.68,492,1447,1,0.13616987143334736
https://suumo.jp/chintai/jnc_000106472505/?bc=100501873833,ルーブル新宿西落合参番館,東京都新宿区西落合１,88000.0,,,88000.0,1,1K,19.84,23,5,落合南長崎駅,5,8.00,119519.31,98445.68,492,1447,1,0.14108242339159704
https://suumo.jp/chintai/jnc_000106432700/?bc=100501641821,ルーブル新宿西落合八番館,東京都新宿区西落合２,101000.0,9000.0,,101000.0,4,1K,25.62,12,5,落合南長崎駅,9,13.33,119519.31,98445.68,492,1447,1,0.13079390277392028
https://suumo.jp/chintai/jnc_000106640679/?bc=100503348303,ルーブル新宿西落合II,東京都新宿区西落合２,65000.0,10000.0,,65000.0,3,1K,17.7,28,4,落合南長崎駅,9,13.00,119519.31,98445.68,492,1447,1,0.11427212401453457
https://suumo.jp/chintai/jnc_000105984360/?bc=100503667582,ルーブル南長崎,東京都豊島区南長崎５,85000.0,10000.0,,,3,1K,21.1,28,5,落合南長崎駅,5,6.67,119519.31,98445.68,492,1447,1,0.11751860546421805
https://suumo.jp/chintai/jnc_000106881772/?bc=100504642943,Cardiff,東京都新宿区西落合３,85000.0,3000.0,85000.0,85000.0,2,1K,19.45,10,3,落合南長崎駅,4,5.50,119519.31,98445.68,492,1447,1,0.10882964743178458
https://suumo.jp/chintai/jnc_000104531831/?bc=100486844102,Ａｇｌａｉａ 新宿西落合,東京都新宿区西落合１,135000.0,20000.0,135000.0,,-1,1DK,27.26,0,4,落合南長崎駅,4,12.33,119519.31,130743.78,492,402,1,0.11040604015284577
https://suumo.jp/chintai/jnc_000106978480/?bc=100505921473,ブルー パレット 新宿中落合,東京都新宿区中落合４,136000.0,10000.0,136000.0,136000.0,2,1DK,30.12,2,4,落合南長崎駅,7,13.00,119519.31,130743.78,492,402,1,0.14849274275806507
https://suumo.jp/chintai/jnc_000106966261/?bc=100505923545,ブルー パレット 新宿中落合,東京都新宿区中落合４,139000.0,10000.0,139000.0,139000.0,2,1DK,30.5,2,4,落合南長崎駅,7,13.00,119519.31,130743.78,492,402,1,0.14808391969966367
https://suumo.jp/chintai/jnc_000105863196/?bc=100497480323,都営大江戸線 落合南長崎駅 5階建 築4年,東京都新宿区西落合１,113000.0,15000.0,,,4,1DK,25.1,4,5,落合南長崎駅,3,11.33,119519.31,130743.78,492,402,1,0.1342956865597819
https://suumo.jp/chintai/jnc_000107059364/?bc=100505945766,都営大江戸線 落合南長崎駅 4階建 築2年,東京都新宿区中落合４,136000.0,10000.0,136000.0,136000.0,2,1DK,30.12,2,4,落合南長崎駅,7,11.33,119519.31,130743.78,492,402,1,0.1568889176661124
https://suumo.jp/chintai/jnc_000105160338/?bc=100501713828,中落合パーク・ホームズ,東京都新宿区中落合３,298000.0,8000.0,596000.0,298000.0,6,2LDK,88.81,25,15,落合南長崎駅,8,9.67,119519.31,243512.76,492,392,-1,-0.003344163547705059
https://suumo.jp/chintai/jnc_000106950696/?bc=100505452369,ルーブル南長崎,東京都豊島区南長崎５,75000.0,10000.0,,,2,1K,21.73,28,5,落合南長崎駅,5,6.67,119519.31,98445.68,492,1447,1,0.11339226024057297
https://suumo.jp/chintai/jnc_000107161954/?bc=100506782705,ルーブル中落合,東京都新宿区中落合３,82000.0,10000.0,,82000.0,3,1K,20.07,20,9,落合南長崎駅,3,10.67,119519.31,98445.68,492,1447,1,0.11539305676046674
https://suumo.jp/chintai/jnc_000098673889/?bc=100489145955,ル・クール西落合,東京都新宿区西落合３,55000.0,2000.0,55000.0,,1,1K,20.46,33,2,落合南長崎駅,10,13.00,119519.31,98445.68,492,1447,1,0.08535641092880214
https://suumo.jp/chintai/jnc_000106267919/?bc=100500542960,リブリ・オークスハイツ,東京都新宿区中落合４,105000.0,4000.0,,210000.0,2,1K,28.98,10,2,落合南長崎駅,8,10.33,119519.31,98445.68,492,1447,1,0.13811740115340188
https://suumo.jp/chintai/jnc_000106432698/?bc=100501594032,リブリ・オークスハイツ,東京都新宿区中落合４,102000.0,4000.0,,204000.0,1,1K,28.98,10,2,落合南長崎駅,8,10.33,119519.31,98445.68,492,1447,1,0.13589041564872723
https://suumo.jp/chintai/jnc_000106949873/?bc=100506211047,川本マンション,東京都新宿区中落合４,66000.0,1000.0,132000.0,66000.0,3,1DK,23.0,53,4,落合南長崎駅,8,12.67,119519.31,130743.78,492,402,1,0.07694947218772841
https://suumo.jp/chintai/jnc_000105663467/?bc=100496739037,都営大江戸線 落合南長崎駅 3階建 築10年,東京都新宿区西落合１,84000.0,4000.0,84000.0,84000.0,1,1K,18.09,10,3,落合南長崎駅,9,12.67,119519.31,98445.68,492,1447,1,0.12939253925429944
https://suumo.jp/chintai/jnc_000107059365/?bc=100506034508,Ｂ ＣＩＴＹ ＡＰＡＲＴＭＥＮＴ ＳＨＩＮＪＵＫＵ ＮＷ,東京都新宿区西落合１,122000.0,10000.0,122000.0,122000.0,5,1R,25.51,9,5,落合南長崎駅,4,11.33,119519.31,82826.39,492,879,1,0.09092865040528497
https://suumo.jp/chintai/jnc_000106156834/?bc=100501600921,ライオンズマンション哲学堂,東京都新宿区西落合２,65000.0,3000.0,65000.0,65000.0,1,1K,18.01,34,5,落合南長崎駅,7,12.67,119519.31,98445.68,492,1447,1,0.10974269161691025
https://suumo.jp/chintai/jnc_000106044634/?bc=100498825526,ライオンズマンション哲学堂,東京都新宿区西落合２,60000.0,5000.0,60000.0,60000.0,1,1K,17.05,34,5,落合南長崎駅,7,12.67,119519.31,98445.68,492,1447,1,0.1166861751468159
https://suumo.jp/chintai/jnc_000106476560/?bc=100501865166,ラ・ポール,東京都新宿区西落合１,69000.0,,69000.0,69000.0,3,1K,20.57,28,3,落合南長崎駅,6,12.33,119519.31,98445.68,492,1447,1,0.13771225021175482
https://suumo.jp/chintai/jnc_000106634628/?bc=100503040023,Ｂ ＣＩＴＹ ＡＰＡＲＴＭＥＮＴ ＳＨＩＮＪＵＫＵ ＮＷ,東京都新宿区西落合１,121000.0,,121000.0,121000.0,3,1R,26.01,9,5,落合南長崎駅,4,11.33,119519.31,82826.39,492,879,1,0.10493963221426644
https://suumo.jp/chintai/jnc_000106335587/?bc=100505714268,Ｂ ＣＩＴＹ ＡＰＡＲＴＭＥＮＴ ＳＨＩＮＪＵＫＵ ＮＷ,東京都新宿区西落合１,110000.0,10000.0,110000.0,110000.0,3,1R,25.68,9,5,落合南長崎駅,4,11.33,119519.31,82826.39,492,879,1,0.1013586123593142
https://suumo.jp/chintai/jnc_000104442998/?bc=100485721149,都営大江戸線 落合南長崎駅 3階建 築17年,東京都豊島区南長崎２,85000.0,3000.0,85000.0,85000.0,3,1K,26.24,17,3,落合南長崎駅,8,11.00,119519.31,98445.68,492,1447,1,0.13824226367482023
https://suumo.jp/chintai/jnc_000106112934/?bc=100499144734,Ｂ ＣＩＴＹ ＡＰＡＲＴＭＥＮＴ ＳＨＩＮＪＵＫＵ ＮＷ,東京都新宿区西落合１,105000.0,15000.0,105000.0,105000.0,2,1R,26.01,9,5,落合南長崎駅,4,11.33,119519.31,82826.39,492,879,1,0.08927596106904828
https://suumo.jp/chintai/jnc_000107039763/?bc=100501818569,都営大江戸線 落合南長崎駅 3階建 築5年,東京都豊島区南長崎３,204000.0,6000.0,204000.0,204000.0,3,2LDK,56.73,5,3,落合南長崎駅,6,10.33,119519.31,243512.76,492,392,1,0.09403080953721182
https://suumo.jp/chintai/jnc_000105055052/?bc=100497397226,ミオテゾーロ哲学堂カーザ,東京都新宿区西落合２,120000.0,15000.0,,,3,1DK,33.76,3,4,落合南長崎駅,9,13.00,119519.31,130743.78,492,402,1,0.13172533660459956
https://suumo.jp/chintai/jnc_000105857537/?bc=100496667436,Ｌａ　Ｄｏｕｃｅｕｒ西落合,東京都新宿区西落合１,116000.0,9000.0,,,2,1K,22.84,5,4,落合南長崎駅,4,11.33,119519.31,98445.68,492,1447,1,0.1375530136739923
https://suumo.jp/chintai/jnc_000103750518/?bc=100487058900,セレスティア中野上高田,東京都中野区上高田５,154000.0,14000.0,,154000.0,1,1LDK,36.66,0,3,落合南長崎駅,11,13.33,119519.31,170377.07,492,811,1,0.08288834205428319
https://suumo.jp/chintai/jnc_000104935466/?bc=100500197449,都営大江戸線 落合南長崎駅 地上2階建 築5年,東京都新宿区中落合３,341000.0,,341000.0,341000.0,1,3LDK,73.69,5,2,落合南長崎駅,3,10.33,119519.31,281205.13,492,156,-1,-0.012213329374209603
https://suumo.jp/chintai/jnc_000107199833/?bc=100505806279,メゾン西落合,東京都新宿区西落合４,82000.0,2000.0,82000.0,82000.0,2,1K,24.54,24,2,落合南長崎駅,8,11.00,119519.31,98445.68,492,1447,1,0.11860633281528221
https://suumo.jp/chintai/jnc_000104525351/?bc=100486976647,Ａｇｌａｉａ 新宿西落合,東京都新宿区西落合１,128000.0,10000.0,128000.0,,3,1R,20.45,0,4,落合南長崎駅,4,12.33,119519.31,82826.39,492,879,1,0.09120279513317131
https://suumo.jp/chintai/jnc_000103750515/?bc=100503462725,セレスティア中野上高田,東京都中野区上高田５,151000.0,14000.0,,151000.0,1,1LDK,36.72,0,3,落合南長崎駅,11,13.33,119519.31,170377.07,492,811,1,0.08204299241070268
https://suumo.jp/chintai/jnc_000106783642/?bc=100502791668,都営大江戸線 落合南長崎駅 3階建 築22年,東京都新宿区西落合１,97000.0,5500.0,,97000.0,1,1K,19.87,22,3,落合南長崎駅,3,11.33,119519.31,98445.68,492,1447,1,0.13124360808531255
https://suumo.jp/chintai/jnc_000107116288/?bc=100506274389,J-メトロ,東京都新宿区西落合３,98000.0,8000.0,98000.0,98000.0,1,1DK,34.88,22,3,落合南長崎駅,1,10.00,119519.31,130743.78,492,402,1,0.13109217218740765
https://suumo.jp/chintai/jnc_000106634625/?bc=100502946747,AXAS新宿中落合,東京都新宿区中落合３,79000.0,18000.0,,79000.0,9,1K,21.15,17,10,落合南長崎駅,5,10.33,119519.31,98445.68,492,1447,1,0.05605811460644455
https://suumo.jp/chintai/jnc_000107069065/?bc=100506102515,クリアル落合南長崎,東京都豊島区南長崎４,135000.0,10000.0,,,2,1DK,30.07,6,4,落合南長崎駅,5,10.00,119519.31,130743.78,492,402,1,0.1570826406217814
https://suumo.jp/chintai/jnc_000103750520/?bc=100489606045,セレスティア中野上高田,東京都中野区上高田５,155000.0,14000.0,,155000.0,1,1LDK,39.49,0,3,落合南長崎駅,11,13.33,119519.31,170377.07,492,811,1,0.08161386968764484
https://suumo.jp/chintai/jnc_000103750521/?bc=100503462828,セレスティア中野上高田,東京都中野区上高田５,163000.0,14000.0,,163000.0,1,1LDK,48.51,0,3,落合南長崎駅,11,13.33,119519.31,170377.07,492,811,1,0.0751734847893728
https://suumo.jp/chintai/jnc_000104525346/?bc=100486701203,Ａｇｌａｉａ 新宿西落合,東京都新宿区西落合１,127000.0,10000.0,127000.0,,2,1R,20.45,0,4,落合南長崎駅,4,12.33,119519.31,82826.39,492,879,1,0.09243289654889886
https://suumo.jp/chintai/jnc_000106669382/?bc=100504038204,ソフィア中落合,東京都新宿区中落合３,200000.0,15000.0,,,1,2LDK,70.4,33,3,落合南長崎駅,7,10.00,119519.31,243512.76,492,392,1,0.05098165735147342
https://suumo.jp/chintai/jnc_000104525339/?bc=100505319752,Ａｇｌａｉａ 新宿西落合,東京都新宿区西落合１,126000.0,10000.0,126000.0,,1,1R,20.45,0,4,落合南長崎駅,4,12.33,119519.31,82826.39,492,879,1,0.09117914901980151
https://suumo.jp/chintai/jnc_000103750514/?bc=100478880378,セレスティア中野上高田,東京都中野区上高田５,240000.0,15000.0,,240000.0,1,2LDK,58.87,0,3,落合南長崎駅,11,13.33,119519.31,243512.76,492,392,1,0.03714111015344407
https://suumo.jp/chintai/jnc_000106234155/?bc=100500357132,エクセル　エヌ・ケー,東京都豊島区南長崎４,179000.0,8000.0,179000.0,179000.0,1,3LDK,69.33,33,4,落合南長崎駅,5,9.67,119519.31,281205.13,492,156,1,0.014148140348083538
https://suumo.jp/chintai/jnc_000107216433/?bc=100507052036,クレストコート南長崎,東京都豊島区南長崎４,140000.0,12000.0,140000.0,,2,1DK,27.6,0,5,落合南長崎駅,5,11.00,119519.31,130743.78,492,402,1,0.15143365728221653
https://suumo.jp/chintai/jnc_000106034688/?bc=100498330808,シャンブルグランドゥ,東京都豊島区南長崎２,174000.0,6000.0,,174000.0,1,2LDK,76.18,37,4,落合南長崎駅,7,10.00,119519.31,243512.76,492,392,1,0.06572800216172137
https://suumo.jp/chintai/jnc_000105181899/?bc=100485138477,都営大江戸線 落合南長崎駅 15階建 築25年,東京都新宿区中落合３,298000.0,8000.0,596000.0,298000.0,6,2LDK,88.81,25,15,落合南長崎駅,8,10.00,119519.31,243512.76,492,392,-1,-0.002635643989178593
https://suumo.jp/chintai/jnc_000107221469/?bc=100507044278,AXAS新宿中落合,東京都新宿区中落合３,85000.0,15000.0,,,6,1K,21.15,17,10,落合南長崎駅,5,10.33,119519.31,98445.68,492,1447,1,0.09738918872081503
https://suumo.jp/chintai/jnc_000106607578/?bc=100502718169,シティハイツ中落合,東京都新宿区中落合３,210000.0,5000.0,210000.0,210000.0,8,2LDK,51.3,40,8,落合南長崎駅,8,10.00,119519.31,243512.76,492,392,1,0.05053752270361772
https://suumo.jp/chintai/jnc_000105478658/?bc=100494808920,ＡＲＴＥＳＳＩＭＯ　ＲＡＴＥＳ,東京都新宿区西落合２,100000.0,8000.0,,100000.0,3,1K,25.41,9,5,落合南長崎駅,9,12.33,119519.31,98445.68,492,1447,1,0.144576372704956
https://suumo.jp/chintai/jnc_000107161955/?bc=100506809387,Art Cube西落合,東京都新宿区西落合２,100000.0,7000.0,100000.0,100000.0,1,1K,26.4,5,3,落合南長崎駅,9,12.33,119519.31,98445.68,492,1447,1,0.14322071833066674
https://suumo.jp/chintai/jnc_000104525338/?bc=100487354102,Ａｇｌａｉａ 新宿西落合,東京都新宿区西落合１,125000.0,10000.0,125000.0,,1,1R,20.45,0,4,落合南長崎駅,4,12.33,119519.31,82826.39,492,879,1,0.09117914901980151
https://suumo.jp/chintai/jnc_000107194367/?bc=100498975699,都営大江戸線 落合南長崎駅 9階建 築2年,東京都新宿区西落合２,154000.0,10000.0,154000.0,,3,1DK,26.99,2,9,落合南長崎駅,9,12.33,119519.31,130743.78,492,402,1,0.14048596510152017
https://suumo.jp/chintai/jnc_000107221986/?bc=100507030807,都営大江戸線 落合南長崎駅 5階建 新築,東京都豊島区南長崎４,280000.0,20000.0,280000.0,,2,2LDK,55.89,0,5,落合南長崎駅,5,6.00,119519.31,243512.76,492,392,1,0.043641117147052766
https://suumo.jp/chintai/jnc_000103750517/?bc=100497169255,セレスティア中野上高田,東京都中野区上高田５,168000.0,14000.0,,168000.0,1,1LDK,49.67,0,3,落合南長崎駅,11,13.33,119519.31,170377.07,492,811,1,0.07219759114915214
https://suumo.jp/chintai/jnc_000106650655/?bc=100503193045,アビタシオン落合,東京都新宿区西落合３,142000.0,3000.0,142000.0,142000.0,5,2LDK,55.1,51,6,落合南長崎駅,3,9.67,119519.31,243512.76,492,392,1,0.029991659767931
https://suumo.jp/chintai/jnc_000106308579/?bc=100500556263,都営大江戸線 落合南長崎駅 3階建 築33年,東京都新宿区中落合３,145000.0,15000.0,,,2,1LDK,46.75,33,3,落合南長崎駅,7,12.33,119519.31,170377.07,492,811,1,0.09074933746552971
https://suumo.jp/chintai/jnc_000107209776/?bc=100506956135,都営大江戸線 落合南長崎駅 2階建 築1年,東京都新宿区西落合３,210000.0,5000.0,210000.0,,1,2LDK,52.16,1,2,落合南長崎駅,8,11.67,119519.31,243512.76,492,392,1,0.07545635526725702
https://suumo.jp/chintai/jnc_000103750526/?bc=100490375204,セレスティア中野上高田,東京都中野区上高田５,159000.0,14000.0,,159000.0,2,1LDK,36.66,0,3,落合南長崎駅,11,13.33,119519.31,170377.07,492,811,1,0.08708638382774786
https://suumo.jp/chintai/jnc_000103750528/?bc=100476264516,セレスティア中野上高田,東京都中野区上高田５,160000.0,14000.0,,160000.0,2,1LDK,39.49,0,3,落合南長崎駅,11,13.33,119519.31,170377.07,492,811,1,0.08448669304319079
https://suumo.jp/chintai/jnc_000106500621/?bc=100502089171,都営大江戸線 落合南長崎駅 6階建 築47年,東京都新宿区西落合１,123000.0,5000.0,123000.0,147600.0,5,1DK,38.25,47,6,落合南長崎駅,5,11.33,119519.31,130743.78,492,402,1,0.12056632861619165
https://suumo.jp/chintai/jnc_000102601513/?bc=100470983914,グランシアター ネオ トキワ,東京都豊島区南長崎３,175000.0,10000.0,,,4,1LDK,36.32,0,5,落合南長崎駅,8,11.00,119519.31,170377.07,492,811,1,0.11425903548786742
https://suumo.jp/chintai/jnc_000107221984/?bc=100507051999,クレストコート南長崎,東京都豊島区南長崎４,141000.0,12000.0,141000.0,,4,1DK,26.67,0,5,落合南長崎駅,5,11.00,119519.31,130743.78,492,402,1,0.15042922520645918
https://suumo.jp/chintai/jnc_000103750527/?bc=100476138739,セレスティア中野上高田,東京都中野区上高田５,164000.0,14000.0,,164000.0,2,1LDK,43.73,0,3,落合南長崎駅,11,13.33,119519.31,170377.07,492,811,1,0.07828219785377893
https://suumo.jp/chintai/jnc_000106731982/?bc=100468067032,メゾン・ソレイユ,東京都新宿区西落合３,106000.0,4000.0,106000.0,106000.0,2,1DK,31.34,12,3,落合南長崎駅,4,7.00,119519.31,130743.78,492,402,1,0.14180354605478918
https://suumo.jp/chintai/jnc_000103750539/?bc=100475989457,都営大江戸線 落合南長崎駅 3階建 新築,東京都中野区上高田５,151000.0,14000.0,,151000.0,1,1LDK,36.72,0,3,落合南長崎駅,11,12.67,119519.31,170377.07,492,811,1,0.08447523840142801
https://suumo.jp/chintai/jnc_000107221982/?bc=100507052052,クレストコート南長崎,東京都豊島区南長崎４,142000.0,12000.0,142000.0,,3,1DK,27.51,0,5,落合南長崎駅,5,11.00,119519.31,130743.78,492,402,1,0.15272491810971833
https://suumo.jp/chintai/jnc_000105853417/?bc=100497165693,都営大江戸線 落合南長崎駅 3階建 築2年,東京都新宿区西落合１,125000.0,5000.0,,250000.0,2,1DK,30.09,2,3,落合南長崎駅,5,10.00,119519.31,130743.78,492,402,1,0.15245523512216108
https://suumo.jp/chintai/jnc_000107188893/?bc=100505466348,ヴァンベール哲学堂,東京都新宿区西落合２,230000.0,9000.0,230000.0,460000.0,3,2LDK,71.57,5,3,落合南長崎駅,8,12.33,119519.31,243512.76,492,392,1,0.06203951436725269
https://suumo.jp/chintai/jnc_000106493318/?bc=100506598697,ピステン　Ｍ,東京都豊島区南長崎２,202000.0,10000.0,,404000.0,2,2LDK,51.84,0,3,落合南長崎駅,9,14.33,119519.31,243512.76,492,392,1,0.07428338761156938
https://suumo.jp/chintai/jnc_000106493317/?bc=100506594621,ピステン　Ｍ,東京都豊島区南長崎２,217000.0,10000.0,,434000.0,2,2LDK,59.34,0,3,落合南長崎駅,9,14.33,119519.31,243512.76,492,392,1,0.07257372368976195
https://suumo.jp/chintai/jnc_000104525333/?bc=100486829368,Ａｇｌａｉａ 新宿西落合,東京都新宿区西落合１,146000.0,20000.0,146000.0,,1,1LDK,30.02,0,4,落合南長崎駅,4,12.33,119519.31,170377.07,492,811,1,0.0765157988314758
https://suumo.jp/chintai/jnc_000107216437/?bc=100507052087,クレストコート南長崎,東京都豊島区南長崎４,280000.0,20000.0,280000.0,,2,2LDK,55.89,0,5,落合南長崎駅,5,11.00,119519.31,243512.76,492,392,1,0.06849055585972397
https://suumo.jp/chintai/jnc_000107216434/?bc=100507052026,クレストコート南長崎,東京都豊島区南長崎４,255000.0,20000.0,255000.0,,2,2LDK,49.23,0,5,落合南長崎駅,5,11.00,119519.31,243512.76,492,392,1,0.07711870983584102
https://suumo.jp/chintai/jnc_000104108243/?bc=100483273931,Ｔ’ｓ　Ｃｕｏｒｅ　ＭＵＳＥ落合南長崎,東京都豊島区南長崎２,165000.0,7000.0,,,1,1DK,33.79,0,3,落合南長崎駅,10,12.00,119519.31,130743.78,492,402,1,0.141480864502264
https://suumo.jp/chintai/jnc_000103750525/?bc=100486148260,セレスティア中野上高田,東京都中野区上高田５,173000.0,14000.0,,173000.0,2,1LDK,49.67,0,3,落合南長崎駅,11,13.33,119519.31,170377.07,492,811,1,0.07370655587673652
https://suumo.jp/chintai/jnc_000106493321/?bc=100506603244,ピステン　Ｍ,東京都豊島区南長崎２,201000.0,10000.0,,402000.0,3,2LDK,51.97,0,3,落合南長崎駅,9,14.33,119519.31,243512.76,492,392,1,0.07428338761156938
https://suumo.jp/chintai/jnc_000104117876/?bc=100491887197,Ｔ’ｓ　Ｃｕｏｒｅ　ＭＵＳＥ落合南長崎,東京都豊島区南長崎２,170000.0,7000.0,,,2,1DK,33.79,0,3,落合南長崎駅,10,12.00,119519.31,130743.78,492,402,1,0.14356877915491678
https://suumo.jp/chintai/jnc_000106493320/?bc=100506600519,ピステン　Ｍ,東京都豊島区南長崎２,210000.0,10000.0,,420000.0,3,2LDK,56.05,0,3,落合南長崎駅,9,14.33,119519.31,243512.76,492,392,1,0.07248524339539353
https://suumo.jp/chintai/jnc_000104902864/?bc=100489073157,都営大江戸線 落合南長崎駅 地下1地上3階建 新築,東京都新宿区西落合１,146000.0,20000.0,146000.0,,1,1LDK,30.02,0,4,落合南長崎駅,4,11.67,119519.31,170377.07,492,811,1,0.08199748956065467
https://suumo.jp/chintai/jnc_000104902866/?bc=100489073169,都営大江戸線 落合南長崎駅 地下1地上3階建 新築,東京都新宿区西落合１,146000.0,20000.0,146000.0,,1,1LDK,30.6,0,4,落合南長崎駅,4,11.67,119519.31,170377.07,492,811,1,0.08229414771795274
https://suumo.jp/chintai/jnc_000105738022/?bc=100500693225,ユービ１１,東京都新宿区西落合３,83000.0,3000.0,83000.0,83000.0,3,1LDK,27.0,57,3,落合南長崎駅,2,10.67,119519.31,170377.07,492,811,1,0.0469449948445983
https://suumo.jp/chintai/jnc_000106914595/?bc=100504933082,Ａｇｌａｉａ 新宿西落合,東京都新宿区西落合１,148000.0,10000.0,148000.0,,3,1LDK,30.6,0,4,落合南長崎駅,4,12.33,119519.31,170377.07,492,811,1,0.10567356443692599
https://suumo.jp/chintai/jnc_000104117877/?bc=100492190939,Ｔ’ｓ　Ｃｕｏｒｅ　ＭＵＳＥ落合南長崎,東京都豊島区南長崎２,170000.0,7000.0,,,3,1DK,33.79,0,3,落合南長崎駅,10,12.00,119519.31,130743.78,492,402,1,0.14196820429671503
https://suumo.jp/chintai/jnc_000104525348/?bc=100487960226,Ａｇｌａｉａ 新宿西落合,東京都新宿区西落合１,158000.0,10000.0,158000.0,,3,1LDK,30.02,0,4,落合南長崎駅,4,12.33,119519.31,170377.07,492,811,1,0.1045306212073201
https://suumo.jp/chintai/jnc_000104525347/?bc=100486382134,Ａｇｌａｉａ 新宿西落合,東京都新宿区西落合１,149000.0,20000.0,149000.0,,3,1LDK,30.02,0,4,落合南長崎駅,4,12.33,119519.31,170377.07,492,811,1,0.08043668445257524
https://suumo.jp/chintai/jnc_000107147335/?bc=100506726834,都営大江戸線 落合南長崎駅 5階建 築40年,東京都新宿区西落合２,141000.0,11000.0,141000.0,141000.0,5,2LDK,53.12,40,5,落合南長崎駅,10,13.33,119519.31,243512.76,492,392,1,0.05250020937409339
https://suumo.jp/chintai/jnc_000107194366/?bc=100504280703,パークアクシス新宿西落合,東京都新宿区西落合２,193000.0,15000.0,193000.0,,7,1LDK,37.67,2,9,落合南長崎駅,9,12.33,119519.31,170377.07,492,811,1,0.05994224143477184
https://suumo.jp/chintai/jnc_000106848309/?bc=100502071222,Ａｇｌａｉａ 新宿西落合,東京都新宿区西落合１,148000.0,10000.0,148000.0,,3,1LDK,30.02,0,4,落合南長崎駅,4,12.33,119519.31,170377.07,492,811,1,0.1041891463344739
https://suumo.jp/chintai/jnc_000107194365/?bc=100477258737,パークアクシス新宿西落合,東京都新宿区西落合２,185000.0,15000.0,185000.0,,4,1LDK,37.67,2,9,落合南長崎駅,9,12.33,119519.31,170377.07,492,811,1,0.08414514951781099
https://suumo.jp/chintai/jnc_000107194364/?bc=100497205820,パークアクシス新宿西落合,東京都新宿区西落合２,170000.0,15000.0,170000.0,,3,1LDK,33.67,2,9,落合南長崎駅,9,12.33,119519.31,170377.07,492,811,1,0.08779605444965327
https://suumo.jp/chintai/jnc_000106794412/?bc=100496424771,都営大江戸線 落合南長崎駅 地下1地上3階建 新築,東京都新宿区西落合１,139000.0,20000.0,139000.0,,-1,1LDK,30.02,0,4,落合南長崎駅,4,11.67,119519.31,170377.07,492,811,1,0.07239617378235719
https://suumo.jp/chintai/jnc_000104902875/?bc=100489073172,都営大江戸線 落合南長崎駅 地下1地上3階建 新築,東京都新宿区西落合１,149000.0,20000.0,149000.0,,3,1LDK,30.02,0,4,落合南長崎駅,4,11.67,119519.31,170377.07,492,811,1,0.08586997749473319
https://suumo.jp/chintai/jnc_000103750559/?bc=100488847844,都営大江戸線 落合南長崎駅 3階建 新築,東京都中野区上高田５,165000.0,14000.0,,165000.0,3,1LDK,39.49,0,3,落合南長崎駅,11,12.67,119519.31,170377.07,492,811,1,0.08502115077537281
https://suumo.jp/chintai/jnc_000107216436/?bc=100507052018,クレストコート南長崎,東京都豊島区南長崎４,156000.0,15000.0,156000.0,,2,1LDK,32.71,0,5,落合南長崎駅,5,11.00,119519.31,170377.07,492,811,1,0.11432748603911569
https://suumo.jp/chintai/jnc_000107221979/?bc=100507052055,クレストコート南長崎,東京都豊島区南長崎４,149000.0,15000.0,149000.0,,2,1LDK,31.4,0,5,落合南長崎駅,5,11.00,119519.31,170377.07,492,811,1,0.11293304014920041
https://suumo.jp/chintai/jnc_000106881770/?bc=100504662398,都営大江戸線 落合南長崎駅 5階建 築4年,東京都新宿区西落合１,203000.0,12000.0,203000.0,304500.0,3,2LDK,43.52,4,5,落合南長崎駅,6,12.33,119519.31,243512.76,492,392,1,0.09156288886827163
https://suumo.jp/chintai/jnc_000107194368/?bc=100499464675,都営大江戸線 落合南長崎駅 9階建 築2年,東京都新宿区西落合２,170000.0,15000.0,170000.0,,3,1LDK,33.67,2,9,落合南長崎駅,9,12.33,119519.31,170377.07,492,811,1,0.08779605444965327
https://suumo.jp/chintai/jnc_000107194373/?bc=100498975771,都営大江戸線 落合南長崎駅 9階建 築2年,東京都新宿区西落合２,160000.0,10000.0,160000.0,,8,1DK,26.99,2,9,落合南長崎駅,9,12.33,119519.31,130743.78,492,402,1,0.11666838495083387
https://suumo.jp/chintai/jnc_000105872893/?bc=100507032762,マンハイム西落合,東京都新宿区西落合１,85000.0,6000.0,85000.0,,2,1LDK,28.0,49,2,落合南長崎駅,10,12.00,119519.31,170377.07,492,811,1,0.06111635172717178
https://suumo.jp/chintai/jnc_000106914594/?bc=100504933074,Ａｇｌａｉａ 新宿西落合,東京都新宿区西落合１,147000.0,10000.0,147000.0,,3,1LDK,30.02,0,4,落合南長崎駅,4,12.33,119519.31,170377.07,492,811,1,0.1041891463344739
https://suumo.jp/chintai/jnc_000103750557/?bc=100505169638,都営大江戸線 落合南長崎駅 3階建 新築,東京都中野区上高田５,164000.0,14000.0,,164000.0,3,1LDK,36.66,0,3,落合南長崎駅,11,12.67,119519.31,170377.07,492,811,1,0.08761765569919533
https://suumo.jp/chintai/jnc_000105446755/?bc=100501840914,都営大江戸線 落合南長崎駅 4階建 築5年,東京都新宿区西落合１,140000.0,15000.0,,,4,1LDK,30.69,5,4,落合南長崎駅,4,11.33,119519.31,170377.07,492,811,1,0.10577126940738107
https://suumo.jp/chintai/jnc_000106432702/?bc=100494248936,西武新宿線 新井薬師前駅 3階建 築14年,東京都新宿区西落合２,159000.0,7000.0,,159000.0,1,1LDK,41.61,14,3,落合南長崎駅,11,13.33,119519.31,170377.07,492,811,1,0.09587124272039349
https://suumo.jp/chintai/jnc_000105562575/?bc=100495790122,西武新宿線 新井薬師前駅 3階建 築14年,東京都新宿区西落合２,160000.0,7000.0,,320000.0,1,1LDK,41.61,14,3,落合南長崎駅,11,13.33,119519.31,170377.07,492,811,1,0.09587124272039349
https://suumo.jp/chintai/jnc_000107026579/?bc=100230091753,フォンテーヌ落合,東京都新宿区西落合１,130000.0,5000.0,130000.0,130000.0,3,1LDK,41.35,24,4,落合南長崎駅,8,12.33,119519.31,170377.07,492,811,1,0.095914316414631
https://suumo.jp/chintai/jnc_000107221981/?bc=100507052077,クレストコート南長崎,東京都豊島区南長崎４,140000.0,12000.0,140000.0,,3,1DK,27.71,0,5,落合南長崎駅,5,11.00,119519.31,130743.78,492,402,1,0.152014440621482
https://suumo.jp/chintai/jnc_000106131437/?bc=100501594034,ユービ１１,東京都新宿区西落合３,83000.0,3000.0,83000.0,83000.0,1,1LDK,27.0,57,3,落合南長崎駅,2,10.67,119519.31,170377.07,492,811,1,0.04536510214475409
https://suumo.jp/chintai/jnc_000104525344/?bc=100498709702,Ａｇｌａｉａ 新宿西落合,東京都新宿区西落合１,149000.0,20000.0,149000.0,,2,1LDK,31.45,0,4,落合南長崎駅,4,12.33,119519.31,170377.07,492,811,1,0.07799564979682677
https://suumo.jp/chintai/jnc_000106771789/?bc=100504076835,アンジュール西落合,東京都新宿区西落合３,162000.0,4000.0,,162000.0,2,1LDK,37.96,4,2,落合南長崎駅,5,8.00,119519.31,170377.07,492,811,1,0.10547820409700148
https://suumo.jp/chintai/jnc_000103762014/?bc=100488572321,アンジュール西落合,東京都新宿区西落合３,159000.0,4000.0,,,2,1LDK,38.21,4,2,落合南長崎駅,5,8.00,119519.31,170377.07,492,811,1,0.10597277505933234
https://suumo.jp/chintai/jnc_000106986878/?bc=100505525883,ＰＨＩＬＩＰＳ　ＨＯＵＳＥ,東京都豊島区南長崎３,70000.0,3000.0,50000.0,,1,1K,16.01,8,3,落合南長崎駅,8,13.33,119519.31,98445.68,492,1447,1,0.10738037629759795
https://suumo.jp/chintai/jnc_000106848308/?bc=100499765362,Ａｇｌａｉａ 新宿西落合,東京都新宿区西落合１,145000.0,10000.0,145000.0,,2,1LDK,31.45,0,4,落合南長崎駅,4,12.33,119519.31,170377.07,492,811,1,0.1035643769460155
https://suumo.jp/chintai/jnc_000104902876/?bc=100489073168,都営大江戸線 落合南長崎駅 地下1地上3階建 新築,東京都新宿区西落合１,148000.0,20000.0,148000.0,,3,1LDK,30.02,0,4,落合南長崎駅,4,11.67,119519.31,170377.07,492,811,1,0.08586997749473319
https://suumo.jp/chintai/jnc_000105227428/?bc=100503428052,都営大江戸線 落合南長崎駅 5階建 築9年,東京都新宿区中落合３,169000.0,9000.0,169000.0,169000.0,3,1LDK,45.87,9,5,落合南長崎駅,8,11.00,119519.31,170377.07,492,811,1,0.11637085178336137
https://suumo.jp/chintai/jnc_000090600296/?bc=100505292022,いらかビル,東京都新宿区西落合２,100000.0,,100000.0,100000.0,3,1LDK,38.0,53,5,落合南長崎駅,10,13.33,119519.31,170377.07,492,811,1,0.05908056329103989
https://suumo.jp/chintai/jnc_000106044633/?bc=100503482782,プライムヒル哲学堂,東京都新宿区西落合２,137000.0,4600.0,,137000.0,1,1LDK,38.47,10,4,落合南長崎駅,8,12.33,119519.31,170377.07,492,811,1,0.10560784944761381
https://suumo.jp/chintai/jnc_000107194369/?bc=100499016942,都営大江戸線 落合南長崎駅 9階建 築2年,東京都新宿区西落合２,185000.0,15000.0,185000.0,,4,1LDK,37.67,2,9,落合南長崎駅,9,12.33,119519.31,170377.07,492,811,1,0.08414514951781099
https://suumo.jp/chintai/jnc_000104942096/?bc=100498196834,プライムヒル哲学堂,東京都新宿区西落合２,140000.0,4600.0,,280000.0,1,1LDK,38.47,10,4,落合南長崎駅,8,12.33,119519.31,170377.07,492,811,1,0.10730047400393633
https://suumo.jp/chintai/jnc_000104525343/?bc=100502071233,Ａｇｌａｉａ 新宿西落合,東京都新宿区西落合１,148000.0,20000.0,148000.0,,2,1LDK,30.6,0,4,落合南長崎駅,4,12.33,119519.31,170377.07,492,811,1,0.07938248985220442
https://suumo.jp/chintai/jnc_000104525341/?bc=100488035084,Ａｇｌａｉａ 新宿西落合,東京都新宿区西落合１,157000.0,10000.0,157000.0,,2,1LDK,30.02,0,4,落合南長崎駅,4,12.33,119519.31,170377.07,492,811,1,0.10384995548621934
https://suumo.jp/chintai/jnc_000104525340/?bc=100493100161,Ａｇｌａｉａ 新宿西落合,東京都新宿区西落合１,148000.0,20000.0,148000.0,,2,1LDK,30.02,0,4,落合南長崎駅,4,12.33,119519.31,170377.07,492,811,1,0.0790838610404565
https://suumo.jp/chintai/jnc_000050022395/?bc=100502060892,パークメゾン,東京都新宿区西落合２,105000.0,3000.0,105000.0,,1,1LDK,42.58,32,2,落合南長崎駅,9,12.67,119519.31,170377.07,492,811,1,0.06784527909807386
https://suumo.jp/chintai/jnc_000106903631/?bc=100490677063,Ａｇｌａｉａ 新宿西落合,東京都新宿区西落合１,147000.0,10000.0,147000.0,,2,1LDK,30.02,0,4,落合南長崎駅,4,12.33,119519.31,170377.07,492,811,1,0.10350792199204467
https://suumo.jp/chintai/jnc_000106651112/?bc=100503039022,グリュック,東京都豊島区南長崎４,122000.0,3000.0,,122000.0,1,1LDK,32.92,8,3,落合南長崎駅,6,9.33,119519.31,170377.07,492,811,1,0.08387664057025918
https://suumo.jp/chintai/jnc_000104902867/?bc=100489073152,都営大江戸線 落合南長崎駅 地下1地上3階建 新築,東京都新宿区西落合１,147000.0,20000.0,147000.0,,1,1LDK,31.45,0,4,落合南長崎駅,4,11.67,119519.31,170377.07,492,811,1,0.08091645943366643
https://suumo.jp/chintai/jnc_000106916972/?bc=100498104160,ウェルズパーク落合南長崎,東京都新宿区西落合３,165000.0,10000.0,165000.0,165000.0,3,1LDK,45.17,23,5,落合南長崎駅,3,7.50,119519.31,170377.07,492,811,1,0.09013343356781739
https://suumo.jp/chintai/jnc_000107154900/?bc=100499563214,グリナージュ中落合,東京都新宿区中落合４,155000.0,12000.0,,232500.0,2,1LDK,41.47,5,3,落合南長崎駅,8,10.67,119519.31,170377.07,492,811,1,0.11509600016976673
https://suumo.jp/chintai/jnc_000104902871/?bc=100489073167,都営大江戸線 落合南長崎駅 地下1地上3階建 新築,東京都新宿区西落合１,147000.0,20000.0,147000.0,,2,1LDK,30.02,0,4,落合南長崎駅,4,11.67,119519.31,170377.07,492,811,1,0.08453385273960712
https://suumo.jp/chintai/jnc_000107194371/?bc=100503228178,都営大江戸線 落合南長崎駅 9階建 築2年,東京都新宿区西落合２,193000.0,15000.0,193000.0,,7,1LDK,37.67,2,9,落合南長崎駅,9,12.33,119519.31,170377.07,492,811,1,0.05994224143477184
https://suumo.jp/chintai/jnc_000106838175/?bc=100504968456,スカイコート池袋西,東京都豊島区南長崎３,63000.0,6000.0,63000.0,,3,1R,16.38,38,4,落合南長崎駅,6,9.33,119519.31,82826.39,492,879,1,0.10294877506855721
https://suumo.jp/chintai/jnc_000104378572/?bc=100488406983,都営大江戸線 落合南長崎駅 6階建 築11年,東京都新宿区西落合２,98000.0,10000.0,98000.0,98000.0,2,1K,25.87,11,6,落合南長崎駅,9,14.33,119519.31,98445.68,492,1447,1,0.11995929342114275
https://suumo.jp/chintai/jnc_000104700277/?bc=100487616054,スクエア南長崎,東京都豊島区南長崎３,53000.0,4000.0,53000.0,,1,1R,15.0,36,2,落合南長崎駅,6,7.67,119519.31,82826.39,492,879,1,0.08561261405120302
https://suumo.jp/chintai/jnc_000106061714/?bc=100503884341,スクエア南長崎,東京都豊島区南長崎３,53000.0,4000.0,53000.0,,2,1R,15.0,36,2,落合南長崎駅,6,7.67,119519.31,82826.39,492,879,1,0.0908510124769154
https://suumo.jp/chintai/jnc_000106039249/?bc=100498330797,スカイコート池袋西,東京都豊島区南長崎３,63000.0,5000.0,63000.0,63000.0,1,1R,16.38,38,4,落合南長崎駅,6,9.33,119519.31,82826.39,492,879,1,0.10071743052317966
https://suumo.jp/chintai/jnc_000107154902/?bc=100496959376,ソレーユサニーコート,東京都新宿区西落合４,92000.0,7000.0,,92000.0,2,1K,24.0,23,2,落合南長崎駅,7,11.67,119519.31,98445.68,492,1447,1,0.14539168850498024
https://suumo.jp/chintai/jnc_000104830863/?bc=100488614488,エクセル　エヌ・ケー,東京都豊島区南長崎４,189000.0,8000.0,189000.0,189000.0,3,3LDK,69.33,33,4,落合南長崎駅,5,9.67,119519.31,281205.13,492,156,1,0.01707085805556041
https://suumo.jp/chintai/jnc_000106415278/?bc=100501345381,奈良テラスハウス,東京都豊島区南長崎３,98000.0,5000.0,98000.0,98000.0,1,3K,38.0,43,2,落合南長崎駅,6,9.00,119519.31,138250.00,492,4,1,0.05012009000094725
https://suumo.jp/chintai/jnc_000105791990/?bc=100499319388,ソフィアユニゾン,東京都新宿区西落合３,67000.0,3000.0,,,2,1R,10.56,6,2,落合南長崎駅,4,12.67,119519.31,82826.39,492,879,1,0.0813032649321418
https://suumo.jp/chintai/jnc_000059569731/?bc=100502276869,ソフィアリベルテ,東京都新宿区中落合３,65000.0,3000.0,,,1,1R,10.01,6,2,落合南長崎駅,6,10.67,119519.31,82826.39,492,879,1,0.0851757183144935
https://suumo.jp/chintai/jnc_000084305047/?bc=100506806728,ソフィアリベルテ,東京都新宿区中落合３,65000.0,3000.0,,,2,1R,10.29,6,2,落合南長崎駅,6,10.67,119519.31,82826.39,492,879,1,0.08906932799031347
https://suumo.jp/chintai/jnc_000105089250/?bc=100502902308,ソフィア哲学堂,東京都新宿区西落合２,110000.0,10000.0,110000.0,110000.0,3,1K,25.8,13,5,落合南長崎駅,8,12.33,119519.31,98445.68,492,1447,1,0.1422465408277213
https://suumo.jp/chintai/jnc_000107177102/?bc=100506883508,ソフィア哲学堂,東京都新宿区西落合２,107000.0,10000.0,107000.0,107000.0,1,1K,25.8,13,5,落合南長崎駅,8,12.33,119519.31,98445.68,492,1447,1,0.1389515548444923
https://suumo.jp/chintai/jnc_000105689524/?bc=100502920452,ちきゅうハウス,東京都豊島区南長崎４,92000.0,5000.0,,92000.0,2,1R,26.91,23,2,落合南長崎駅,2,12.67,119519.31,82826.39,492,879,1,0.07554059759453258
https://suumo.jp/chintai/jnc_000106862529/?bc=100504514045,都営大江戸線 落合南長崎駅 6階建 築17年,東京都新宿区西落合１,140000.0,10000.0,,,2,1K,35.21,17,6,落合南長崎駅,9,13.33,119519.31,98445.68,492,1447,1,0.10511474732240778
https://suumo.jp/chintai/jnc_000107082273/?bc=100506108398,都営大江戸線 落合南長崎駅 6階建 築20年,東京都新宿区西落合３,69000.0,10000.0,69000.0,,2,1K,22.13,20,6,落合南長崎駅,1,9.00,119519.31,98445.68,492,1447,1,0.09754070801551601
https://suumo.jp/chintai/jnc_000106249715/?bc=100500410902,都営大江戸線 落合南長崎駅 4階建 築33年,東京都豊島区南長崎４,179000.0,8000.0,179000.0,179000.0,1,3LDK,69.33,33,4,落合南長崎駅,4,8.33,119519.31,281205.13,492,156,1,0.008608748690400847
https://suumo.jp/chintai/jnc_000106539808/?bc=100502398580,ヌーヴォープリエール,東京都豊島区南長崎３,82000.0,5000.0,82000.0,82000.0,2,1R,19.64,9,3,落合南長崎駅,7,10.67,119519.31,82826.39,492,879,1,0.11648467889163588
https://suumo.jp/chintai/jnc_000106910352/?bc=100504901859,パークレジデンス西落合,東京都新宿区西落合４,100000.0,5000.0,100000.0,100000.0,3,1R,27.87,10,4,落合南長崎駅,10,13.67,119519.31,82826.39,492,879,1,0.07912144861543602
https://suumo.jp/chintai/jnc_000106900896/?bc=100503615813,ハーモニーテラス南長崎III,東京都豊島区南長崎５,67000.0,4000.0,,,1,1R,10.65,8,2,落合南長崎駅,5,9.33,119519.31,82826.39,492,879,1,0.0994011033337821
https://suumo.jp/chintai/jnc_000106789118/?bc=100504029864,ハーモニーテラス南長崎III,東京都豊島区南長崎５,66000.0,4000.0,,66000.0,2,1R,10.65,8,2,落合南長崎駅,5,9.33,119519.31,82826.39,492,879,1,0.10117905985248521
https://suumo.jp/chintai/jnc_000101837906/?bc=100498831896,ハーモニーテラス南長崎III,東京都豊島区南長崎５,68000.0,4000.0,,68000.0,2,1R,10.65,8,2,落合南長崎駅,5,9.33,119519.31,82826.39,492,879,1,0.10089518329173774
https://suumo.jp/chintai/jnc_000099063585/?bc=100505018398,ティアラ目白ＡＶＥＮＵＥ,東京都豊島区南長崎３,81000.0,9000.0,81000.0,81000.0,2,1K,20.44,26,5,落合南長崎駅,5,10.00,119519.31,98445.68,492,1447,1,0.13864801171409785
https://suumo.jp/chintai/jnc_000105873983/?bc=100498987189,都営大江戸線 落合南長崎駅 4階建 築33年,東京都豊島区南長崎４,184000.0,8000.0,184000.0,184000.0,1,3LDK,69.33,33,4,落合南長崎駅,4,8.33,119519.31,281205.13,492,156,1,0.010453314922758694
https://suumo.jp/chintai/jnc_000106228155/?bc=100494720503,ディアレイシャス落合南長崎,東京都新宿区西落合１,127000.0,11000.0,,127000.0,2,1K,25.82,9,7,落合南長崎駅,6,12.00,119519.31,98445.68,492,1447,1,0.1372487431006693
https://suumo.jp/chintai/jnc_000106876607/?bc=100504767579,ＡＲＫＭＡＲＫ新宿西落合,東京都新宿区西落合２,192000.0,18000.0,192000.0,192000.0,5,1LDK,40.29,2,6,落合南長崎駅,9,13.00,119519.31,170377.07,492,811,1,0.0530992778188662
https://suumo.jp/chintai/jnc_000106908677/?bc=100504319753,ハイツ落合,東京都新宿区西落合１,50000.0,3000.0,,,1,1R,16.53,37,3,落合南長崎駅,4,10.33,119519.31,82826.39,492,879,1,0.08265081547205294
https://suumo.jp/chintai/jnc_000104169964/?bc=100483517866,ハイツ落合,東京都新宿区西落合１,68000.0,3000.0,,,3,1R,15.84,37,3,落合南長崎駅,4,10.33,119519.31,82826.39,492,879,1,0.09371239326330327
https://suumo.jp/chintai/jnc_000106228154/?bc=100505516243,ディアレイシャス落合南長崎,東京都新宿区西落合１,130000.0,11000.0,,130000.0,2,1K,25.84,9,7,落合南長崎駅,6,12.00,119519.31,98445.68,492,1447,1,0.1372487431006693
https://suumo.jp/chintai/jnc_000106500622/?bc=100502081278,ディアレイシャス落合南長崎,東京都新宿区西落合１,115000.0,10000.0,,115000.0,2,1K,27.32,9,7,落合南長崎駅,6,12.00,119519.31,98445.68,492,1447,1,0.13889087277084866
https://suumo.jp/chintai/jnc_000106228157/?bc=100505516234,ディアレイシャス落合南長崎,東京都新宿区西落合１,128000.0,11000.0,,128000.0,3,1K,25.82,9,7,落合南長崎駅,6,12.00,119519.31,98445.68,492,1447,1,0.13833911080772032
https://suumo.jp/chintai/jnc_000106959007/?bc=100505304371,都営大江戸線 落合南長崎駅 6階建 築2年,東京都新宿区西落合２,123000.0,12000.0,123000.0,123000.0,5,1K,25.26,2,6,落合南長崎駅,9,11.67,119519.31,98445.68,492,1447,1,0.12584910780101882
https://suumo.jp/chintai/jnc_000106508101/?bc=100502046137,ファースト西落合,東京都新宿区西落合３,55000.0,5000.0,55000.0,,1,1R,12.47,10,2,落合南長崎駅,6,13.00,119519.31,82826.39,492,879,1,0.09148782779729908
https://suumo.jp/chintai/jnc_000106228156/?bc=100359133083,ディアレイシャス落合南長崎,東京都新宿区西落合１,131000.0,11000.0,,131000.0,3,1K,25.84,9,7,落合南長崎駅,6,12.00,119519.31,98445.68,492,1447,1,0.13833911080772032
https://suumo.jp/chintai/jnc_000103481416/?bc=100478986414,シャトー白馬,東京都中野区江古田１,62000.0,2000.0,,,2,1K,19.65,26,5,落合南長崎駅,12,14.00,119519.31,98445.68,492,1447,1,0.06399681576045502
https://suumo.jp/chintai/jnc_000106228159/?bc=100505516240,ディアレイシャス落合南長崎,東京都新宿区西落合１,131000.0,11000.0,,131000.0,4,1K,25.52,9,7,落合南長崎駅,6,12.00,119519.31,98445.68,492,1447,1,0.13566273741824791
https://suumo.jp/chintai/jnc_000054098249/?bc=100507045416,ジェイパーク西落合,東京都新宿区西落合３,69000.0,10000.0,,69000.0,3,1K,18.81,30,4,落合南長崎駅,2,9.33,119519.31,98445.68,492,1447,1,0.1067160406101389
https://suumo.jp/chintai/jnc_000102430686/?bc=100469616996,都営大江戸線 落合南長崎駅 5階建 築10年,東京都新宿区西落合１,138000.0,9000.0,138000.0,138000.0,1,1LDK,42.05,10,5,落合南長崎駅,2,9.00,119519.31,170377.07,492,811,1,0.09737590721929984
https://suumo.jp/chintai/jnc_000106903632/?bc=100504903364,都営大江戸線 落合南長崎駅 6階建 築35年,東京都新宿区西落合１,75000.0,10000.0,75000.0,75000.0,2,1K,22.0,35,6,落合南長崎駅,4,11.00,119519.31,98445.68,492,1447,1,0.11911588435930853
https://suumo.jp/chintai/jnc_000106991504/?bc=100505669896,ブルー パレット 新宿中落合,東京都新宿区中落合４,93000.0,10000.0,93000.0,93000.0,1,1R,20.52,2,4,落合南長崎駅,7,13.00,119519.31,82826.39,492,879,1,0.09746963023264887
https://suumo.jp/chintai/jnc_000105291084/?bc=100492199984,サンプラザ西落合,東京都新宿区西落合１,77000.0,,77000.0,77000.0,2,1K,24.7,25,3,落合南長崎駅,1,7.67,119519.31,98445.68,492,1447,1,0.11235009768179732
https://suumo.jp/chintai/jnc_000106228158/?bc=100494583493,ディアレイシャス落合南長崎,東京都新宿区西落合１,131000.0,11000.0,,131000.0,4,1K,25.56,9,7,落合南長崎駅,6,12.00,119519.31,98445.68,492,1447,1,0.13566273741824791
https://suumo.jp/chintai/jnc_000105901170/?bc=100504391741,都営大江戸線 落合南長崎駅 2階建 築49年,東京都新宿区西落合１,85000.0,6000.0,85000.0,,2,1LDK,28.0,49,2,落合南長崎駅,12,14.00,119519.31,170377.07,492,811,1,0.03544029616658417
https://suumo.jp/chintai/jnc_000106106130/?bc=100499203634,都営大江戸線 落合南長崎駅 6階建 築38年,東京都新宿区西落合１,61000.0,6000.0,61000.0,61000.0,6,1K,16.2,38,6,落合南長崎駅,7,11.00,119519.31,98445.68,492,1447,1,0.09144772241200755
https://suumo.jp/chintai/jnc_000107082272/?bc=100499131262,都営大江戸線 落合南長崎駅 6階建 築38年,東京都新宿区西落合１,60000.0,5000.0,60000.0,60000.0,6,1K,16.2,38,6,落合南長崎駅,7,11.00,119519.31,98445.68,492,1447,1,0.08662480838843756
https://suumo.jp/chintai/jnc_000105453374/?bc=100496174516,ディアレイシャス落合南長崎,東京都新宿区西落合１,121000.0,10000.0,,121000.0,4,1K,25.82,9,7,落合南長崎駅,6,12.00,119519.31,98445.68,492,1447,1,0.13776975455450324
https://suumo.jp/chintai/jnc_000104577684/?bc=100505979232,サニーマイホーム,東京都豊島区南長崎４,49000.0,,49000.0,,2,1K,20.0,54,2,落合南長崎駅,3,10.00,119519.31,98445.68,492,1447,1,0.08645875772953676
https://suumo.jp/chintai/jnc_000105227986/?bc=100491665111,サニーマイホーム,東京都豊島区南長崎４,50000.0,,50000.0,,2,1K,20.28,54,2,落合南長崎駅,3,10.00,119519.31,98445.68,492,1447,1,0.08645875772953676
https://suumo.jp/chintai/jnc_000101165488/?bc=100462922237,サニーマイホーム,東京都豊島区南長崎４,55000.0,,55000.0,,2,1K,20.28,54,2,落合南長崎駅,3,10.00,119519.31,98445.68,492,1447,1,0.09223778308110708
https://suumo.jp/chintai/jnc_000106777599/?bc=100503894493,マイステージアムヒューゲル西落合,東京都新宿区中落合３,69000.0,6000.0,,69000.0,3,1R,16.5,35,6,落合南長崎駅,2,9.33,119519.31,82826.39,492,879,1,0.08281281646722838
https://suumo.jp/chintai/jnc_000105656125/?bc=100494999192,サニーマイホーム,東京都豊島区南長崎４,48000.0,,48000.0,,1,1K,20.0,54,2,落合南長崎駅,3,10.00,119519.31,98445.68,492,1447,1,0.08475846114375357
https://suumo.jp/chintai/jnc_000105616603/?bc=100494717066,サニーマイホーム,東京都豊島区南長崎４,48000.0,,48000.0,,1,1K,20.98,54,2,落合南長崎駅,3,10.00,119519.31,98445.68,492,1447,1,0.08268933177210752
https://suumo.jp/chintai/jnc_000106991880/?bc=100505558063,マイファリエ南長崎,東京都豊島区南長崎５,68000.0,,68000.0,68000.0,3,1R,19.0,35,4,落合南長崎駅,5,10.33,119519.31,82826.39,492,879,1,0.11078422932593679
https://suumo.jp/chintai/jnc_000105227984/?bc=100235970580,サニーマイホーム,東京都豊島区南長崎４,48000.0,,4800.0,,1,1K,19.26,54,2,落合南長崎駅,3,10.00,119519.31,98445.68,492,1447,1,0.08475846114375357
https://suumo.jp/chintai/jnc_000106480217/?bc=100501893077,都営大江戸線 落合南長崎駅 5階建 築3年,東京都新宿区西落合２,185000.0,10500.0,185000.0,185000.0,3,1LDK,44.64,3,5,落合南長崎駅,10,13.33,119519.31,170377.07,492,811,1,0.08520991988023185
https://suumo.jp/chintai/jnc_000106905844/?bc=100506800807,ミルーム中落合,東京都新宿区中落合３,77000.0,12000.0,,77000.0,2,1R,23.43,27,8,落合南長崎駅,5,11.33,119519.31,82826.39,492,879,1,0.08294232049786732
https://suumo.jp/chintai/jnc_000107169547/?bc=100506661220,ミルーム中落合,東京都新宿区中落合３,87000.0,8000.0,,87000.0,6,1R,25.73,27,8,落合南長崎駅,5,11.33,119519.31,82826.39,492,879,1,0.08013669709358406
https://suumo.jp/chintai/jnc_000106978482/?bc=100505625169,メイクスデザイン新宿落合,東京都新宿区西落合１,106000.0,12000.0,106000.0,106000.0,7,1R,26.1,9,9,落合南長崎駅,1,8.67,119519.31,82826.39,492,879,1,0.039208804877622516
https://suumo.jp/chintai/jnc_000104531828/?bc=100486689902,Ａｇｌａｉａ 新宿西落合,東京都新宿区西落合１,139000.0,20000.0,139000.0,,-1,1LDK,30.02,0,4,落合南長崎駅,4,12.33,119519.31,170377.07,492,811,1,0.06679448746276262
https://suumo.jp/chintai/jnc_000107182837/?bc=100504359000,都営大江戸線 落合南長崎駅 5階建 築3年,東京都新宿区西落合２,175000.0,10500.0,,175000.0,3,1LDK,44.64,3,5,落合南長崎駅,10,13.33,119519.31,170377.07,492,811,1,0.08556516841731676
https://suumo.jp/chintai/jnc_000104995913/?bc=100359916439,ディアレイシャス落合南長崎,東京都新宿区西落合１,129000.0,11000.0,,129000.0,4,1K,25.82,9,7,落合南長崎駅,6,12.00,119519.31,98445.68,492,1447,1,0.13534814438015708
https://suumo.jp/chintai/jnc_000106228160/?bc=100494583500,ディアレイシャス落合南長崎,東京都新宿区西落合１,134000.0,11000.0,,134000.0,7,1K,25.82,9,7,落合南長崎駅,6,12.00,119519.31,98445.68,492,1447,1,0.10672212748063514
https://suumo.jp/chintai/jnc_000105955221/?bc=100497537734,江古田１丁目テラスハウス,東京都中野区江古田１,210000.0,,210000.0,210000.0,1,4SLDK,124.57,32,2,落合南長崎駅,12,12.50,119519.31,192500.00,492,2,-1,-0.0193339856907474
https://suumo.jp/chintai/jnc_000104132247/?bc=100489795544,ＡＲＫＭＡＲＫ新宿西落合,東京都新宿区西落合２,197000.0,18000.0,197000.0,197000.0,4,1LDK,40.29,2,6,落合南長崎駅,9,13.00,119519.31,170377.07,492,811,1,0.06118121891182415
https://suumo.jp/chintai/jnc_000105838424/?bc=100500831071,ザ・テラス西落合,東京都新宿区西落合１,90000.0,5000.0,,90000.0,4,1R,20.0,5,5,落合南長崎駅,7,12.00,119519.31,82826.39,492,879,1,0.1026987665923933
https://suumo.jp/chintai/jnc_000106696093/?bc=100503527656,都営大江戸線 落合南長崎駅 9階建 築23年,東京都新宿区中落合３,90000.0,8000.0,90000.0,90000.0,7,1K,21.28,23,9,落合南長崎駅,8,10.00,119519.31,98445.68,492,1447,1,0.11130420811815522
https://suumo.jp/chintai/jnc_000105177672/?bc=100500197516,都営大江戸線 落合南長崎駅 6階建 築35年,東京都新宿区西落合３,122000.0,8000.0,122000.0,122000.0,6,1DK,43.85,35,6,落合南長崎駅,5,11.67,119519.31,130743.78,492,402,1,0.11796832383300737
https://suumo.jp/chintai/jnc_000106360974/?bc=100484994054,メゾン海,東京都新宿区西落合１,160000.0,6000.0,80000.0,160000.0,1,1LDK,42.67,0,3,落合南長崎駅,4,11.67,119519.31,170377.07,492,811,1,0.10444582474267466
https://suumo.jp/chintai/jnc_000106843860/?bc=100504693441,都営大江戸線 落合南長崎駅 9階建 築22年,東京都豊島区南長崎５,85000.0,9000.0,85000.0,170000.0,3,1K,23.68,22,9,落合南長崎駅,3,9.67,119519.31,98445.68,492,1447,1,0.12631761061516145
https://suumo.jp/chintai/jnc_000104525337/?bc=100505322839,Ａｇｌａｉａ 新宿西落合,東京都新宿区西落合１,147000.0,20000.0,147000.0,,1,1LDK,31.45,0,4,落合南長崎駅,4,12.33,119519.31,170377.07,492,811,1,0.07542125817620782
https://suumo.jp/chintai/jnc_000104525336/?bc=100486673987,Ａｇｌａｉａ 新宿西落合,東京都新宿区西落合１,156000.0,10000.0,156000.0,,1,1LDK,30.6,0,4,落合南長崎駅,4,12.33,119519.31,170377.07,492,811,1,0.09842293111615141
https://suumo.jp/chintai/jnc_000106569110/?bc=100503697680,リッジ新宿西落合,東京都新宿区西落合１,140000.0,10000.0,,,2,1R,35.21,17,6,落合南長崎駅,9,11.67,119519.31,82826.39,492,879,1,0.08068974373789861
https://suumo.jp/chintai/jnc_000107194370/?bc=100498975769,都営大江戸線 落合南長崎駅 9階建 築2年,東京都新宿区西落合２,157000.0,10000.0,157000.0,,6,1DK,26.99,2,9,落合南長崎駅,9,12.33,119519.31,130743.78,492,402,1,0.12606706475099055
https://suumo.jp/chintai/jnc_000106645701/?bc=100505985146,ルーブル新宿西落合,東京都新宿区西落合１,68000.0,10000.0,68000.0,68000.0,2,1R,16.24,32,4,落合南長崎駅,4,8.00,119519.31,82826.39,492,879,1,0.0868022415906467
https://suumo.jp/chintai/jnc_000106889275/?bc=100506727745,東京メトロ東西線 落合駅 10階建 築12年,東京都中野区東中野５,190000.0,12000.0,190000.0,190000.0,3,1LDK,40.61,12,10,落合駅,4,7.00,145334.05,170377.07,373,811,1,0.0756847002008545
https://suumo.jp/chintai/jnc_000107189120/?bc=100506744748,東京メトロ東西線 落合駅 5階建 築29年,東京都中野区上高田１,178000.0,12000.0,178000.0,178000.0,3,2LDK,66.31,29,5,落合駅,9,11.00,145334.05,243512.76,373,392,1,0.061053789617416365
https://suumo.jp/chintai/jnc_000106419665/?bc=100501828330,東京メトロ東西線 落合駅 6階建 築32年,東京都中野区東中野５,248000.0,,496000.0,248000.0,2,2LDK,55.26,32,6,落合駅,6,7.33,145334.05,243512.76,373,392,1,0.07417352157063889
https://suumo.jp/chintai/jnc_000105210376/?bc=100491502141,Grand Classe （グランクラッセ）,東京都新宿区上落合２,190000.0,6000.0,190000.0,190000.0,2,1LDK,43.69,0,3,落合駅,5,9.33,145334.05,170377.07,373,811,1,0.10940803046051578
https://suumo.jp/chintai/jnc_000105210378/?bc=100491502142,Grand Classe （グランクラッセ）,東京都新宿区上落合２,187000.0,6000.0,187000.0,187000.0,3,1LDK,43.69,0,3,落合駅,5,9.33,145334.05,170377.07,373,811,1,0.10785346762347026
https://suumo.jp/chintai/jnc_000105912722/?bc=100502812584,レジディア高田馬場,東京都新宿区高田馬場４,163000.0,20000.0,,,1,1LDK,31.27,3,6,落合駅,11,11.67,145334.05,170377.07,373,811,1,0.06176186994630567
https://suumo.jp/chintai/jnc_000105892984/?bc=100497299992,レジディア高田馬場,東京都新宿区高田馬場４,165000.0,20000.0,,,1,1LDK,31.14,3,6,落合駅,11,11.67,145334.05,170377.07,373,811,1,0.06176186994630567
https://suumo.jp/chintai/jnc_000107045020/?bc=100506312901,アストラル上落合,東京都新宿区上落合２,93000.0,6000.0,93000.0,93000.0,4,1DK,24.03,41,4,落合駅,2,5.00,145334.05,130743.78,373,402,1,0.09798329303659481
https://suumo.jp/chintai/jnc_000106662776/?bc=100503196053,パークヒルズ落合,東京都新宿区上落合１,112000.0,7000.0,112000.0,112000.0,10,1DK,33.79,27,12,落合駅,5,7.67,145334.05,130743.78,373,402,1,0.07063944933572558
https://suumo.jp/chintai/jnc_000106492901/?bc=100503780664,ＰＲＩＭＥ　ＵＲＢＡＮ　東中野　ＣＯＵＲ,東京都新宿区北新宿４,129000.0,8000.0,129000.0,129000.0,6,1K,27.67,18,10,落合駅,8,10.33,145334.05,98445.68,373,1447,1,0.11073821783725585
https://suumo.jp/chintai/jnc_000106492905/?bc=100503368962,ＰＲＩＭＥ　ＵＲＢＡＮ　東中野　ＣＯＵＲ,東京都新宿区北新宿４,147000.0,8000.0,147000.0,147000.0,7,1K,26.31,18,10,落合駅,8,10.33,145334.05,98445.68,373,1447,1,0.10663181081300499
https://suumo.jp/chintai/jnc_000101961762/?bc=100465062790,北新宿サマリアマンション,東京都新宿区北新宿４,245000.0,5000.0,245000.0,245000.0,8,2LDK,63.2,52,12,落合駅,11,12.00,145334.05,243512.76,373,392,-1,-0.019609154799045125
https://suumo.jp/chintai/jnc_000106889274/?bc=100504708099,ＪＲ総武線 東中野駅 8階建 築2年,東京都中野区東中野４,180000.0,11000.0,180000.0,180000.0,4,1LDK,46.42,2,8,落合駅,3,6.33,145334.05,170377.07,373,811,1,0.07205783431510354
https://suumo.jp/chintai/jnc_000106248866/?bc=100500050863,Ｐｒｉｍｒｏｓｅ　ａｌｌｅｙ,東京都新宿区北新宿４,119000.0,5200.0,119000.0,119000.0,3,1K,29.85,16,4,落合駅,8,10.67,145334.05,98445.68,373,1447,1,0.14238374780086127
https://suumo.jp/chintai/jnc_000106795055/?bc=100479924560,東京メトロ東西線 落合駅 地下1地上3階建 新築,東京都中野区上高田１,298000.0,15000.0,,,-1,2LDK,53.28,0,4,落合駅,9,10.67,145334.05,243512.76,373,392,1,0.05885184432703933
https://suumo.jp/chintai/jnc_000106750303/?bc=100506674190,レジディア高田馬場,東京都新宿区高田馬場４,158000.0,20000.0,,,1,1DK,31.27,3,6,落合駅,11,11.67,145334.05,130743.78,373,402,1,0.10213086992041959
https://suumo.jp/chintai/jnc_000106854218/?bc=100504879061,アストラル上落合,東京都新宿区上落合２,87000.0,5000.0,87000.0,87000.0,1,1DK,25.28,41,4,落合駅,2,5.00,145334.05,130743.78,373,402,1,0.09829332278208663
https://suumo.jp/chintai/jnc_000105644856/?bc=100504066866,フェニックス落合駅前,東京都新宿区上落合３,130000.0,11000.0,130000.0,130000.0,9,1DK,31.66,22,9,落合駅,1,4.33,145334.05,130743.78,373,402,1,0.032356640004370774
https://suumo.jp/chintai/jnc_000105968350/?bc=100497691066,ラグジュアリーアパートメント東中野II,東京都中野区東中野３,116000.0,11000.0,,116000.0,2,1R,21.09,19,10,落合駅,3,3.67,145334.05,82826.39,373,879,1,0.025811169408121448
https://suumo.jp/chintai/jnc_000106619746/?bc=100502853967,Ｂｅレジデンス北新宿,東京都新宿区北新宿４,169000.0,10000.0,169000.0,169000.0,2,1LDK,30.13,2,4,落合駅,7,8.00,145334.05,170377.07,373,811,1,0.11513967900411226
https://suumo.jp/chintai/jnc_000106267913/?bc=100493547038,東京メトロ東西線 落合駅 6階建 築3年,東京都新宿区高田馬場４,156000.0,20000.0,,,2,1LDK,30.96,3,6,落合駅,11,11.67,145334.05,170377.07,373,811,1,0.06181451293166573
https://suumo.jp/chintai/jnc_000107122987/?bc=100460680706,佐々木ビル,東京都新宿区上落合２,65000.0,,,,3,1R,16.25,39,4,落合駅,4,9.00,145334.05,82826.39,373,879,1,0.099830352454302
https://suumo.jp/chintai/jnc_000106627939/?bc=100504386471,ドミール落合,東京都新宿区上落合２,83000.0,8500.0,83000.0,83000.0,8,1K,21.17,29,10,落合駅,1,5.00,145334.05,98445.68,373,1447,1,0.029400020649312686
https://suumo.jp/chintai/jnc_000106863229/?bc=100504539404,クレヴィスタ中野落合,東京都中野区上高田１,150000.0,11000.0,,150000.0,2,1R,32.16,6,3,落合駅,4,10.00,145334.05,82826.39,373,879,1,0.08512083654630531
https://suumo.jp/chintai/jnc_000107209749/?bc=100506880078,ＰＲＩＭＥ　ＵＲＢＡＮ　東中野　ＣＯＵＲＴ,東京都新宿区北新宿４,130000.0,8000.0,130000.0,130000.0,6,1K,25.64,18,11,落合駅,8,10.33,145334.05,98445.68,373,1447,1,0.1077635718096322
https://suumo.jp/chintai/jnc_000061398707/?bc=100465229284,ラミュー,東京都新宿区上落合３,75000.0,,75000.0,,1,1K,17.0,26,2,落合駅,5,9.00,145334.05,98445.68,373,1447,1,0.13165309908131168
https://suumo.jp/chintai/jnc_000106732512/?bc=100503628365,Ｋフラット,東京都中野区東中野５,68000.0,,68000.0,68000.0,1,1K,25.23,33,3,落合駅,5,7.00,145334.05,98445.68,373,1447,1,0.12854430377890996
https://suumo.jp/chintai/jnc_000106635273/?bc=100502938456,東京メトロ東西線 落合駅 10階建 築10年,東京都中野区東中野４,180000.0,6000.0,360000.0,180000.0,4,1LDK,42.95,10,10,落合駅,1,5.33,145334.05,170377.07,373,811,1,0.0420600367118828
https://suumo.jp/chintai/jnc_000104957568/?bc=100504645298,西武新宿線 新井薬師前駅 2階建 築42年,東京都中野区上高田１,56000.0,2000.0,,,1,1K,16.5,42,2,落合駅,10,11.00,145334.05,98445.68,373,1447,1,0.07834332518199494
https://suumo.jp/chintai/jnc_000105756247/?bc=100494377031,グレ－スハイツ,東京都中野区東中野４,82000.0,,82000.0,,2,1R,21.36,38,5,落合駅,4,7.00,145334.05,82826.39,373,879,1,0.09059992132810984
https://suumo.jp/chintai/jnc_000106492897/?bc=100502841953,ＰＲＩＭＥ　ＵＲＢＡＮ　東中野　ＣＯＵＲ,東京都新宿区北新宿４,202000.0,13000.0,202000.0,202000.0,1,1LDK,44.85,18,10,落合駅,8,10.33,145334.05,170377.07,373,811,1,0.07895584186387133
https://suumo.jp/chintai/jnc_000105517757/?bc=100501871625,東伸マンション,東京都新宿区上落合２,69000.0,,69000.0,69000.0,2,1R,17.0,43,3,落合駅,1,5.67,145334.05,82826.39,373,879,1,0.057630786338182693
https://suumo.jp/chintai/jnc_000105826270/?bc=100496846721,グランリュクス,東京都中野区東中野５,71000.0,4000.0,,71000.0,1,1R,12.01,11,2,落合駅,6,8.33,145334.05,82826.39,373,879,1,0.09746289292542487
https://suumo.jp/chintai/jnc_000107016025/?bc=100505743182,第２越路荘,東京都中野区上高田１,21000.0,1000.0,10500.0,10500.0,1,1R,10.0,49,2,落合駅,11,12.33,145334.05,82826.39,373,879,1,0.012025196426691975
https://suumo.jp/chintai/jnc_000106451205/?bc=100501655689,グランツT2,東京都新宿区上落合２,128000.0,7000.0,128000.0,128000.0,1,1LDK,33.53,8,2,落合駅,2,5.67,145334.05,170377.07,373,811,1,0.06530354574098224
https://suumo.jp/chintai/jnc_000106087477/?bc=100480709178,小滝橋ＫＫハイツ,東京都新宿区北新宿４,144000.0,,144000.0,144000.0,6,1DK,39.13,20,8,落合駅,10,12.00,145334.05,130743.78,373,402,1,0.11949851594775468
https://suumo.jp/chintai/jnc_000103786800/?bc=100498199216,ＰＲＩＭＥ　ＵＲＢＡＮ　東中野　ＣＯＵＲ,東京都新宿区北新宿４,206000.0,13000.0,206000.0,,1,1LDK,44.31,18,10,落合駅,8,10.33,145334.05,170377.07,373,811,1,0.07865692429025811
https://suumo.jp/chintai/jnc_000106168534/?bc=100499804380,セリオ落合東中野,東京都中野区東中野５,190000.0,,190000.0,190000.0,9,1LDK,50.58,12,10,落合駅,7,11.00,145334.05,170377.07,373,811,1,0.059425539633056024
https://suumo.jp/chintai/jnc_000106862487/?bc=100504879591,モデュロール上落合,東京都新宿区上落合３,87000.0,4000.0,87000.0,87000.0,4,1K,19.06,21,4,落合駅,2,5.33,145334.05,98445.68,373,1447,1,0.09258255971026702
https://suumo.jp/chintai/jnc_000097734092/?bc=100491913925,グランデ東中野,東京都中野区東中野３,72000.0,3000.0,,72000.0,2,1K,18.0,34,3,落合駅,3,4.00,145334.05,98445.68,373,1447,1,0.0969863863067319
https://suumo.jp/chintai/jnc_000107216236/?bc=100507019542,東京メトロ東西線 落合駅 3階建 築57年,東京都中野区上高田１,105000.0,5000.0,105000.0,105000.0,1,1LDK,29.18,57,3,落合駅,2,5.33,145334.05,170377.07,373,811,1,0.03703514558163268
https://suumo.jp/chintai/jnc_000099125214/?bc=100454606818,ＪＲ中央線 東中野駅 10階建 築18年,東京都新宿区北新宿４,198000.0,13000.0,198000.0,,1,1LDK,44.31,18,10,落合駅,8,8.67,145334.05,170377.07,373,811,1,0.07845591698574539
https://suumo.jp/chintai/jnc_000107203604/?bc=100506874383,小滝橋ＫＫハイツ,東京都新宿区北新宿４,139000.0,,139000.0,139000.0,4,1DK,39.13,20,8,落合駅,10,12.00,145334.05,130743.78,373,402,1,0.13532535984524857
https://suumo.jp/chintai/jnc_000107221453/?bc=100507039480,ＪＲ総武線 東中野駅 6階建 築22年,東京都新宿区上落合３,146000.0,6000.0,146000.0,146000.0,4,1LDK,40.27,22,6,落合駅,3,5.00,145334.05,170377.07,373,811,1,0.06134818226962846
https://suumo.jp/chintai/jnc_000107221865/?bc=100505707538,東京メトロ東西線 落合駅 5階建 築26年,東京都中野区中野６,130000.0,15000.0,130000.0,130000.0,2,1DK,41.38,26,5,落合駅,7,8.00,145334.05,130743.78,373,402,1,0.13183164655418944
https://suumo.jp/chintai/jnc_000106911970/?bc=100505024610,東京メトロ東西線 落合駅 6階建 築3年,東京都新宿区高田馬場４,158000.0,20000.0,158000.0,,1,1DK,30.78,3,6,落合駅,11,11.67,145334.05,130743.78,373,402,1,0.10509985871900357
https://suumo.jp/chintai/jnc_000104962231/?bc=100507047320,東京メトロ東西線 落合駅 2階建 築30年,東京都新宿区上落合３,180000.0,5000.0,180000.0,90000.0,2,3DK,47.46,30,2,落合駅,3,6.00,145334.05,180500.00,373,16,1,0.04229588293411002
https://suumo.jp/chintai/jnc_000107161940/?bc=100506430657,セルクル落合,東京都新宿区上落合１,130000.0,10000.0,130000.0,130000.0,2,1LDK,44.69,20,14,落合駅,5,8.33,145334.05,170377.07,373,811,1,0.06438944804653524
https://suumo.jp/chintai/jnc_000106696068/?bc=100504534564,ＪＲ中央線 東中野駅 10階建 築18年,東京都新宿区北新宿４,200000.0,13000.0,200000.0,,1,1LDK,44.85,18,10,落合駅,8,8.67,145334.05,170377.07,373,811,1,0.07815666105535007
https://suumo.jp/chintai/jnc_000106423379/?bc=100501105222,IMA HIGASHI-NAKANO,東京都中野区上高田１,158000.0,5000.0,,163000.0,1,1LDK,30.78,0,3,落合駅,8,9.00,145334.05,170377.07,373,811,1,0.10449245420419706
https://suumo.jp/chintai/jnc_000090434286/?bc=100500716242,ソルナクレイシア落合,東京都新宿区上落合３,85000.0,10000.0,85000.0,85000.0,3,1K,20.0,8,3,落合駅,5,7.67,145334.05,98445.68,373,1447,1,0.1314796793517643
https://suumo.jp/chintai/jnc_000106492903/?bc=100502081506,ＰＲＩＭＥ　ＵＲＢＡＮ　東中野　ＣＯＵＲ,東京都新宿区北新宿４,248000.0,13000.0,248000.0,248000.0,6,1LDK,46.42,18,10,落合駅,8,10.33,145334.05,170377.07,373,811,1,0.04882510283590813
https://suumo.jp/chintai/jnc_000069806990/?bc=100503616484,ケイフラット,東京都中野区東中野５,68000.0,,68000.0,,1,1K,25.23,34,3,落合駅,5,7.33,145334.05,98445.68,373,1447,1,0.13114861407017298
https://suumo.jp/chintai/jnc_000106587317/?bc=100502548861,ソシエ落合,東京都新宿区上落合３,72000.0,3000.0,72000.0,72000.0,2,1R,21.75,36,3,落合駅,4,6.67,145334.05,82826.39,373,879,1,0.08543115777166405
https://suumo.jp/chintai/jnc_000106910515/?bc=100504906272,モンテH・K,東京都中野区東中野４,180000.0,11000.0,180000.0,180000.0,4,1LDK,46.42,2,8,落合駅,3,7.33,145334.05,170377.07,373,811,1,0.08594845757202668
https://suumo.jp/chintai/jnc_000107209738/?bc=100421822275,オネイロス,東京都新宿区上落合３,123000.0,5000.0,123000.0,123000.0,3,1K,31.53,32,3,落合駅,3,5.67,145334.05,98445.68,373,1447,1,0.11162342772134787
https://suumo.jp/chintai/jnc_000106783610/?bc=100504095976,カーサマグノリア,東京都新宿区上落合３,67000.0,5000.0,,,3,1R,9.06,8,3,落合駅,4,6.33,145334.05,82826.39,373,879,1,0.07349038420170495
https://suumo.jp/chintai/jnc_000105806877/?bc=100497255453,ＪＲ山手線 高田馬場駅 地下1地上4階建 築24年,東京都新宿区高田馬場３,84000.0,10000.0,84000.0,84000.0,3,1K,23.13,24,5,落合駅,9,11.33,145334.05,98445.68,373,1447,1,0.13925152496413268
https://suumo.jp/chintai/jnc_000106330687/?bc=100500691894,ＪＲ山手線 高田馬場駅 地下1地上4階建 築24年,東京都新宿区高田馬場３,107000.0,11000.0,,107000.0,1,1K,23.08,24,5,落合駅,9,11.33,145334.05,98445.68,373,1447,1,0.13351361271298406
https://suumo.jp/chintai/jnc_000107087687/?bc=100506414849,カーサマグノリア,東京都新宿区上落合３,66000.0,5000.0,,,2,1R,9.06,8,3,落合駅,4,6.33,145334.05,82826.39,373,879,1,0.07961861611751114
https://suumo.jp/chintai/jnc_000097696534/?bc=100471761992,カーサマグノリア,東京都新宿区上落合３,66500.0,6000.0,,,2,1R,9.06,8,3,落合駅,4,6.33,145334.05,82826.39,373,879,1,0.07823995094692926
https://suumo.jp/chintai/jnc_000106784001/?bc=100503948592,エルベT.M東中野,東京都中野区東中野５,72000.0,10000.0,72000.0,72000.0,5,1K,18.7,32,8,落合駅,7,9.67,145334.05,98445.68,373,1447,1,0.11182850406298184
https://suumo.jp/chintai/jnc_000097521298/?bc=100506132658,カーサマグノリア,東京都新宿区上落合３,66500.0,5000.0,,,1,1R,9.06,8,3,落合駅,4,6.33,145334.05,82826.39,373,879,1,0.07697454215329891
https://suumo.jp/chintai/jnc_000097521298/?bc=100506132658,カーサマグノリア,東京都新宿区上落合３,66500.0,5000.0,,,2,1R,9.06,8,3,落合駅,4,6.33,145334.05,82826.39,373,879,1,0.07932014711962088
https://suumo.jp/chintai/jnc_000106756222/?bc=100497199527,東京メトロ東西線 落合駅 6階建 築3年,東京都新宿区高田馬場４,158000.0,20000.0,,,1,1DK,31.27,3,6,落合駅,11,11.67,145334.05,130743.78,373,402,1,0.10213086992041959
https://suumo.jp/chintai/jnc_000106500588/?bc=100484303941,ＪＲ中央線 東中野駅 10階建 築18年,東京都新宿区北新宿４,202000.0,13000.0,202000.0,202000.0,1,1LDK,44.85,18,10,落合駅,8,8.67,145334.05,170377.07,373,811,1,0.07815666105535007
https://suumo.jp/chintai/jnc_000058322297/?bc=100505075137,エスポワール落合,東京都新宿区上落合１,80000.0,3000.0,80000.0,80000.0,1,1K,25.25,25,3,落合駅,8,9.33,145334.05,98445.68,373,1447,1,0.13018465776179866
https://suumo.jp/chintai/jnc_000106220661/?bc=100499976908,エスポワール上落合,東京都新宿区上落合３,70000.0,3000.0,70000.0,70000.0,1,1K,16.82,37,2,落合駅,6,8.67,145334.05,98445.68,373,1447,1,0.11520145117844383
https://suumo.jp/chintai/jnc_000096981359/?bc=100425551024,ヴィヴァシェル,東京都新宿区上落合２,84000.0,5000.0,84000.0,84000.0,1,1R,25.45,24,3,落合駅,4,8.67,145334.05,82826.39,373,879,1,0.10745621972980945
https://suumo.jp/chintai/jnc_000106592737/?bc=100502603059,アルモ東中野,東京都中野区東中野４,60000.0,3000.0,,,1,1R,10.83,11,2,落合駅,2,9.67,145334.05,82826.39,373,879,1,0.07025393328424318
https://suumo.jp/chintai/jnc_000107108940/?bc=100420310761,エイトノート,東京都中野区東中野５,76000.0,2000.0,76000.0,76000.0,1,1K,23.5,23,2,落合駅,5,7.00,145334.05,98445.68,373,1447,1,0.10595215091471638
https://suumo.jp/chintai/jnc_000107147296/?bc=100323453720,エーデルハイム,東京都新宿区上落合２,76000.0,3000.0,76000.0,,2,1K,22.27,33,4,落合駅,1,3.67,145334.05,98445.68,373,1447,1,0.07344600524701739
https://suumo.jp/chintai/jnc_000107177081/?bc=100380144717,エーデルハイム,東京都新宿区上落合２,74000.0,3000.0,74000.0,,2,1K,22.27,33,4,落合駅,1,3.67,145334.05,98445.68,373,1447,1,0.07344600524701739
https://suumo.jp/chintai/jnc_000105901162/?bc=100497005029,東京メトロ東西線 落合駅 6階建 築3年,東京都新宿区高田馬場４,165000.0,20000.0,,,2,1DK,30.78,3,6,落合駅,11,11.67,145334.05,130743.78,373,402,1,0.10657212212852912
https://suumo.jp/chintai/jnc_000106292120/?bc=100500912830,アミューズ上高田II,東京都中野区上高田４,57000.0,6000.0,,,1,1R,12.58,22,2,落合駅,8,9.00,145334.05,82826.39,373,879,1,0.08450043421875747
https://suumo.jp/chintai/jnc_000106315397/?bc=100500938339,ＪＲ中央線 東中野駅 10階建 築18年,東京都新宿区北新宿４,295000.0,15000.0,295000.0,,8,2LDK,68.83,18,10,落合駅,8,8.67,145334.05,243512.76,373,392,1,0.008815051537322205
https://suumo.jp/chintai/jnc_000106500593/?bc=100502075362,ＪＲ中央線 東中野駅 10階建 築18年,東京都新宿区北新宿４,280000.0,17000.0,280000.0,280000.0,8,2LDK,66.75,18,10,落合駅,8,8.67,145334.05,243512.76,373,392,1,0.008583713959962047
https://suumo.jp/chintai/jnc_000106597299/?bc=100502458579,東京メトロ東西線 落合駅 地下1地上6階建 築20年,東京都新宿区上落合３,215000.0,20000.0,215000.0,215000.0,4,1LDK,41.4,20,7,落合駅,6,8.00,145334.05,170377.07,373,811,1,0.05821606667743523
https://suumo.jp/chintai/jnc_000107003794/?bc=100505768059,東京メトロ東西線 落合駅 地下2地上14階建 築20年,東京都新宿区上落合３,153000.0,10000.0,153000.0,153000.0,8,1R,34.83,20,16,落合駅,2,4.67,145334.05,82826.39,373,879,-1,-0.013389951548214651
https://suumo.jp/chintai/jnc_000102979684/?bc=100504989963,東京メトロ東西線 落合駅 3階建 築9年,東京都中野区東中野４,179000.0,6000.0,,268500.0,2,1LDK,47.6,9,3,落合駅,3,7.00,145334.05,170377.07,373,811,1,0.10110434690239506
https://suumo.jp/chintai/jnc_000106689127/?bc=100505686916,東京メトロ東西線 落合駅 地下1地上6階建 築20年,東京都新宿区上落合３,209000.0,20000.0,209000.0,,4,1LDK,41.4,20,7,落合駅,6,8.00,145334.05,170377.07,373,811,1,0.061057213291914214
https://suumo.jp/chintai/jnc_000106620098/?bc=100502818619,プロヴァンスＡ,東京都中野区東中野３,68000.0,,68000.0,68000.0,1,1R,13.37,33,2,落合駅,3,4.67,145334.05,82826.39,373,879,1,0.059253303730850415
https://suumo.jp/chintai/jnc_000106249528/?bc=100505691639,オリエントハイツ,東京都中野区上高田１,130000.0,5000.0,130000.0,,3,1LDK,45.33,36,4,落合駅,7,9.00,145334.05,170377.07,373,811,1,0.09332258290071493
https://suumo.jp/chintai/jnc_000106913362/?bc=100505171257,アスペンハイツ,東京都新宿区上落合２,84000.0,,84000.0,,1,1R,22.0,47,2,落合駅,5,7.00,145334.05,82826.39,373,879,1,0.07539623763837006
https://suumo.jp/chintai/jnc_000107052837/?bc=100506414873,アーバンプレイス高田馬場C,東京都新宿区上落合１,63000.0,4000.0,,,2,1R,10.0,18,2,落合駅,5,10.00,145334.05,82826.39,373,879,1,0.10583408493175522
https://suumo.jp/chintai/jnc_000105672971/?bc=100496234779,三越東中野マンション,東京都中野区東中野４,90000.0,5000.0,,,3,1R,18.41,49,9,落合駅,3,6.33,145334.05,82826.39,373,879,1,0.05056976054744555
https://suumo.jp/chintai/jnc_000106750567/?bc=100503698095,フジハウス,東京都中野区上高田１,63000.0,,63000.0,63000.0,1,1K,20.65,61,2,落合駅,10,12.67,145334.05,98445.68,373,1447,1,0.07159521480210018
https://suumo.jp/chintai/jnc_000106500592/?bc=100507039481,ＪＲ中央線 東中野駅 10階建 築18年,東京都新宿区北新宿４,287000.0,17000.0,287000.0,287000.0,6,2LDK,60.3,18,10,落合駅,8,8.67,145334.05,243512.76,373,392,1,0.03020438627973948
https://suumo.jp/chintai/jnc_000106500590/?bc=100502010966,ＪＲ中央線 東中野駅 10階建 築18年,東京都新宿区北新宿４,239000.0,17000.0,239000.0,239000.0,1,2LDK,66.75,18,10,落合駅,8,8.67,145334.05,243512.76,373,392,1,0.028478316518580793
https://suumo.jp/chintai/jnc_000106862488/?bc=100504491670,アーバンプレイス新宿落合A,東京都新宿区上落合３,66000.0,4000.0,,66000.0,2,1R,10.03,7,2,落合駅,5,6.67,145334.05,82826.39,373,879,1,0.08362010365739558
https://suumo.jp/chintai/jnc_000105241933/?bc=100491807611,ア－バンプレイス高田馬場Ａ,東京都新宿区上落合１,65000.0,,,,2,1R,9.53,18,2,落合駅,5,9.00,145334.05,82826.39,373,879,1,0.09489607887507634
https://suumo.jp/chintai/jnc_000065533383/?bc=100505266095,プライムコート落合,東京都新宿区上落合３,65000.0,3000.0,,32500.0,1,1K,16.5,38,3,落合駅,4,7.33,145334.05,98445.68,373,1447,1,0.09725661476495129
https://suumo.jp/chintai/jnc_000106106438/?bc=100502301273,プラウドフラット東中野,東京都中野区東中野５,128000.0,8000.0,128000.0,128000.0,2,1K,25.1,12,10,落合駅,4,7.67,145334.05,98445.68,373,1447,1,0.12369499195782968
https://suumo.jp/chintai/jnc_000105892986/?bc=100495533197,東京メトロ東西線 落合駅 6階建 築3年,東京都新宿区高田馬場４,164000.0,20000.0,,,2,1DK,31.27,3,6,落合駅,11,11.67,145334.05,130743.78,373,402,1,0.10361365327629829
https://suumo.jp/chintai/jnc_000106740253/?bc=100503861796,プラウドフラット東中野,東京都中野区東中野５,132000.0,8000.0,132000.0,132000.0,5,1K,25.1,12,10,落合駅,4,7.67,145334.05,98445.68,373,1447,1,0.11650065278929167
https://suumo.jp/chintai/jnc_000105807366/?bc=100496733694,プラウドフラット東中野,東京都中野区東中野５,132000.0,8000.0,132000.0,132000.0,6,1K,25.1,12,10,落合駅,4,7.67,145334.05,98445.68,373,1447,1,0.10094207230933805
https://suumo.jp/chintai/jnc_000106067493/?bc=100496237800,プラチナフォルム東中野,東京都中野区東中野４,134000.0,6000.0,,134000.0,2,1K,42.64,9,3,落合駅,3,7.33,145334.05,98445.68,373,1447,1,0.11307985102631185
https://suumo.jp/chintai/jnc_000107216237/?bc=100507042211,プリマベーラ,東京都中野区上高田１,75000.0,4000.0,75000.0,75000.0,1,1K,21.77,31,2,落合駅,10,11.33,145334.05,98445.68,373,1447,1,0.12433709518979669
https://suumo.jp/chintai/jnc_000106072739/?bc=100498550655,東京メトロ東西線 落合駅 6階建 築3年,東京都新宿区高田馬場４,166000.0,20000.0,,,3,1DK,30.78,3,6,落合駅,11,11.67,145334.05,130743.78,373,402,1,0.10587779778760259
https://suumo.jp/chintai/jnc_000106620099/?bc=100502815861,プロヴァンスＡ,東京都中野区東中野３,70000.0,,70000.0,70000.0,2,1R,14.46,33,2,落合駅,3,4.67,145334.05,82826.39,373,879,1,0.066115529068773
https://suumo.jp/chintai/jnc_000106291459/?bc=100504707117,たかはし荘,東京都新宿区上落合３,42000.0,,42000.0,42000.0,1,1R,16.0,57,2,落合駅,4,8.00,145334.05,82826.39,373,879,1,0.04413790890907632
https://suumo.jp/chintai/jnc_000106900553/?bc=100503028776,スカイコート新宿落合第５,東京都新宿区上落合３,69000.0,6000.0,69000.0,69000.0,4,1R,17.16,31,4,落合駅,3,8.67,145334.05,82826.39,373,879,1,0.09279710321518753
https://suumo.jp/chintai/jnc_000106019560/?bc=100505335452,フルールエポワール,東京都中野区東中野４,90000.0,5000.0,90000.0,90000.0,2,1K,20.26,20,4,落合駅,3,3.00,145334.05,98445.68,373,1447,1,0.09977088461602046
https://suumo.jp/chintai/jnc_000106255892/?bc=100500109873,RESIDENCE東中野,東京都中野区東中野５,90000.0,3000.0,90000.0,,3,1R,23.3,20,5,落合駅,8,9.67,145334.05,82826.39,373,879,1,0.09285130445763051
https://suumo.jp/chintai/jnc_000070562054/?bc=100495559381,RESIDENCE東中野,東京都中野区東中野５,83000.0,3500.0,166000.0,83000.0,3,1R,18.71,20,5,落合駅,8,9.67,145334.05,82826.39,373,879,1,0.09539955994367116
https://suumo.jp/chintai/jnc_000107209734/?bc=100480601399,東京メトロ東西線 落合駅 3階建 築4年,東京都新宿区上落合２,369000.0,,369000.0,184500.0,1,2SLDK,78.55,4,3,落合駅,2,8.67,145334.05,276060.00,373,25,-1,-0.022355538184677726
https://suumo.jp/chintai/jnc_000106067457/?bc=100505251064,ふるーる東中野,東京都中野区上高田１,115000.0,5000.0,115000.0,115000.0,2,1K,32.78,20,2,落合駅,6,8.00,145334.05,98445.68,373,1447,1,0.1349538217599492
https://suumo.jp/chintai/jnc_000106168531/?bc=100499629907,セリオ落合東中野,東京都中野区東中野５,253000.0,,253000.0,253000.0,10,2LDK,65.25,12,10,落合駅,7,11.00,145334.05,243512.76,373,392,1,0.02377532709573299
https://suumo.jp/chintai/jnc_000105382003/?bc=100506673868,ペアパレス落合,東京都新宿区上落合３,58000.0,2000.0,58000.0,58000.0,2,1R,15.0,37,2,落合駅,2,5.67,145334.05,82826.39,373,879,1,0.04918798914215805
https://suumo.jp/chintai/jnc_000105901161/?bc=100497004839,東京メトロ東西線 落合駅 6階建 築3年,東京都新宿区高田馬場４,165000.0,20000.0,,,1,1LDK,31.14,3,6,落合駅,11,11.67,145334.05,170377.07,373,811,1,0.06176186994630567
https://suumo.jp/chintai/jnc_000106302646/?bc=100505250574,ＰＲＩＭＥ　ＵＲＢＡＮ　東中野　ＣＯＵＲ,東京都新宿区北新宿４,144000.0,8000.0,144000.0,144000.0,8,1R,25.24,18,10,落合駅,8,10.33,145334.05,82826.39,373,879,1,0.05269007282838567
https://suumo.jp/chintai/jnc_000106863261/?bc=100492688900,ヴィラベルデ落合,東京都中野区東中野５,89000.0,5000.0,89000.0,89000.0,1,1K,21.69,8,3,落合駅,7,8.33,145334.05,98445.68,373,1447,1,0.13902671201648698
https://suumo.jp/chintai/jnc_000106302645/?bc=100500553304,ＰＲＩＭＥ　ＵＲＢＡＮ　東中野　ＣＯＵＲ,東京都新宿区北新宿４,123000.0,8000.0,123000.0,123000.0,7,1R,25.24,18,10,落合駅,8,10.33,145334.05,82826.39,373,879,1,0.06375991383326063
https://suumo.jp/chintai/jnc_000106302641/?bc=100500566883,ＰＲＩＭＥ　ＵＲＢＡＮ　東中野　ＣＯＵＲ,東京都新宿区北新宿４,142000.0,8000.0,142000.0,142000.0,2,1R,25.24,18,10,落合駅,8,10.33,145334.05,82826.39,373,879,1,0.08350789437205747
https://suumo.jp/chintai/jnc_000106569069/?bc=100502762526,レジディア上落合,東京都新宿区上落合３,215000.0,20000.0,215000.0,215000.0,4,1LDK,41.4,20,7,落合駅,3,5.00,145334.05,170377.07,373,811,1,0.010409790110591621
https://suumo.jp/chintai/jnc_000107194828/?bc=100506818475,東京メトロ東西線 落合駅 2階建 築34年,東京都中野区上高田１,75000.0,2000.0,75000.0,75000.0,2,1DK,25.0,34,2,落合駅,10,12.00,145334.05,130743.78,373,402,1,0.11336570229606197
https://suumo.jp/chintai/jnc_000105554303/?bc=100495569409,GM上落合,東京都新宿区上落合３,104000.0,5000.0,104000.0,104000.0,-1,1K,20.03,0,5,落合駅,4,7.00,145334.05,98445.68,373,1447,1,0.1022614001258913
https://suumo.jp/chintai/jnc_000105554305/?bc=100496158341,GM上落合,東京都新宿区上落合３,107000.0,5000.0,107000.0,107000.0,2,1K,20.03,0,5,落合駅,4,7.00,145334.05,98445.68,373,1447,1,0.1271470253585012
https://suumo.jp/chintai/jnc_000106788727/?bc=100506961420,ＪＲ中央線 東中野駅 地下1地上10階建 築18年,東京都新宿区北新宿４,426000.0,17000.0,426000.0,,6,3LDK,82.92,18,11,落合駅,8,10.33,145334.05,281205.13,373,156,-1,-0.05870091742740924
https://suumo.jp/chintai/jnc_000104186916/?bc=100483597131,上高田１丁目戸建,東京都中野区上高田１,230000.0,,230000.0,230000.0,1,4DK,71.2,47,2,落合駅,10,12.00,145334.05,223333.33,373,3,1,0.004860136985227137
https://suumo.jp/chintai/jnc_000104186916/?bc=100483597131,上高田１丁目戸建,東京都中野区上高田１,230000.0,,230000.0,230000.0,2,4DK,71.2,47,2,落合駅,10,12.00,145334.05,223333.33,373,3,1,0.010919897997356931
https://suumo.jp/chintai/jnc_000107155460/?bc=100506529521,HANOVER HOUSE,東京都中野区上高田１,90000.0,6000.0,,90000.0,1,1DK,28.0,22,2,落合駅,9,10.33,145334.05,130743.78,373,402,1,0.14165397094888582
https://suumo.jp/chintai/jnc_000107215502/?bc=100505682371,東京メトロ東西線 落合駅 地上3階建 築4年,東京都新宿区上落合２,369000.0,,369000.0,369000.0,1,3LDK,78.55,4,3,落合駅,2,6.33,145334.05,281205.13,373,156,-1,-0.03275541127000914
https://suumo.jp/chintai/jnc_000107215502/?bc=100505682371,東京メトロ東西線 落合駅 地上3階建 築4年,東京都新宿区上落合２,369000.0,,369000.0,369000.0,2,3LDK,78.55,4,3,落合駅,2,6.33,145334.05,281205.13,373,156,-1,-0.030935038288271266
https://suumo.jp/chintai/jnc_000107215502/?bc=100505682371,東京メトロ東西線 落合駅 地上3階建 築4年,東京都新宿区上落合２,369000.0,,369000.0,369000.0,3,3LDK,78.55,4,3,落合駅,2,6.33,145334.05,281205.13,373,156,-1,-0.036046819903751914
https://suumo.jp/chintai/jnc_000104163317/?bc=100483446787,シーアイマンション東中野パークサイド,東京都中野区東中野５,248000.0,10000.0,496000.0,248000.0,2,2LDK,55.26,32,6,落合駅,6,8.00,145334.05,243512.76,373,392,1,0.07795715100163997
https://suumo.jp/chintai/jnc_000106492907/?bc=100502074987,ＰＲＩＭＥ　ＵＲＢＡＮ　東中野　ＣＯＵＲ,東京都新宿区北新宿４,147000.0,8000.0,147000.0,147000.0,9,1K,25.64,18,10,落合駅,8,10.33,145334.05,98445.68,373,1447,1,0.09302432116059361
https://suumo.jp/chintai/jnc_000106508760/?bc=100502113688,ジ・アパートメント ヒルトップ中野,東京都中野区中野６,180000.0,5000.0,180000.0,180000.0,7,2LDK,48.67,24,12,落合駅,11,12.33,145334.05,243512.76,373,392,1,0.014682641852839629
https://suumo.jp/chintai/jnc_000104668784/?bc=100488386692,ジ・アパートメント ヒルトップ中野,東京都中野区中野６,174000.0,5000.0,174000.0,174000.0,4,2LDK,51.02,24,12,落合駅,11,12.33,145334.05,243512.76,373,392,1,0.02918431264363086
https://suumo.jp/chintai/jnc_000106996319/?bc=100505704805,サンフラワー,東京都中野区上高田１,178000.0,12000.0,178000.0,178000.0,3,2LDK,66.31,29,5,落合駅,9,11.00,145334.05,243512.76,373,392,1,0.061053789617416365
https://suumo.jp/chintai/jnc_000104623859/?bc=100500498886,パティオ右近,東京都新宿区上落合２,245000.0,19000.0,245000.0,245000.0,9,2LDK,72.64,43,12,落合駅,3,4.33,145334.05,243512.76,373,392,-1,-0.059522058679994605
https://suumo.jp/chintai/jnc_000106900554/?bc=100504616333,スカイコート新宿落合第５,東京都新宿区上落合３,68000.0,6000.0,68000.0,,4,1R,17.16,31,4,落合駅,3,8.67,145334.05,82826.39,373,879,1,0.09279710321518753
https://suumo.jp/chintai/jnc_000106684433/?bc=100506963670,８７ｈｏｕｓｅ０２,東京都中野区東中野４,69000.0,3000.0,,,2,1R,10.85,17,2,落合駅,5,6.67,145334.05,82826.39,373,879,1,0.08198626118528529
https://suumo.jp/chintai/jnc_000105528178/?bc=100506673848,８７ｈｏｕｓｅ０２,東京都中野区東中野４,66000.0,4000.0,,,2,1R,10.85,17,2,落合駅,5,6.67,145334.05,82826.39,373,879,1,0.09128372910808952
https://suumo.jp/chintai/jnc_000103006526/?bc=100502880788,８７ｈｏｕｓｅ０２,東京都中野区東中野４,67000.0,3000.0,,,1,1R,11.53,17,2,落合駅,5,6.67,145334.05,82826.39,373,879,1,0.08062524134126059
https://suumo.jp/chintai/jnc_000106650629/?bc=100501004973,ＪＲ総武線 東中野駅 8階建 築22年,東京都新宿区上落合２,125000.0,7000.0,125000.0,,1,1DK,36.11,22,8,落合駅,6,9.67,145334.05,130743.78,373,402,1,0.14124977529966548
https://suumo.jp/chintai/jnc_000106061579/?bc=100502500535,ザ・パークハウス東中野プレイス,東京都中野区東中野５,350000.0,,350000.0,350000.0,7,2LDK,56.63,1,19,落合駅,6,8.67,145334.05,243512.76,373,392,-1,-0.007690721332714645
https://suumo.jp/chintai/jnc_000105544727/?bc=100494255642,ＪＲ中央線 東中野駅 2階建 築17年,東京都中野区東中野４,66000.0,4000.0,,,2,1R,10.85,17,2,落合駅,5,6.67,145334.05,82826.39,373,879,1,0.09128372910808952
https://suumo.jp/chintai/jnc_000107154864/?bc=100506649713,ラ・セルジュ新宿落合　事務可　敷礼無　ロフト　外国籍相談　宅配BOX有,東京都新宿区上落合２,80000.0,4000.0,,,2,1R,22.73,21,2,落合駅,3,3.67,145334.05,82826.39,373,879,1,0.05971925866776179
https://suumo.jp/chintai/jnc_000106330668/?bc=100502947239,ＪＲ総武線 東中野駅 8階建 築22年,東京都新宿区上落合２,131000.0,7000.0,131000.0,131000.0,1,1DK,36.11,22,8,落合駅,6,9.67,145334.05,130743.78,373,402,1,0.14124977529966548
https://suumo.jp/chintai/jnc_000106783611/?bc=100504688432,東京メトロ東西線 落合駅 9階建 築22年,東京都新宿区上落合３,130000.0,11000.0,130000.0,130000.0,9,1DK,31.66,22,9,落合駅,1,4.33,145334.05,130743.78,373,402,1,0.032356640004370774
https://suumo.jp/chintai/jnc_000104608773/?bc=100504968275,コーポ偕和１,東京都中野区東中野３,73000.0,,73000.0,73000.0,2,1R,19.8,35,2,落合駅,4,6.33,145334.05,82826.39,373,879,1,0.08642698241859753
https://suumo.jp/chintai/jnc_000106145822/?bc=100487433396,ＰＲＩＭＥ　ＵＲＢＡＮ　東中野　ＣＯＵＲ,東京都新宿区北新宿４,432000.0,17000.0,432000.0,,6,3LDK,82.92,18,10,落合駅,8,10.33,145334.05,281205.13,373,156,-1,-0.05791754128300308
https://suumo.jp/chintai/jnc_000106342709/?bc=100500795438,パークヒルズ落合,東京都新宿区上落合１,83000.0,7000.0,83000.0,83000.0,2,1R,21.25,27,12,落合駅,5,7.67,145334.05,82826.39,373,879,1,0.0717379260340959
https://suumo.jp/chintai/jnc_000106342710/?bc=100500795052,パークヒルズ落合,東京都新宿区上落合１,87000.0,7000.0,87000.0,87000.0,6,1R,21.25,27,12,落合駅,5,7.67,145334.05,82826.39,373,879,1,0.05368799608023933
https://suumo.jp/chintai/jnc_000099125213/?bc=100494574687,ＰＲＩＭＥ　ＵＲＢＡＮ　東中野　ＣＯＵＲ,東京都新宿区北新宿４,198000.0,13000.0,198000.0,,1,1LDK,44.31,18,10,落合駅,8,10.33,145334.05,170377.07,373,811,1,0.07925455726234726
https://suumo.jp/chintai/jnc_000105679504/?bc=100495932998,ハーモニーテラス上??,東京都中野区上高田１,65000.0,4000.0,,65000.0,1,1R,10.53,7,2,落合駅,8,9.33,145334.05,82826.39,373,879,1,0.08940206824657332
https://suumo.jp/chintai/jnc_000106342715/?bc=100500940525,プレール高田馬場,東京都新宿区高田馬場３,107000.0,11000.0,,107000.0,1,1K,23.08,24,5,落合駅,9,11.33,145334.05,98445.68,373,1447,1,0.13351361271298406
https://suumo.jp/chintai/jnc_000105788351/?bc=100506223447,プレール高田馬場,東京都新宿区高田馬場３,84000.0,10000.0,84000.0,84000.0,3,1K,23.13,24,5,落合駅,9,11.33,145334.05,98445.68,373,1447,1,0.13925152496413268
https://suumo.jp/chintai/jnc_000106102347/?bc=100502953796,ハーモニーテラス上??,東京都中野区上高田１,66000.0,4000.0,,66000.0,2,1R,10.74,7,2,落合駅,8,9.33,145334.05,82826.39,373,879,1,0.09267320069596535
https://suumo.jp/chintai/jnc_000091994713/?bc=100506674524,Ｍｏｎｔｅ Ｈ・Ｋ,東京都中野区東中野４,119000.0,9000.0,119000.0,119000.0,4,1K,27.47,2,8,落合駅,3,7.33,145334.05,98445.68,373,1447,1,0.11182014327304046
https://suumo.jp/chintai/jnc_000106624150/?bc=100482262890,ＪＲ中央線 東中野駅 10階建 築18年,東京都新宿区北新宿４,428000.0,17000.0,428000.0,,6,3LDK,82.92,18,10,落合駅,8,8.67,145334.05,281205.13,373,156,-1,-0.05892022224208515
https://suumo.jp/chintai/jnc_000104116873/?bc=100505138325,T’s Cuore MUSE落合,東京都新宿区上落合１,127000.0,7000.0,127000.0,,1,1SK,23.6,0,3,落合駅,5,5.67,145334.05,138076.92,373,13,1,0.045104020669680334
https://suumo.jp/chintai/jnc_000082302527/?bc=100506674051,プレステージ上落合,東京都新宿区上落合３,57000.0,2000.0,57000.0,57000.0,2,1K,16.2,33,2,落合駅,7,9.00,145334.05,98445.68,373,1447,1,0.10085957978870858
https://suumo.jp/chintai/jnc_000105799078/?bc=100502902435,エルミ上落合,東京都新宿区上落合３,228000.0,20000.0,228000.0,228000.0,3,2LDK,52.47,1,4,落合駅,3,6.67,145334.05,243512.76,373,392,1,0.045963971102697954
https://suumo.jp/chintai/jnc_000106508064/?bc=100506823153,ＪＲ中央線 東中野駅 10階建 築18年,東京都新宿区北新宿４,130000.0,8000.0,130000.0,130000.0,6,1K,25.64,18,10,落合駅,8,8.67,145334.05,98445.68,373,1447,1,0.10316299735171885
https://suumo.jp/chintai/jnc_000107209732/?bc=100486883700,Kolet落合#02,東京都新宿区上落合２,369000.0,,369000.0,184500.0,1,2SLDK,78.55,4,3,落合駅,2,6.00,145334.05,276060.00,373,25,-1,-0.02588383128551852
https://suumo.jp/chintai/jnc_000106389433/?bc=100480853626,Kolet落合#02,東京都新宿区上落合２,370000.0,,370000.0,370000.0,1,2SLDK,78.55,4,3,落合駅,2,6.00,145334.05,276060.00,373,25,-1,-0.02588383128551852
https://suumo.jp/chintai/jnc_000105577712/?bc=100487487418,ハーモニーテラス上落合,東京都新宿区上落合３,71000.0,4000.0,,71000.0,1,1R,10.06,9,2,落合駅,1,5.33,145334.05,82826.39,373,879,1,0.03368856678217458
https://suumo.jp/chintai/jnc_000106466767/?bc=100501557183,スカイコート新宿落合第５,東京都新宿区上落合３,70000.0,5000.0,70000.0,70000.0,3,1R,17.28,31,4,落合駅,3,8.67,145334.05,82826.39,373,879,1,0.10021503096894024
https://suumo.jp/chintai/jnc_000105863192/?bc=100496984170,セリュークス高田馬場,東京都新宿区高田馬場３,174000.0,11000.0,,174000.0,5,1K,30.81,11,5,落合駅,8,9.33,145334.05,98445.68,373,1447,1,0.10556341900413513
https://suumo.jp/chintai/jnc_000106689141/?bc=100501848148,ＰＲＩＭＥ　ＵＲＢＡＮ　東中野　ＣＯＵＲ,東京都新宿区北新宿４,426000.0,17000.0,426000.0,,6,3LDK,82.92,18,10,落合駅,8,10.33,145334.05,281205.13,373,156,-1,-0.05791754128300308
https://suumo.jp/chintai/jnc_000106460174/?bc=100501982204,ＦＬＡＭＰ,東京都新宿区上落合３,159000.0,12000.0,159000.0,159000.0,8,1SLDK,40.34,20,16,落合駅,1,4.33,145334.05,231590.91,373,33,-1,-0.021866478833309166
https://suumo.jp/chintai/jnc_000104928089/?bc=100491452176,メゾン エフ,東京都新宿区上落合３,180000.0,5000.0,180000.0,90000.0,2,3DK,47.46,30,2,落合駅,3,6.00,145334.05,180500.00,373,16,1,0.04229588293411002
https://suumo.jp/chintai/jnc_000105999411/?bc=100497938429,東京メトロ東西線 落合駅 地下2地上14階建 築20年,東京都新宿区上落合３,140000.0,10000.0,140000.0,140000.0,4,1R,34.83,20,16,落合駅,2,4.67,145334.05,82826.39,373,879,1,0.010795219855909255
https://suumo.jp/chintai/jnc_000105826271/?bc=100496710290,ＪＲ総武線 東中野駅 2階建 築11年,東京都中野区東中野５,71000.0,4000.0,,71000.0,1,1R,12.01,11,2,落合駅,6,8.67,145334.05,82826.39,373,879,1,0.09952329796241399
https://suumo.jp/chintai/jnc_000105901132/?bc=100500370142,グラングラッセ,東京都新宿区上落合２,187000.0,6000.0,187000.0,187000.0,3,1LDK,43.69,0,3,落合駅,1,5.00,145334.05,170377.07,373,811,1,0.05308233904436199
https://suumo.jp/chintai/jnc_000106472478/?bc=100501893071,東京メトロ東西線 落合駅 地下2地上14階建 築20年,東京都新宿区上落合３,159000.0,12000.0,159000.0,159000.0,8,1SLDK,40.34,20,16,落合駅,2,4.67,145334.05,231590.91,373,33,-1,-0.01035658318952204
https://suumo.jp/chintai/jnc_000106627957/?bc=100442300213,ＪＲ中央線 東中野駅 10階建 築18年,東京都新宿区北新宿４,199000.0,13000.0,199000.0,,1,1LDK,44.31,18,10,落合駅,8,8.67,145334.05,170377.07,373,811,1,0.07845591698574539
https://suumo.jp/chintai/jnc_000106423409/?bc=100501416560,東京メトロ東西線 落合駅 5階建 築20年,東京都中野区東中野５,90000.0,3000.0,90000.0,,3,1R,23.3,20,5,落合駅,8,9.67,145334.05,82826.39,373,879,1,0.09285130445763051
https://suumo.jp/chintai/jnc_000105984191/?bc=100503345177,東京メトロ東西線 落合駅 2階建 築4年,東京都中野区上高田１,141000.0,6000.0,141000.0,141000.0,1,1SLDK,32.92,4,2,落合駅,9,10.67,145334.05,231590.91,373,33,1,0.059497480497753996
https://suumo.jp/chintai/jnc_000105984191/?bc=100503345177,東京メトロ東西線 落合駅 2階建 築4年,東京都中野区上高田１,141000.0,6000.0,141000.0,141000.0,2,1SLDK,32.92,4,2,落合駅,9,10.67,145334.05,231590.91,373,33,1,0.06536999268770444
https://suumo.jp/chintai/jnc_000105892985/?bc=100497668713,レジディア高田馬場,東京都新宿区高田馬場４,165000.0,20000.0,,,2,1DK,30.78,3,6,落合駅,11,11.67,145334.05,130743.78,373,402,1,0.10657212212852912
https://suumo.jp/chintai/jnc_000105689330/?bc=100495302488,プレディア東中野,東京都中野区東中野５,295000.0,27500.0,,295000.0,1,2LDK,55.94,4,6,落合駅,5,8.00,145334.05,243512.76,373,392,1,0.027633265631155146
https://suumo.jp/chintai/jnc_000106628583/?bc=100495649221,東京メトロ東西線 落合駅 5階建 築20年,東京都中野区東中野５,83000.0,3500.0,166000.0,83000.0,3,1R,18.71,20,5,落合駅,8,9.67,145334.05,82826.39,373,879,1,0.09539955994367116
https://suumo.jp/chintai/jnc_000106732511/?bc=100503524822,第二百萬石マンション,東京都中野区東中野５,114000.0,5000.0,114000.0,,3,2DK,42.12,55,5,落合駅,7,11.00,145334.05,135945.31,373,128,1,0.046060107631614944
https://suumo.jp/chintai/jnc_000106039201/?bc=100498773653,東京メトロ東西線 落合駅 3階建 築34年,東京都中野区東中野５,129000.0,5000.0,129000.0,129000.0,2,2DK,42.12,34,3,落合駅,6,10.33,145334.05,135945.31,373,128,1,0.0703813579342667
https://suumo.jp/chintai/jnc_000106039200/?bc=100500551874,東京メトロ東西線 落合駅 3階建 築34年,東京都中野区東中野５,127000.0,5000.0,127000.0,127000.0,2,2DK,42.12,34,3,落合駅,6,10.33,145334.05,135945.31,373,128,1,0.0703813579342667
https://suumo.jp/chintai/jnc_000106346630/?bc=100149793099,アートパレス落合,東京都新宿区上落合３,58000.0,2000.0,,58000.0,2,1K,13.25,37,2,落合駅,5,7.67,145334.05,98445.68,373,1447,1,0.08590202045767487
https://suumo.jp/chintai/jnc_000106168532/?bc=100501091341,セリオ落合東中野,東京都中野区東中野５,108000.0,,108000.0,108000.0,4,1K,25.23,12,10,落合駅,7,11.00,145334.05,98445.68,373,1447,1,0.14083495305471738
https://suumo.jp/chintai/jnc_000105721180/?bc=100504838378,アージュドール上落合,東京都新宿区上落合３,94000.0,5000.0,47000.0,94000.0,1,1K,20.17,6,5,落合駅,3,5.67,145334.05,98445.68,373,1447,1,0.11742813954954268
https://suumo.jp/chintai/jnc_000106689126/?bc=100487846148,レジディア上落合,東京都新宿区上落合３,209000.0,20000.0,209000.0,,4,1LDK,41.4,20,7,落合駅,3,5.00,145334.05,170377.07,373,811,1,0.01354467964266537
https://suumo.jp/chintai/jnc_000106255411/?bc=100500054361,東京メトロ東西線 落合駅 2階建 築37年,東京都新宿区上落合３,115000.0,3000.0,115000.0,115000.0,2,1DK,32.78,37,2,落合駅,6,7.67,145334.05,130743.78,373,402,1,0.13172370834853747
https://suumo.jp/chintai/jnc_000107194867/?bc=100506843870,ＪＲ総武線 東中野駅 3階建 築17年,東京都中野区東中野４,156000.0,4000.0,156000.0,156000.0,3,2DK,40.0,17,3,落合駅,4,5.67,145334.05,135945.31,373,128,1,0.04987729472536406
https://suumo.jp/chintai/jnc_000106662777/?bc=100503345162,東京メトロ東西線 落合駅 12階建 築27年,東京都新宿区上落合１,112000.0,7000.0,112000.0,112000.0,10,1DK,33.79,27,12,落合駅,5,7.67,145334.05,130743.78,373,402,1,0.07063944933572558
https://suumo.jp/chintai/jnc_000104499538/?bc=100504296810,ＪＲ総武線 東中野駅 8階建 築37年,東京都中野区東中野３,124000.0,6000.0,124000.0,124000.0,5,2DK,36.8,37,8,落合駅,1,8.33,145334.05,135945.31,373,128,1,0.02375560289712969
https://suumo.jp/chintai/jnc_000106492908/?bc=100504299520,ＪＲ中央線 東中野駅 10階建 築18年,東京都新宿区北新宿４,248000.0,13000.0,248000.0,248000.0,6,1LDK,46.42,18,10,落合駅,8,8.67,145334.05,170377.07,373,811,1,0.049083329288253985
https://suumo.jp/chintai/jnc_000106900556/?bc=100504531684,東京メトロ東西線 落合駅 4階建 築31年,東京都新宿区上落合３,68000.0,6000.0,68000.0,,4,1R,17.16,31,4,落合駅,3,6.67,145334.05,82826.39,373,879,1,0.086990007512184
https://suumo.jp/chintai/jnc_000106900555/?bc=100504348958,東京メトロ東西線 落合駅 4階建 築31年,東京都新宿区上落合３,68000.0,5000.0,68000.0,68000.0,2,1R,17.16,31,4,落合駅,3,6.67,145334.05,82826.39,373,879,1,0.09524004017581728
https://suumo.jp/chintai/jnc_000106870802/?bc=100506674005,東京メトロ東西線 落合駅 3階建 築6年,東京都中野区上高田１,150000.0,11000.0,,150000.0,2,1R,30.77,6,3,落合駅,2,6.00,145334.05,82826.39,373,879,1,0.05821761738117087
https://suumo.jp/chintai/jnc_000103695155/?bc=100472260496,東京メトロ東西線 落合駅 地下1地上3階建 新築,東京都中野区上高田１,225000.0,15000.0,,,3,1LDK,40.6,0,4,落合駅,9,10.67,145334.05,170377.07,373,811,1,0.09485311781979727
https://suumo.jp/chintai/jnc_000104492008/?bc=100504010360,アーサメイジャー,東京都中野区東中野３,124000.0,6000.0,124000.0,124000.0,5,2DK,36.8,37,8,落合駅,1,8.33,145334.05,135945.31,373,128,1,0.02375560289712969
https://suumo.jp/chintai/jnc_000105843425/?bc=100496673720,東京メトロ東西線 落合駅 地下1地上3階建 新築,東京都中野区上高田１,230000.0,15000.0,,,3,1LDK,40.32,0,4,落合駅,9,10.67,145334.05,170377.07,373,811,1,0.09445551801408753
https://suumo.jp/chintai/jnc_000106102348/?bc=100503024417,東京メトロ東西線 落合駅 2階建 築7年,東京都中野区上高田１,66000.0,4000.0,,66000.0,2,1R,10.74,7,2,落合駅,8,11.33,145334.05,82826.39,373,879,1,0.09582355979056567
https://suumo.jp/chintai/jnc_000105722049/?bc=100496877950,東京メトロ東西線 落合駅 2階建 築7年,東京都中野区上高田１,65000.0,4000.0,,65000.0,1,1R,10.53,7,2,落合駅,8,11.33,145334.05,82826.39,373,879,1,0.09228680972431341
https://suumo.jp/chintai/jnc_000107194866/?bc=100506801346,マキ東中野,東京都中野区東中野４,156000.0,4000.0,156000.0,156000.0,3,2DK,40.0,17,3,落合駅,4,5.67,145334.05,135945.31,373,128,1,0.04987729472536406
https://suumo.jp/chintai/jnc_000105917872/?bc=100492341601,東京メトロ東西線 落合駅 地下1地上3階建 新築,東京都中野区上高田１,223000.0,15000.0,,,1,1LDK,40.32,0,4,落合駅,9,10.67,145334.05,170377.07,373,811,1,0.09294050988962177
https://suumo.jp/chintai/jnc_000106316016/?bc=100500563939,上高田マンション,東京都中野区上高田１,145000.0,,145000.0,145000.0,4,3DK,48.21,56,11,落合駅,5,7.67,145334.05,180500.00,373,16,1,0.014238745585160806
https://suumo.jp/chintai/jnc_000106913363/?bc=100505146280,東京メトロ東西線 落合駅 2階建 築46年,東京都新宿区上落合２,84000.0,,84000.0,,1,1R,18.47,46,2,落合駅,3,6.67,145334.05,82826.39,373,879,1,0.06865865885937461
https://suumo.jp/chintai/jnc_000104951306/?bc=100504359112,東京メトロ東西線 落合駅 2階建 築44年,東京都中野区上高田１,73000.0,2000.0,73000.0,,1,1R,18.0,44,2,落合駅,12,13.67,145334.05,82826.39,373,879,1,0.03764785013371519
https://suumo.jp/chintai/jnc_000106991492/?bc=100505573995,ＦＬＡＭＰ,東京都新宿区上落合３,231000.0,16000.0,231000.0,231000.0,12,1LDK,53.92,20,16,落合駅,1,4.33,145334.05,170377.07,373,811,-1,-0.0541908479213683
https://suumo.jp/chintai/jnc_000106281674/?bc=100500390949,東京メトロ東西線 落合駅 2階建 築3年,東京都中野区東中野５,93000.0,5000.0,93000.0,93000.0,1,1R,18.21,3,2,落合駅,6,8.00,145334.05,82826.39,373,879,1,0.09893906119699553
https://suumo.jp/chintai/jnc_000106433021/?bc=100504529605,東京メトロ東西線 落合駅 2階建 築22年,東京都中野区上高田４,57000.0,6000.0,,,1,1R,12.58,22,2,落合駅,7,8.33,145334.05,82826.39,373,879,1,0.08815596714958585
https://suumo.jp/chintai/jnc_000106863260/?bc=100506804084,プラウドフラット東中野,東京都中野区東中野５,190000.0,12000.0,190000.0,190000.0,3,1LDK,40.61,12,10,落合駅,4,7.67,145334.05,170377.07,373,811,1,0.08103532646674577
https://suumo.jp/chintai/jnc_000106801475/?bc=100504048210,東京メトロ東西線 落合駅 11階建 築22年,東京都新宿区上落合３,161000.0,12000.0,,,8,1DK,32.04,22,11,落合駅,6,9.33,145334.05,130743.78,373,402,1,0.10632793484917746
https://suumo.jp/chintai/jnc_000106019563/?bc=100498610664,エンゼルハイム東中野,東京都中野区東中野５,127000.0,5000.0,127000.0,127000.0,2,2DK,42.12,34,3,落合駅,6,10.33,145334.05,135945.31,373,128,1,0.0703813579342667
https://suumo.jp/chintai/jnc_000106019564/?bc=100498641461,エンゼルハイム東中野,東京都中野区東中野５,129000.0,5000.0,129000.0,129000.0,2,2DK,42.12,34,3,落合駅,6,10.33,145334.05,135945.31,373,128,1,0.0703813579342667
https://suumo.jp/chintai/jnc_000107216269/?bc=100507002245,エンゼルハイム東中野,東京都中野区東中野５,129000.0,5000.0,129000.0,129000.0,3,2DK,42.12,34,3,落合駅,6,10.33,145334.05,135945.31,373,128,1,0.06922422217253987
https://suumo.jp/chintai/jnc_000105528177/?bc=100502735333,リリエンベルグ弐番館,東京都中野区東中野３,170000.0,12000.0,,170000.0,8,1LDK,40.26,21,9,落合駅,3,5.67,145334.05,170377.07,373,811,1,0.0303549127670642
https://suumo.jp/chintai/jnc_000082420148/?bc=100506501051,東京メトロ東西線 落合駅 2階建 築33年,東京都新宿区上落合３,57000.0,2000.0,57000.0,57000.0,2,1K,16.2,33,2,落合駅,4,6.33,145334.05,98445.68,373,1447,1,0.07685579942272586
https://suumo.jp/chintai/jnc_000106740222/?bc=100505025681,東京メトロ東西線 落合駅 2階建 築20年,東京都中野区上高田１,115000.0,5000.0,,115000.0,2,1K,32.78,20,2,落合駅,6,8.00,145334.05,98445.68,373,1447,1,0.1349538217599492
https://suumo.jp/chintai/jnc_000105799079/?bc=100496724017,ファーストシティ上落合,東京都新宿区上落合３,160000.0,9000.0,160000.0,160000.0,8,2DK,44.9,32,13,落合駅,4,7.33,145334.05,135945.31,373,128,-1,-0.005194150425378963
https://suumo.jp/chintai/jnc_000106655063/?bc=100503522022,ＮＴＫハイム,東京都新宿区上落合２,104000.0,4000.0,104000.0,104000.0,2,1LDK,35.0,41,3,落合駅,1,5.33,145334.05,170377.07,373,811,1,0.044953759764835455
https://suumo.jp/chintai/jnc_000106772325/?bc=100494377030,グレ－スハイツ,東京都中野区東中野４,170000.0,,170000.0,170000.0,2,2DK,52.22,38,5,落合駅,4,7.00,145334.05,135945.31,373,128,1,0.04033425444978572
https://suumo.jp/chintai/jnc_000102951930/?bc=100480120665,プラチナフォルム東中野,東京都中野区東中野４,179000.0,6000.0,,268500.0,1,1LDK,47.6,9,3,落合駅,3,7.33,145334.05,170377.07,373,811,1,0.09999615151865221
https://suumo.jp/chintai/jnc_000102951930/?bc=100480120665,プラチナフォルム東中野,東京都中野区東中野４,179000.0,6000.0,,268500.0,2,1LDK,47.6,9,3,落合駅,3,7.33,145334.05,170377.07,373,811,1,0.10401188887552854
https://suumo.jp/chintai/jnc_000102951930/?bc=100480120665,プラチナフォルム東中野,東京都中野区東中野４,179000.0,6000.0,,268500.0,3,1LDK,47.6,9,3,落合駅,3,7.33,145334.05,170377.07,373,811,1,0.10320974763024099
https://suumo.jp/chintai/jnc_000106145811/?bc=100505271837,東京メトロ東西線 落合駅 2階建 築2年,東京都新宿区上落合１,150000.0,3000.0,150000.0,150000.0,2,1LDK,42.23,2,2,落合駅,6,8.33,145334.05,170377.07,373,811,1,0.0838313819879763
https://suumo.jp/chintai/jnc_000107016029/?bc=100506035110,グローリス中野,東京都中野区中野６,165000.0,5000.0,165000.0,165000.0,3,2DK,45.0,31,4,落合駅,9,11.00,145334.05,135945.31,373,128,1,0.06389561018386186
https://suumo.jp/chintai/jnc_000097528986/?bc=100457154198,ブルーム,東京都中野区東中野４,185000.0,8000.0,185000.0,370000.0,1,1LDK,46.56,2,4,落合駅,3,5.67,145334.05,170377.07,373,811,1,0.08692416457010438
https://suumo.jp/chintai/jnc_000106772314/?bc=100503859478,グローリス中野,東京都中野区中野６,172000.0,5000.0,172000.0,172000.0,4,2DK,44.56,31,4,落合駅,9,11.00,145334.05,135945.31,373,128,1,0.05494149369090828
https://suumo.jp/chintai/jnc_000106900810/?bc=100504817852,東京メトロ東西線 落合駅 2階建 築10年,東京都中野区上高田１,90000.0,7500.0,,90000.0,2,1K,22.75,10,2,落合駅,8,10.33,145334.05,98445.68,373,1447,1,0.1426225410124734
https://suumo.jp/chintai/jnc_000106248862/?bc=100500054372,東京メトロ東西線 落合駅 2階建 築37年,東京都新宿区上落合３,70000.0,3000.0,70000.0,70000.0,1,1K,16.82,37,2,落合駅,6,7.67,145334.05,98445.68,373,1447,1,0.11035618074044456
https://suumo.jp/chintai/jnc_000107088143/?bc=100506309106,サンハイツ落合,東京都中野区東中野３,120000.0,10000.0,120000.0,120000.0,6,2DK,36.2,60,8,落合駅,1,3.67,145334.05,135945.31,373,128,-1,-0.05357900809058713
https://suumo.jp/chintai/jnc_000106863259/?bc=100502035268,東京メトロ東西線 落合駅 2階建 築39年,東京都中野区東中野４,60000.0,3000.0,,,1,1K,12.37,39,2,落合駅,1,5.33,145334.05,98445.68,373,1447,1,0.05073238456959711
https://suumo.jp/chintai/jnc_000101224221/?bc=100492341577,東京メトロ東西線 落合駅 地下1地上3階建 新築,東京都中野区上高田１,213000.0,15000.0,,,1,1LDK,37.76,0,4,落合駅,9,10.67,145334.05,170377.07,373,811,1,0.09600202122204499
https://suumo.jp/chintai/jnc_000106777570/?bc=100504359160,東京メトロ東西線 落合駅 10階建 築17年,東京都新宿区上落合２,101800.0,7200.0,101800.0,101800.0,9,1K,20.89,17,10,落合駅,3,6.33,145334.05,98445.68,373,1447,1,0.05860881359049369
https://suumo.jp/chintai/jnc_000106756588/?bc=100503722106,東京メトロ東西線 落合駅 10階建 築12年,東京都中野区東中野５,132000.0,8000.0,132000.0,132000.0,5,1K,25.1,12,10,落合駅,4,7.00,145334.05,98445.68,373,1447,1,0.11110817749276608
https://suumo.jp/chintai/jnc_000106113530/?bc=100498995314,東京メトロ東西線 落合駅 10階建 築12年,東京都中野区東中野５,128000.0,8000.0,128000.0,128000.0,2,1K,25.1,12,10,落合駅,4,7.00,145334.05,98445.68,373,1447,1,0.11839851888269826
https://suumo.jp/chintai/jnc_000104156186/?bc=100498679286,東京メトロ東西線 落合駅 3階建 新築,東京都新宿区上落合１,127000.0,7000.0,127000.0,,1,1K,23.6,0,3,落合駅,5,7.00,145334.05,98445.68,373,1447,1,0.13060645400348403
https://suumo.jp/chintai/jnc_000104316349/?bc=100484759714,東京メトロ東西線 落合駅 3階建 築11年,東京都新宿区上落合３,95000.0,2000.0,,,1,1K,24.84,11,3,落合駅,5,10.00,145334.05,98445.68,373,1447,1,0.11803185127165139
https://suumo.jp/chintai/jnc_000106423380/?bc=100501104867,IMA HIGASHI-NAKANO,東京都中野区上高田１,136000.0,5000.0,,141000.0,1,1DK,25.02,0,3,落合駅,8,9.00,145334.05,130743.78,373,402,1,0.14196055564338816
https://suumo.jp/chintai/jnc_000105637666/?bc=100495755897,ソフィアＫ（ソフィアケー）,東京都中野区東中野５,128000.0,2000.0,128000.0,256000.0,1,1LDK,36.64,17,2,落合駅,7,10.00,145334.05,170377.07,373,811,1,0.07778134848798918
https://suumo.jp/chintai/jnc_000106587318/?bc=100506673916,東京メトロ東西線 落合駅 3階建 築38年,東京都新宿区上落合３,65000.0,3000.0,,32500.0,1,1K,16.5,38,3,落合駅,4,7.33,145334.05,98445.68,373,1447,1,0.09725661476495129
https://suumo.jp/chintai/jnc_000106192332/?bc=100502075338,東京メトロ東西線 落合駅 3階建 築6年,東京都中野区上高田１,118000.0,15000.0,,118000.0,3,1K,26.06,6,3,落合駅,2,6.00,145334.05,98445.68,373,1447,1,0.08247206155203396
https://suumo.jp/chintai/jnc_000106204954/?bc=100505822124,東京メトロ東西線 落合駅 3階建 築9年,東京都中野区東中野４,134000.0,6000.0,,134000.0,2,1K,42.64,9,3,落合駅,3,7.00,145334.05,98445.68,373,1447,1,0.10915189419418808
https://suumo.jp/chintai/jnc_000104186371/?bc=100488217145,東京メトロ東西線 落合駅 4階建 新築,東京都新宿区上落合３,128000.0,20000.0,128000.0,128000.0,1,1K,31.68,0,4,落合駅,6,9.67,145334.05,98445.68,373,1447,1,0.09086414413069893
https://suumo.jp/chintai/jnc_000106881741/?bc=100374973371,東京メトロ東西線 落合駅 4階建 築21年,東京都新宿区上落合３,87000.0,4000.0,87000.0,87000.0,4,1K,19.06,21,4,落合駅,2,5.00,145334.05,98445.68,373,1447,1,0.09258255971026702
https://suumo.jp/chintai/jnc_000072080013/?bc=100504359275,東京メトロ東西線 落合駅 4階建 築24年,東京都中野区上高田１,75000.0,3000.0,75000.0,,4,1K,18.58,24,4,落合駅,12,13.00,145334.05,98445.68,373,1447,1,0.07979871126113641
https://suumo.jp/chintai/jnc_000099610767/?bc=100440613365,東京メトロ東西線 落合駅 4階建 築38年,東京都新宿区上落合３,60000.0,5000.0,60000.0,60000.0,2,1K,18.76,38,4,落合駅,3,6.67,145334.05,98445.68,373,1447,1,0.11100241127685917
https://suumo.jp/chintai/jnc_000107052838/?bc=100506030892,東京メトロ東西線 落合駅 2階建 築18年,東京都新宿区上落合１,63000.0,4000.0,,,2,1R,9.7,18,2,落合駅,5,9.00,145334.05,82826.39,373,879,1,0.10213305890703339
https://suumo.jp/chintai/jnc_000106689142/?bc=100482444116,ＪＲ中央線 東中野駅 10階建 築18年,東京都新宿区北新宿４,426000.0,17000.0,426000.0,,6,3LDK,82.92,18,10,落合駅,8,8.67,145334.05,281205.13,373,156,-1,-0.05892022224208515
https://suumo.jp/chintai/jnc_000067262830/?bc=100506955663,ポアーエ,東京都中野区東中野３,58000.0,2000.0,58000.0,58000.0,2,1K,16.5,53,2,落合駅,2,3.50,145334.05,98445.68,373,1447,1,0.021379702499518816
https://suumo.jp/chintai/jnc_000106756204/?bc=100503817320,東京メトロ東西線 落合駅 4階建 築5年,東京都新宿区上落合１,108500.0,12000.0,108500.0,108500.0,3,1K,25.54,5,4,落合駅,4,6.33,145334.05,98445.68,373,1447,1,0.11575074248505535
https://suumo.jp/chintai/jnc_000105806865/?bc=100496711464,東京メトロ東西線 落合駅 4階建 築7年,東京都新宿区上落合１,115000.0,10000.0,,,4,1K,26.51,7,4,落合駅,4,7.00,145334.05,98445.68,373,1447,1,0.12063345997358316
https://suumo.jp/chintai/jnc_000107117101/?bc=100506276531,東京メトロ東西線 落合駅 8階建 築60年,東京都中野区東中野３,120000.0,10000.0,120000.0,120000.0,6,2DK,36.2,60,8,落合駅,1,3.67,145334.05,135945.31,373,128,-1,-0.05357900809058713
https://suumo.jp/chintai/jnc_000106777569/?bc=100503890676,東京メトロ東西線 落合駅 5階建 新築,東京都新宿区上落合２,220000.0,,220000.0,880000.0,5,1K,30.33,0,5,落合駅,1,7.33,145334.05,98445.68,373,1447,1,0.0824498761675283
https://suumo.jp/chintai/jnc_000107045021/?bc=100489719461,尾棹ビル,東京都新宿区上落合２,95000.0,,95000.0,95000.0,4,2DK,32.0,48,4,落合駅,7,8.00,145334.05,135945.31,373,128,1,0.05076908257648732
https://suumo.jp/chintai/jnc_000105887406/?bc=100495932894,レジディア高田馬場,東京都新宿区高田馬場４,164000.0,20000.0,,,2,1DK,31.27,3,6,落合駅,11,11.67,145334.05,130743.78,373,402,1,0.10361365327629829
https://suumo.jp/chintai/jnc_000106900824/?bc=100504827464,EAST ARK,東京都中野区東中野３,90000.0,5000.0,90000.0,90000.0,1,1K,25.51,23,3,落合駅,2,7.00,145334.05,98445.68,373,1447,1,0.11821030327936327
https://suumo.jp/chintai/jnc_000105863193/?bc=100497399360,東京メトロ東西線 落合駅 5階建 築11年,東京都新宿区高田馬場３,174000.0,11000.0,,174000.0,5,1K,30.81,11,5,落合駅,8,9.33,145334.05,98445.68,373,1447,1,0.10556341900413513
https://suumo.jp/chintai/jnc_000106854217/?bc=100497599967,アークレジデンス上落合,東京都新宿区上落合１,178000.0,7000.0,,267000.0,1,1LDK,44.45,2,3,落合駅,6,6.50,145334.05,170377.07,373,811,1,0.09202875136934768
https://suumo.jp/chintai/jnc_000106916023/?bc=100504982270,東京メトロ東西線 落合駅 8階建 築2年,東京都中野区東中野４,180000.0,11000.0,180000.0,180000.0,4,1LDK,46.42,2,8,落合駅,3,8.33,145334.05,170377.07,373,811,1,0.0909480590808952
https://suumo.jp/chintai/jnc_000106508065/?bc=100502075375,ＪＲ中央線 東中野駅 10階建 築18年,東京都新宿区北新宿４,147000.0,8000.0,147000.0,147000.0,7,1K,26.31,18,10,落合駅,8,8.67,145334.05,98445.68,373,1447,1,0.09661417921496374
https://suumo.jp/chintai/jnc_000106922520/?bc=100120506343,東京メトロ東西線 落合駅 2階建 築12年,東京都新宿区上落合２,69000.0,3000.0,69000.0,69000.0,1,1R,15.17,12,2,落合駅,7,9.00,145334.05,82826.39,373,879,1,0.09674875723534859
https://suumo.jp/chintai/jnc_000106220662/?bc=100506674237,エスポワール上落合,東京都新宿区上落合３,115000.0,3000.0,115000.0,115000.0,2,1DK,32.78,37,2,落合駅,6,8.67,145334.05,130743.78,373,402,1,0.13547418652144372
https://suumo.jp/chintai/jnc_000106423378/?bc=100501105423,IMA HIGASHI-NAKANO,東京都中野区上高田１,136000.0,5000.0,,141000.0,1,1DK,25.35,0,3,落合駅,8,9.00,145334.05,130743.78,373,402,1,0.14196055564338816
https://suumo.jp/chintai/jnc_000107221864/?bc=100505725080,びゅう中野文園,東京都中野区中野６,130000.0,15000.0,130000.0,130000.0,2,1DK,41.38,26,5,落合駅,10,11.67,145334.05,130743.78,373,402,1,0.12439638338233128
https://suumo.jp/chintai/jnc_000107216238/?bc=100501103610,IMA HIGASHI-NAKANO,東京都中野区上高田１,138000.0,5000.0,,143000.0,2,1DK,25.02,0,3,落合駅,8,9.00,145334.05,130743.78,373,402,1,0.14526216714634987
https://suumo.jp/chintai/jnc_000106889276/?bc=100504698446,東京メトロ東西線 落合駅 8階建 築32年,東京都中野区東中野５,72000.0,10000.0,72000.0,72000.0,5,1K,18.7,32,8,落合駅,6,9.00,145334.05,98445.68,373,1447,1,0.11064003278086215
https://suumo.jp/chintai/jnc_000103695178/?bc=100479798619,東京メトロ東西線 落合駅 9階建 築21年,東京都中野区東中野３,90000.0,8000.0,90000.0,90000.0,3,1K,20.02,21,9,落合駅,3,5.67,145334.05,98445.68,373,1447,1,0.11066991828252132
https://suumo.jp/chintai/jnc_000106340088/?bc=100505685152,東京メトロ東西線 落合駅 地下1地上2階建 築19年,東京都中野区上高田４,76000.0,7000.0,76000.0,76000.0,-1,1K,18.45,19,3,落合駅,9,11.67,145334.05,98445.68,373,1447,1,0.11701771819010343
https://suumo.jp/chintai/jnc_000106523861/?bc=100502160508,東京メトロ東西線 落合駅 8階建 築20年,東京都新宿区北新宿４,144000.0,,144000.0,144000.0,6,1LDK,39.13,20,8,落合駅,9,11.33,145334.05,170377.07,373,811,1,0.07948216280373616
https://suumo.jp/chintai/jnc_000106081126/?bc=100504317744,スカイコート新宿落合壱番館,東京都新宿区上落合２,101800.0,7200.0,101800.0,101800.0,9,1K,20.89,17,10,落合駅,3,4.33,145334.05,98445.68,373,1447,1,0.050483763895468936
https://suumo.jp/chintai/jnc_000106756202/?bc=100504064340,クレイシアアイズ新宿落合ディアコート,東京都新宿区上落合１,108500.0,12000.0,108500.0,108500.0,3,1K,25.54,5,4,落合駅,4,6.33,145334.05,98445.68,373,1447,1,0.11575074248505535
https://suumo.jp/chintai/jnc_000107147298/?bc=100506692759,東京メトロ東西線 落合駅 地下1地上6階建 築20年,東京都新宿区上落合３,113000.0,15000.0,,,1,1K,23.5,20,7,落合駅,6,8.00,145334.05,98445.68,373,1447,1,0.12028585009692305
https://suumo.jp/chintai/jnc_000106381554/?bc=100503618148,東京メトロ東西線 落合駅 地下1地上6階建 築20年,東京都新宿区上落合３,111000.0,15000.0,,,3,1K,20.7,20,7,落合駅,6,8.00,145334.05,98445.68,373,1447,1,0.12052073334782604
https://suumo.jp/chintai/jnc_000106044585/?bc=100505823890,東京メトロ東西線 落合駅 地下1地上6階建 築20年,東京都新宿区上落合３,110000.0,15000.0,,,3,1K,20.7,20,7,落合駅,6,8.00,145334.05,98445.68,373,1447,1,0.12052073334782604
https://suumo.jp/chintai/jnc_000107087688/?bc=100506134190,ＪＲ中央線 東中野駅 地下1地上2階建 築8年,東京都新宿区上落合３,66000.0,5000.0,,,3,1R,9.06,8,3,落合駅,4,6.33,145334.05,82826.39,373,879,1,0.07379279620336399
https://suumo.jp/chintai/jnc_000103499750/?bc=100478763343,東京メトロ東西線 落合駅 地下1地上6階建 築20年,東京都新宿区上落合３,109000.0,15000.0,,,3,1K,23.5,20,7,落合駅,6,8.00,145334.05,98445.68,373,1447,1,0.12341839608947186
https://suumo.jp/chintai/jnc_000106794360/?bc=100504077841,ＪＲ中央線 東中野駅 地下1地上2階建 築8年,東京都新宿区上落合３,67000.0,5000.0,,,2,1R,12.64,8,3,落合駅,4,6.33,145334.05,82826.39,373,879,1,0.09162689741075403
https://suumo.jp/chintai/jnc_000106119917/?bc=100499154591,ＪＲ中央線 東中野駅 地下1地上2階建 築8年,東京都新宿区上落合３,66500.0,5000.0,,,2,1R,12.64,8,3,落合駅,4,6.33,145334.05,82826.39,373,879,1,0.09162689741075403
https://suumo.jp/chintai/jnc_000097521299/?bc=100506233655,ＪＲ中央線 東中野駅 地下1地上2階建 築8年,東京都新宿区上落合３,66500.0,5000.0,,,1,1R,9.06,8,3,落合駅,4,6.33,145334.05,82826.39,373,879,1,0.07697454215329891
https://suumo.jp/chintai/jnc_000107122988/?bc=100506420172,ウィステリア,東京都新宿区上落合２,125000.0,5000.0,125000.0,125000.0,2,1DK,31.91,13,3,落合駅,2,6.00,145334.05,130743.78,373,402,1,0.12693908229987222
https://suumo.jp/chintai/jnc_000106260256/?bc=100481064668,レジディア高田馬場,東京都新宿区高田馬場４,160000.0,20000.0,,,6,1LDK,31.17,3,6,落合駅,11,11.67,145334.05,170377.07,373,811,1,0.039887319621385364
https://suumo.jp/chintai/jnc_000105901130/?bc=100493806676,グラングラッセ,東京都新宿区上落合２,190000.0,6000.0,190000.0,190000.0,2,1LDK,43.69,0,3,落合駅,1,5.00,145334.05,170377.07,373,811,1,0.05398081315201653
https://suumo.jp/chintai/jnc_000106260255/?bc=100485048957,レジディア高田馬場,東京都新宿区高田馬場４,161000.0,20000.0,,,5,1LDK,31.11,3,6,落合駅,11,11.67,145334.05,170377.07,373,811,1,0.0514497627937579
https://suumo.jp/chintai/jnc_000044818462/?bc=100504053167,ＮＴＫハイム,東京都新宿区上落合２,119000.0,4000.0,119000.0,119000.0,1,1LDK,36.0,41,3,落合駅,1,5.33,145334.05,170377.07,373,811,1,0.042884372902119605
https://suumo.jp/chintai/jnc_000106315386/?bc=100412089703,梅田荘,東京都新宿区上落合２,35000.0,,,,2,1K,15.0,54,2,落合駅,3,5.00,145334.05,98445.68,373,1447,1,0.05094546728834348
https://suumo.jp/chintai/jnc_000105901133/?bc=100498940782,グランドハイツ落合,東京都新宿区上落合３,125000.0,,125000.0,125000.0,2,1LDK,34.09,31,11,落合駅,1,3.67,145334.05,170377.07,373,811,1,0.020427335064164054
https://suumo.jp/chintai/jnc_000106862483/?bc=100504968276,東京メトロ東西線 落合駅 6階建 築45年,東京都新宿区上落合１,165000.0,,165000.0,165000.0,3,1LDK,45.65,45,6,落合駅,11,12.33,145334.05,170377.07,373,811,1,0.06940176653843205
https://suumo.jp/chintai/jnc_000107039661/?bc=100501734297,キャニオンマンション東中野,東京都中野区東中野４,250000.0,8000.0,250000.0,250000.0,1,3LDK,70.23,40,3,落合駅,1,5.67,145334.05,281205.13,373,156,-1,-0.011697175579501451
https://suumo.jp/chintai/jnc_000107215503/?bc=100507003357,ソレイユほその,東京都新宿区上落合３,146000.0,6000.0,146000.0,146000.0,4,1LDK,40.27,23,6,落合駅,3,6.33,145334.05,170377.07,373,811,1,0.07412496150659886
https://suumo.jp/chintai/jnc_000105616471/?bc=100501930026,ＪＲ中央線 東中野駅 2階建 築56年,東京都中野区上高田１,60000.0,3000.0,60000.0,60000.0,2,1R,15.6,56,2,落合駅,6,11.33,145334.05,82826.39,373,879,1,0.06577209288770802
https://suumo.jp/chintai/jnc_000106342708/?bc=100500794402,パークヒルズ落合,東京都新宿区上落合１,103000.0,7000.0,103000.0,103000.0,12,1K,25.48,27,12,落合駅,5,7.67,145334.05,98445.68,373,1447,1,0.039811412924865786
https://suumo.jp/chintai/jnc_000106267914/?bc=100485138803,東京メトロ東西線 落合駅 6階建 築3年,東京都新宿区高田馬場４,158000.0,20000.0,,,3,1LDK,31.14,3,6,落合駅,11,11.67,145334.05,170377.07,373,811,1,0.06228753730943992
https://suumo.jp/chintai/jnc_000106220660/?bc=100506674030,エスポワール上落合,東京都新宿区上落合３,113000.0,3000.0,113000.0,113000.0,1,1DK,32.78,37,2,落合駅,6,8.67,145334.05,130743.78,373,402,1,0.12968160442750393
https://suumo.jp/chintai/jnc_000107177578/?bc=100506781541,ＪＲ中央線 東中野駅 2階建 築36年,東京都中野区上高田１,57000.0,3000.0,,,2,1R,16.5,36,2,落合駅,8,11.67,145334.05,82826.39,373,879,1,0.09615096341535634
https://suumo.jp/chintai/jnc_000105123397/?bc=100493559567,プラウドフラット東中野,東京都中野区東中野５,188000.0,12000.0,188000.0,188000.0,2,1LDK,40.61,12,10,落合駅,4,7.67,145334.05,170377.07,373,811,1,0.08103532646674577
https://suumo.jp/chintai/jnc_000106903889/?bc=100503119296,EAST ARK,東京都中野区東中野３,123000.0,6000.0,123000.0,123000.0,2,1LDK,32.94,23,3,落合駅,2,7.00,145334.05,170377.07,373,811,1,0.08294842859531437
https://suumo.jp/chintai/jnc_000105679524/?bc=100495188188,EAST ARK,東京都中野区東中野３,119000.0,6000.0,119000.0,119000.0,1,1LDK,32.94,23,3,落合駅,2,7.00,145334.05,170377.07,373,811,1,0.07813619965183277
https://suumo.jp/chintai/jnc_000103013895/?bc=100428862045,ＪＲ中央線 東中野駅 2階建 築17年,東京都中野区東中野４,67000.0,3000.0,,67000.0,1,1R,11.53,17,2,落合駅,5,6.67,145334.05,82826.39,373,879,1,0.08062524134126059
https://suumo.jp/chintai/jnc_000107148048/?bc=100506666840,ブルーム,東京都中野区東中野４,146000.0,7000.0,146000.0,292000.0,1,1LDK,36.03,2,4,落合駅,3,5.67,145334.05,170377.07,373,811,1,0.08511670900930596
https://suumo.jp/chintai/jnc_000106248861/?bc=100500054366,東京メトロ東西線 落合駅 2階建 築37年,東京都新宿区上落合３,113000.0,3000.0,113000.0,113000.0,1,1DK,32.78,37,2,落合駅,6,7.67,145334.05,130743.78,373,402,1,0.12526097687817006
https://suumo.jp/chintai/jnc_000106267902/?bc=100501003863,ＪＲ中央線 東中野駅 4階建 築16年,東京都新宿区北新宿４,119000.0,5200.0,119000.0,119000.0,3,1K,29.85,16,4,落合駅,8,10.67,145334.05,98445.68,373,1447,1,0.14238374780086127
https://suumo.jp/chintai/jnc_000106162198/?bc=100499719399,クレヴィスタ中野落合,東京都中野区上高田１,118000.0,15000.0,,,3,1K,25.49,6,3,落合駅,4,10.00,145334.05,98445.68,373,1447,1,0.12357169599097956
https://suumo.jp/chintai/jnc_000106302643/?bc=100501195316,ＰＲＩＭＥ　ＵＲＢＡＮ　東中野　ＣＯＵＲ,東京都新宿区北新宿４,222000.0,13000.0,222000.0,,4,1LDK,44.31,18,10,落合駅,8,10.33,145334.05,170377.07,373,811,1,0.07566147104661458
https://suumo.jp/chintai/jnc_000103786802/?bc=100501809672,ＰＲＩＭＥ　ＵＲＢＡＮ　東中野　ＣＯＵＲ,東京都新宿区北新宿４,212000.0,13000.0,212000.0,,2,1LDK,44.85,18,10,落合駅,8,10.33,145334.05,170377.07,373,811,1,0.07986019255749183
https://suumo.jp/chintai/jnc_000106019535/?bc=100498787470,ＪＲ中央線 東中野駅 2階建 築16年,東京都中野区上高田１,122000.0,2000.0,122000.0,244000.0,1,1LDK,33.33,16,2,落合駅,11,11.67,145334.05,170377.07,373,811,1,0.06606118091880869
https://suumo.jp/chintai/jnc_000106882345/?bc=100506674093,Ｍｏｎｔｅ Ｈ・Ｋ,東京都中野区東中野４,180000.0,11000.0,180000.0,180000.0,4,1LDK,46.42,2,8,落合駅,3,7.33,145334.05,170377.07,373,811,1,0.08594845757202668
https://suumo.jp/chintai/jnc_000105746686/?bc=100496375611,ＪＲ中央線 東中野駅 2階建 築11年,東京都新宿区上落合２,74000.0,4000.0,,,1,1R,14.52,11,2,落合駅,3,6.33,145334.05,82826.39,373,879,1,0.08466579038024125
https://suumo.jp/chintai/jnc_000106315396/?bc=100500569947,ＪＲ中央線 東中野駅 10階建 築18年,東京都新宿区北新宿４,144000.0,8000.0,144000.0,144000.0,8,1R,25.24,18,10,落合駅,8,8.67,145334.05,82826.39,373,879,1,0.04716364530365097
https://suumo.jp/chintai/jnc_000105838774/?bc=100473972423,東京メトロ東西線 落合駅 地下1地上3階建 新築,東京都中野区上高田１,210000.0,15000.0,,,-1,1LDK,38.01,0,4,落合駅,9,10.67,145334.05,170377.07,373,811,1,0.09069109602918918
https://suumo.jp/chintai/jnc_000106308544/?bc=100506993879,花月マンション,東京都新宿区北新宿４,83000.0,7000.0,83000.0,83000.0,4,2K,27.0,57,4,落合駅,10,11.33,145334.05,136763.16,373,114,-1,-0.003952175660801194
https://suumo.jp/chintai/jnc_000106492899/?bc=100502843980,ＰＲＩＭＥ　ＵＲＢＡＮ　東中野　ＣＯＵＲ,東京都新宿区北新宿４,211000.0,13000.0,211000.0,,2,1LDK,44.85,18,10,落合駅,8,10.33,145334.05,170377.07,373,811,1,0.08256834808499697
https://suumo.jp/chintai/jnc_000094336901/?bc=100498185170,タンドリュクス,東京都中野区上高田１,122000.0,2000.0,122000.0,244000.0,1,1LDK,33.33,16,2,落合駅,11,11.67,145334.05,170377.07,373,811,1,0.06606118091880869
https://suumo.jp/chintai/jnc_000106072738/?bc=100498814397,レジディア高田馬場,東京都新宿区高田馬場４,166000.0,20000.0,,,3,1DK,30.78,3,6,落合駅,11,11.67,145334.05,130743.78,373,402,1,0.10587779778760259
https://suumo.jp/chintai/jnc_000106308545/?bc=100500554738,ＪＲ中央線 東中野駅 10階建 築18年,東京都新宿区北新宿４,123000.0,8000.0,123000.0,123000.0,7,1R,25.24,18,10,落合駅,8,8.67,145334.05,82826.39,373,879,1,0.05836422835431726
https://suumo.jp/chintai/jnc_000106302649/?bc=100500569949,ＪＲ中央線 東中野駅 10階建 築18年,東京都新宿区北新宿４,156000.0,8000.0,156000.0,,5,1R,27.67,18,10,落合駅,8,8.67,145334.05,82826.39,373,879,1,0.06580500812547962
https://suumo.jp/chintai/jnc_000106302647/?bc=100500727417,ＰＲＩＭＥ　ＵＲＢＡＮ　東中野　ＣＯＵＲ,東京都新宿区北新宿４,295000.0,15000.0,295000.0,,8,2LDK,68.83,18,10,落合駅,8,10.33,145334.05,243512.76,373,392,1,0.010188738367385652
https://suumo.jp/chintai/jnc_000106492906/?bc=100502760166,ＰＲＩＭＥ　ＵＲＢＡＮ　東中野　ＣＯＵＲ,東京都新宿区北新宿４,280000.0,17000.0,280000.0,280000.0,8,2LDK,66.75,18,10,落合駅,8,10.33,145334.05,243512.76,373,392,1,0.011530484537515928
https://suumo.jp/chintai/jnc_000106492904/?bc=100502064452,ＰＲＩＭＥ　ＵＲＢＡＮ　東中野　ＣＯＵＲ,東京都新宿区北新宿４,287000.0,17000.0,287000.0,287000.0,6,2LDK,60.3,18,10,落合駅,8,10.33,145334.05,243512.76,373,392,1,0.032444848623954026
https://suumo.jp/chintai/jnc_000103987142/?bc=100489795547,ＰＲＩＭＥ　ＵＲＢＡＮ　東中野　ＣＯＵＲ,東京都新宿区北新宿４,229000.0,17000.0,229000.0,229000.0,4,2LDK,56.71,18,10,落合駅,8,10.33,145334.05,243512.76,373,392,1,0.058272084014643344
https://suumo.jp/chintai/jnc_000106492898/?bc=100502222743,ＰＲＩＭＥ　ＵＲＢＡＮ　東中野　ＣＯＵＲ,東京都新宿区北新宿４,239000.0,17000.0,239000.0,239000.0,1,2LDK,66.75,18,10,落合駅,8,10.33,145334.05,243512.76,373,392,1,0.029712978764084963
https://suumo.jp/chintai/jnc_000106038843/?bc=100498693017,レジディア上落合,東京都新宿区上落合３,110000.0,15000.0,,,3,1K,20.7,20,7,落合駅,3,5.00,145334.05,98445.68,373,1447,1,0.0830486481377799
https://suumo.jp/chintai/jnc_000106360951/?bc=100501081747,レジディア上落合,東京都新宿区上落合３,111000.0,15000.0,,,3,1K,20.7,20,7,落合駅,3,5.00,145334.05,98445.68,373,1447,1,0.0830486481377799
https://suumo.jp/chintai/jnc_000106315394/?bc=100500938352,ＪＲ中央線 東中野駅 10階建 築18年,東京都新宿区北新宿４,142000.0,8000.0,142000.0,142000.0,2,1R,25.24,18,10,落合駅,8,8.67,145334.05,82826.39,373,879,1,0.07824280292211039
https://suumo.jp/chintai/jnc_000107147297/?bc=100506464954,レジディア上落合,東京都新宿区上落合３,113000.0,15000.0,,,1,1K,23.5,20,7,落合駅,3,5.00,145334.05,98445.68,373,1447,1,0.0835660268975374
https://suumo.jp/chintai/jnc_000106087486/?bc=100498679281,レジディア高田馬場,東京都新宿区高田馬場４,152000.0,12000.0,152000.0,,3,1DK,30.78,3,6,落合駅,11,11.67,145334.05,130743.78,373,402,1,0.12832525250545623
https://suumo.jp/chintai/jnc_000106862552/?bc=100504815480,ISOビル,東京都新宿区百人町４,84000.0,2000.0,84000.0,,4,1DK,22.24,19,9,落合駅,9,10.67,145334.05,130743.78,373,402,1,0.09884162028855065
https://suumo.jp/chintai/jnc_000106905843/?bc=100504925701,レジディア高田馬場,東京都新宿区高田馬場４,158000.0,20000.0,158000.0,,1,1DK,30.78,3,6,落合駅,11,11.67,145334.05,130743.78,373,402,1,0.10509985871900357
https://suumo.jp/chintai/jnc_000106302648/?bc=100500569948,ＪＲ中央線 東中野駅 10階建 築18年,東京都新宿区北新宿４,222000.0,13000.0,222000.0,,4,1LDK,44.31,18,10,落合駅,8,8.67,145334.05,170377.07,373,811,1,0.07375016234996351
https://suumo.jp/chintai/jnc_000106689140/?bc=100501720383,ＰＲＩＭＥ　ＵＲＢＡＮ　東中野　ＣＯＵＲ,東京都新宿区北新宿４,206000.0,13000.0,206000.0,,2,1LDK,44.85,18,10,落合駅,8,10.33,145334.05,170377.07,373,811,1,0.08422209931940033
https://suumo.jp/chintai/jnc_000106508066/?bc=100507039612,ＪＲ中央線 東中野駅 10階建 築18年,東京都新宿区北新宿４,147000.0,8000.0,147000.0,147000.0,9,1K,25.64,18,10,落合駅,8,8.67,145334.05,98445.68,373,1447,1,0.08238100978995982
https://suumo.jp/chintai/jnc_000106234032/?bc=100498185790,ＪＲ中央線 東中野駅 10階建 築19年,東京都中野区東中野３,116000.0,11000.0,,116000.0,2,1K,21.09,19,10,落合駅,3,6.33,145334.05,98445.68,373,1447,1,0.10113085594345006
https://suumo.jp/chintai/jnc_000106298186/?bc=100500456674,ＪＲ中央線 東中野駅 3階建 築24年,東京都中野区上高田１,70000.0,3000.0,70000.0,70000.0,1,1K,17.32,24,3,落合駅,5,7.33,145334.05,98445.68,373,1447,1,0.11699086875692605
https://suumo.jp/chintai/jnc_000106131423/?bc=100501008380,カゼッタスッド,東京都新宿区上落合１,150000.0,3000.0,150000.0,300000.0,2,1LDK,39.95,2,2,落合駅,6,7.67,145334.05,170377.07,373,811,1,0.08119632244257763
https://suumo.jp/chintai/jnc_000106678315/?bc=100503198434,PRENDRE　AOHA,東京都中野区東中野４,165000.0,3000.0,165000.0,165000.0,2,1LDK,51.29,12,2,落合駅,4,6.00,145334.05,170377.07,373,811,1,0.05925059422082818
https://suumo.jp/chintai/jnc_000106959652/?bc=100505466218,ＪＲ中央線 東中野駅 3階建 築15年,東京都中野区東中野５,181000.0,4100.0,,362000.0,3,2LDK,68.65,15,3,落合駅,5,8.00,145334.05,243512.76,373,392,1,0.06111651002094326
https://suumo.jp/chintai/jnc_000107117102/?bc=100499490888,華実園,東京都中野区東中野５,145000.0,,145000.0,145000.0,3,2LDK,53.46,37,5,落合駅,5,6.33,145334.05,243512.76,373,392,1,0.07634266857315103
https://suumo.jp/chintai/jnc_000105114837/?bc=100490654861,ルボーヌ東中野,東京都中野区東中野４,65000.0,3000.0,65000.0,65000.0,2,1R,19.01,18,2,落合駅,4,7.33,145334.05,82826.39,373,879,1,0.08993321370727048
https://suumo.jp/chintai/jnc_000106183509/?bc=100499503020,ＪＲ総武線 東中野駅 10階建 築12年,東京都中野区東中野５,190000.0,,190000.0,190000.0,9,1LDK,50.58,12,10,落合駅,7,11.00,145334.05,170377.07,373,811,1,0.059425539633056024
https://suumo.jp/chintai/jnc_000106480657/?bc=100502079046,三越東中野マンション,東京都中野区東中野４,156000.0,10000.0,,,4,1LDK,47.13,49,9,落合駅,3,6.33,145334.05,170377.07,373,811,1,0.03335954776823752
https://suumo.jp/chintai/jnc_000106472879/?bc=100501833640,ＧＰハウス東中野,東京都中野区東中野４,230000.0,5000.0,230000.0,460000.0,2,2LDK,60.63,12,3,落合駅,3,5.67,145334.05,243512.76,373,392,1,0.05276226766082781
https://suumo.jp/chintai/jnc_000105543858/?bc=100495214923,GM上落合,東京都新宿区上落合３,141000.0,5000.0,141000.0,141000.0,4,1LDK,31.89,0,5,落合駅,4,7.00,145334.05,170377.07,373,811,1,0.09302538737694027
https://suumo.jp/chintai/jnc_000106524179/?bc=100505371177,ブライトヒル東中野,東京都中野区東中野５,181000.0,4100.0,,362000.0,3,2LDK,68.65,15,3,落合駅,5,8.33,145334.05,243512.76,373,392,1,0.062112563251678965
https://suumo.jp/chintai/jnc_000106302644/?bc=100500853201,ＰＲＩＭＥ　ＵＲＢＡＮ　東中野　ＣＯＵＲ,東京都新宿区北新宿４,156000.0,8000.0,156000.0,,5,1K,27.67,18,10,落合駅,8,10.33,145334.05,98445.68,373,1447,1,0.11915563775871324
https://suumo.jp/chintai/jnc_000104951314/?bc=100489434855,BTHouseKamitakada,東京都中野区上高田４,290000.0,,290000.0,290000.0,2,3LDK,75.3,52,2,落合駅,8,10.00,145334.05,281205.13,373,156,-1,-0.004070390627748943
https://suumo.jp/chintai/jnc_000105006110/?bc=100483720948,東京メトロ東西線 落合駅 5階建 築20年,東京都中野区東中野５,168000.0,5000.0,168000.0,168000.0,4,1LDK,45.03,20,5,落合駅,8,9.67,145334.05,170377.07,373,811,1,0.096812701575264
https://suumo.jp/chintai/jnc_000106696069/?bc=100504535528,ＪＲ中央線 東中野駅 10階建 築18年,東京都新宿区北新宿４,206000.0,13000.0,206000.0,,2,1LDK,44.85,18,10,落合駅,8,8.67,145334.05,170377.07,373,811,1,0.08349378771168514
https://suumo.jp/chintai/jnc_000081266189/?bc=100506853882,サン・アマノ上高田,東京都中野区上高田１,60000.0,3000.0,60000.0,60000.0,2,1R,15.6,56,2,落合駅,6,11.33,145334.05,82826.39,373,879,1,0.06577209288770802
https://suumo.jp/chintai/jnc_000106492902/?bc=100506847559,ＰＲＩＭＥ　ＵＲＢＡＮ　東中野　ＣＯＵＲ,東京都新宿区北新宿４,130000.0,8000.0,130000.0,130000.0,6,1K,25.64,18,10,落合駅,8,10.33,145334.05,98445.68,373,1447,1,0.11318938079448682
https://suumo.jp/chintai/jnc_000104830309/?bc=100491954703,メイクスミニ新宿落合,東京都新宿区上落合３,110000.0,12000.0,110000.0,110000.0,1,1K,24.67,3,3,落合駅,6,7.67,145334.05,98445.68,373,1447,1,0.12202600435055172
https://suumo.jp/chintai/jnc_000105703692/?bc=100500361440,レジディア高田馬場,東京都新宿区高田馬場４,163000.0,20000.0,,,3,1LDK,31.14,3,6,落合駅,11,11.67,145334.05,170377.07,373,811,1,0.06197733837309222
https://suumo.jp/chintai/jnc_000106255419/?bc=100501606421,レジディア高田馬場,東京都新宿区高田馬場４,158000.0,20000.0,,,3,1LDK,31.14,3,6,落合駅,11,11.67,145334.05,170377.07,373,811,1,0.06228753730943992
https://suumo.jp/chintai/jnc_000107169501/?bc=100506612673,東京メトロ東西線 落合駅 14階建 築20年,東京都新宿区上落合１,130000.0,10000.0,130000.0,130000.0,2,1LDK,44.69,20,14,落合駅,5,9.33,145334.05,170377.07,373,811,1,0.0692099122882241
https://suumo.jp/chintai/jnc_000106750304/?bc=100496268071,レジディア高田馬場,東京都新宿区高田馬場４,160000.0,20000.0,,,2,1LDK,31.14,3,6,落合駅,11,11.67,145334.05,170377.07,373,811,1,0.062434921180914815
https://suumo.jp/chintai/jnc_000106467402/?bc=100501810604,東京メトロ東西線 落合駅 11階建 築18年,東京都中野区東中野４,165000.0,10000.0,165000.0,165000.0,6,1LDK,41.31,18,11,落合駅,1,4.00,145334.05,170377.07,373,811,1,0.010352736358412384
https://suumo.jp/chintai/jnc_000104162762/?bc=100499051005,レジディア高田馬場,東京都新宿区高田馬場４,170000.0,20000.0,,,2,1LDK,30.96,3,6,落合駅,11,11.67,145334.05,170377.07,373,811,1,0.06069193675685847
https://suumo.jp/chintai/jnc_000106900809/?bc=100506673445,レイノー,東京都中野区上高田１,90000.0,7500.0,,90000.0,2,1K,22.75,10,2,落合駅,8,10.33,145334.05,98445.68,373,1447,1,0.1426225410124734
https://suumo.jp/chintai/jnc_000106113531/?bc=100505686982,東京メトロ東西線 落合駅 10階建 築12年,東京都中野区東中野５,198000.0,12000.0,198000.0,198000.0,8,1LDK,41.94,12,10,落合駅,4,7.00,145334.05,170377.07,373,811,1,0.04781000671455127
https://suumo.jp/chintai/jnc_000106492900/?bc=100502056075,ＰＲＩＭＥ　ＵＲＢＡＮ　東中野　ＣＯＵＲ,東京都新宿区北新宿４,213000.0,13000.0,213000.0,213000.0,2,1LDK,44.31,18,10,落合駅,8,10.33,145334.05,170377.07,373,811,1,0.08015829629160953
https://suumo.jp/chintai/jnc_000106285271/?bc=100500375239,HilltopB,東京都中野区東中野５,93000.0,5000.0,93000.0,93000.0,1,1R,18.21,3,2,落合駅,7,8.67,145334.05,82826.39,373,879,1,0.10362854596004145
https://suumo.jp/chintai/jnc_000106539646/?bc=100502588070,RIOILHA,東京都中野区東中野４,180000.0,6000.0,360000.0,180000.0,4,1LDK,42.95,10,10,落合駅,1,5.33,145334.05,170377.07,373,811,1,0.0420600367118828
https://suumo.jp/chintai/jnc_000105006109/?bc=100472473590,RESIDENCE東中野,東京都中野区東中野５,168000.0,5000.0,168000.0,168000.0,4,1LDK,45.03,20,5,落合駅,8,9.67,145334.05,170377.07,373,811,1,0.096812701575264
https://suumo.jp/chintai/jnc_000106523859/?bc=100502682637,ルシード北新宿,東京都新宿区北新宿４,88000.0,5000.0,88000.0,88000.0,2,1R,20.45,11,4,落合駅,10,10.00,145334.05,82826.39,373,879,1,0.1005340361091146
https://suumo.jp/chintai/jnc_000107216256/?bc=100506894004,ＪＲ総武線 東中野駅 12階建 築32年,東京都中野区中野６,200000.0,10000.0,200000.0,200000.0,4,2LDK,55.62,32,12,落合駅,8,9.00,145334.05,243512.76,373,392,1,0.055735877179136084
https://suumo.jp/chintai/jnc_000106183507/?bc=100506407372,ＪＲ総武線 東中野駅 10階建 築12年,東京都中野区東中野５,253000.0,,253000.0,253000.0,10,2LDK,65.25,12,10,落合駅,7,11.00,145334.05,243512.76,373,392,1,0.02377532709573299
https://suumo.jp/chintai/jnc_000033016494/?bc=000056273275,ガンチーニ上落合,東京都新宿区上落合３,120000.0,,120000.0,120000.0,4,1LDK,34.5,28,8,落合駅,2,4.00,145334.05,170377.07,373,811,1,0.039302209345719596
https://suumo.jp/chintai/jnc_000106249551/?bc=100506674494,Ｈｉｌｌｔｏｐ Ｂ,東京都中野区東中野５,93000.0,5000.0,93000.0,93000.0,1,1R,18.21,3,2,落合駅,6,8.67,145334.05,82826.39,373,879,1,0.10230172078956873
https://suumo.jp/chintai/jnc_000106756223/?bc=100492395888,東京メトロ東西線 落合駅 6階建 築3年,東京都新宿区高田馬場４,160000.0,20000.0,,,2,1LDK,31.14,3,6,落合駅,11,11.67,145334.05,170377.07,373,811,1,0.062434921180914815
https://suumo.jp/chintai/jnc_000106073491/?bc=100498690995,東京メトロ東西線 落合駅 19階建 新築,東京都中野区東中野５,350000.0,,350000.0,350000.0,7,2LDK,56.63,0,19,落合駅,7,9.33,145334.05,243512.76,373,392,-1,-0.005321790651556024
https://suumo.jp/chintai/jnc_000104698926/?bc=100495808651,東京メトロ東西線 落合駅 10階建 築43年,東京都新宿区上落合２,245000.0,19000.0,245000.0,245000.0,9,2LDK,72.64,43,10,落合駅,1,5.33,145334.05,243512.76,373,392,-1,-0.06433268596106168
https://suumo.jp/chintai/jnc_000106198961/?bc=100499643870,ＦＬＡＭＰ,東京都新宿区上落合３,153000.0,10000.0,153000.0,153000.0,8,1R,34.83,20,16,落合駅,1,4.33,145334.05,82826.39,373,879,-1,-0.02008356242188758
https://suumo.jp/chintai/jnc_000105096346/?bc=100503114807,ＦＬＡＭＰ,東京都新宿区上落合３,140000.0,10000.0,140000.0,140000.0,4,1R,34.83,20,16,落合駅,1,4.33,145334.05,82826.39,373,879,-1,-0.0005159462243481405
https://suumo.jp/chintai/jnc_000106582777/?bc=100502810695,東京メトロ東西線 落合駅 3階建 築12年,東京都中野区東中野４,230000.0,5000.0,230000.0,460000.0,2,2LDK,60.63,12,3,落合駅,3,6.00,145334.05,243512.76,373,392,1,0.05649109365954341
https://suumo.jp/chintai/jnc_000106106439/?bc=100500293923,プラウドフラット東中野,東京都中野区東中野５,198000.0,12000.0,198000.0,198000.0,8,1LDK,41.94,12,10,落合駅,4,7.67,145334.05,170377.07,373,811,1,0.05151452723880923
https://suumo.jp/chintai/jnc_000107045715/?bc=100505240925,Cライフピアハピネス,東京都中野区上高田１,55000.0,3000.0,,,1,1R,16.5,36,2,落合駅,8,11.67,145334.05,82826.39,373,879,1,0.09000498064785889
https://suumo.jp/chintai/jnc_000105703691/?bc=100500361062,レジディア高田馬場,東京都新宿区高田馬場４,161000.0,20000.0,,,2,1LDK,30.96,3,6,落合駅,11,11.67,145334.05,170377.07,373,811,1,0.062124821996219104
https://suumo.jp/chintai/jnc_000107052841/?bc=100506472201,東京メトロ東西線 落合駅 4階建 築41年,東京都新宿区上落合２,93000.0,6000.0,93000.0,93000.0,4,1DK,24.03,41,4,落合駅,2,5.00,145334.05,130743.78,373,402,1,0.09798329303659481
https://suumo.jp/chintai/jnc_000106592719/?bc=100506781774,Cアーバンプレイス落合VI,東京都中野区上高田４,58000.0,2000.0,,,2,1R,12.15,17,2,落合駅,9,10.67,145334.05,82826.39,373,879,1,0.07951320824034691
https://suumo.jp/chintai/jnc_000106548142/?bc=100504299517,ＪＲ中央線 東中野駅 10階建 築18年,東京都新宿区北新宿４,213000.0,13000.0,213000.0,213000.0,2,1LDK,44.31,18,10,落合駅,8,8.67,145334.05,170377.07,373,811,1,0.07942320236502076
https://suumo.jp/chintai/jnc_000106689139/?bc=100502023581,ＰＲＩＭＥ　ＵＲＢＡＮ　東中野　ＣＯＵＲ,東京都新宿区北新宿４,200000.0,13000.0,200000.0,,1,1LDK,44.85,18,10,落合駅,8,10.33,145334.05,170377.07,373,811,1,0.07895584186387133
https://suumo.jp/chintai/jnc_000106260254/?bc=100501606009,レジディア高田馬場,東京都新宿区高田馬場４,156000.0,20000.0,,,2,1LDK,30.96,3,6,落合駅,11,11.67,145334.05,170377.07,373,811,1,0.06181451293166573
https://suumo.jp/chintai/jnc_000106808066/?bc=100504313864,スカイコート池袋,東京都豊島区千早２,60300.0,4700.0,60300.0,60300.0,1,1R,15.08,41,4,要町駅,6,12.67,92325.00,82826.39,4,879,1,0.08772811567713168
https://suumo.jp/chintai/jnc_000106316197/?bc=100500595980,東京メトロ有楽町線 要町駅 2階建 築2年,東京都豊島区千早２,68000.0,3000.0,,,2,1R,11.31,2,2,要町駅,10,13.33,92325.00,82826.39,4,879,1,0.06791687933449836
https://suumo.jp/chintai/jnc_000105115054/?bc=100506897722,VISTA要町,東京都豊島区千早２,188000.0,10000.0,,,2,1LDK,40.05,0,4,要町駅,8,13.33,92325.00,170377.07,4,811,1,0.09612682429221614
https://suumo.jp/chintai/jnc_000106624526/?bc=100502915807,スカイコート池袋,東京都豊島区千早２,53000.0,5000.0,53000.0,53000.0,1,1R,15.8,41,4,要町駅,6,12.67,92325.00,82826.39,4,879,1,0.08398775581287066
https://suumo.jp/chintai/jnc_000106389948/?bc=100483270997,パンセＡ,東京都中野区野方４,54000.0,3000.0,54000.0,,1,1R,20.0,48,2,野方駅,3,17.67,74800.00,82826.39,5,879,1,0.008245100917833037
https://suumo.jp/chintai/jnc_000043675579/?bc=100507041393,西武新宿線 野方駅 2階建 築12年,東京都中野区沼袋３,109000.0,,109000.0,109000.0,1,1LDK,33.96,12,2,野方駅,9,12.67,74800.00,170377.07,5,811,1,0.09397009088290803
https://suumo.jp/chintai/jnc_000106795118/?bc=100504112853,西武新宿線 野方駅 4階建 築7年,東京都中野区野方３,82000.0,5000.0,82000.0,82000.0,3,1R,20.09,7,4,野方駅,5,12.00,74800.00,82826.39,5,879,1,0.1114713757354932
https://suumo.jp/chintai/jnc_000084642400/?bc=100505968003,ポルシェ野方,東京都中野区野方３,47000.0,2000.0,,,1,1K,12.87,41,2,野方駅,7,11.67,74800.00,98445.68,5,1447,1,0.07034344538525777
https://suumo.jp/chintai/jnc_000106778247/?bc=100504062493,クラリア野方ウエスト,東京都中野区野方３,82000.0,5000.0,82000.0,82000.0,3,1R,20.09,7,4,野方駅,5,12.00,74800.00,82826.39,5,879,1,0.1114713757354932
https://suumo.jp/chintai/jnc_000105934137/?bc=100497360389,ＧＲＡＣＩＡＳ　ＣＡＭＩＮＯ,東京都杉並区阿佐谷南３,160000.0,5000.0,,320000.0,2,1LDK,34.14,2,3,阿佐ケ谷駅,6,6.33,160000.00,170377.07,1,811,1,0.09254045926455357
https://suumo.jp/chintai/jnc_000107096497/?bc=100506237000,ＪＲ山手線 高田馬場駅 8階建 築33年,東京都新宿区高田馬場４,245000.0,10000.0,245000.0,367500.0,8,3LDK,72.19,33,8,高田馬場駅,12,12.67,151619.57,281205.13,276,156,-1,-0.0413676071790694
https://suumo.jp/chintai/jnc_000106210987/?bc=100499736586,ＪＲ山手線 高田馬場駅 4階建 築55年,東京都新宿区高田馬場３,73000.0,,73000.0,73000.0,1,1K,20.06,55,4,高田馬場駅,5,9.67,151619.57,98445.68,276,1447,1,0.10640065744405341
https://suumo.jp/chintai/jnc_000103316442/?bc=100479840532,ＪＲ山手線 高田馬場駅 4階建 築4年,東京都新宿区高田馬場４,116000.0,20000.0,116000.0,,4,1K,25.56,4,4,高田馬場駅,9,12.33,151619.57,98445.68,276,1447,1,0.09448337988298916
https://suumo.jp/chintai/jnc_000104525325/?bc=100486574041,ＪＲ山手線 高田馬場駅 平屋 築4年,東京都新宿区高田馬場３,390000.0,,390000.0,,1,1SLDK,75.96,4,1,高田馬場駅,8,11.33,151619.57,231590.91,276,33,-1,-0.02183623733033002
https://suumo.jp/chintai/jnc_000106168093/?bc=100504583074,リヴアンフルール,東京都新宿区下落合１,162000.0,10000.0,162000.0,162000.0,6,1LDK,31.94,0,7,高田馬場駅,8,11.67,151619.57,170377.07,276,811,1,0.08785714797165262
https://suumo.jp/chintai/jnc_000106168093/?bc=100504583074,リヴアンフルール,東京都新宿区下落合１,162000.0,10000.0,162000.0,162000.0,7,1LDK,31.94,0,7,高田馬場駅,8,11.67,151619.57,170377.07,276,811,1,0.08438447283670475
https://suumo.jp/chintai/jnc_000097313162/?bc=100501798502,西武新宿線 下落合駅 4階建 築3年,東京都新宿区高田馬場３,181000.0,10000.0,,,4,1LDK,30.33,3,4,高田馬場駅,7,7.67,151619.57,170377.07,276,811,1,0.10016739784699452
https://suumo.jp/chintai/jnc_000106112923/?bc=100501961077,ＪＲ山手線 高田馬場駅 15階建 築17年,東京都新宿区高田馬場３,143000.0,15000.0,143000.0,143000.0,8,1R,27.57,17,15,高田馬場駅,4,10.67,151619.57,82826.39,276,879,1,0.02393868865444959
https://suumo.jp/chintai/jnc_000107059361/?bc=100505945749,ＪＲ山手線 高田馬場駅 4階建 築4年,東京都新宿区高田馬場４,120000.0,20000.0,120000.0,,4,2K,25.6,4,4,高田馬場駅,9,12.33,151619.57,136763.16,276,114,1,0.028594412102868894
https://suumo.jp/chintai/jnc_000104623884/?bc=100505170867,ＪＲ山手線 高田馬場駅 4階建 築4年,東京都新宿区高田馬場４,117000.0,20000.0,117000.0,,2,2K,25.6,4,4,高田馬場駅,9,12.33,151619.57,136763.16,276,114,1,0.03139318531714519
https://suumo.jp/chintai/jnc_000106924759/?bc=100505071504,戸塚マンション,東京都新宿区高田馬場３,140000.0,5000.0,140000.0,70000.0,1,1LDK,37.91,56,5,高田馬場駅,6,7.00,151619.57,170377.07,276,811,1,0.06629904502192457
https://suumo.jp/chintai/jnc_000096643801/?bc=100498210636,プラウド高田馬場,東京都新宿区下落合１,232000.0,18000.0,232000.0,232000.0,3,1LDK,44.58,6,9,高田馬場駅,4,6.00,151619.57,170377.07,276,811,1,0.040104475962363106
https://suumo.jp/chintai/jnc_000107182832/?bc=100506629532,ＪＲ山手線 高田馬場駅 4階建 築4年,東京都新宿区高田馬場４,120000.0,20000.0,120000.0,,1,1K,25.6,4,4,高田馬場駅,9,12.33,151619.57,98445.68,276,1447,1,0.09482209488039717
https://suumo.jp/chintai/jnc_000106508088/?bc=100502047958,ＪＲ山手線 高田馬場駅 3階建 築9年,東京都新宿区高田馬場４,125000.0,7000.0,125000.0,125000.0,1,1K,29.4,9,3,高田馬場駅,7,12.33,151619.57,98445.68,276,1447,1,0.14243550885314382
https://suumo.jp/chintai/jnc_000106172721/?bc=100503797382,リヴアンフルール,東京都新宿区下落合１,156000.0,10000.0,156000.0,156000.0,5,1LDK,30.95,0,7,高田馬場駅,8,11.67,151619.57,170377.07,276,811,1,0.09862153722186034
https://suumo.jp/chintai/jnc_000105688449/?bc=100497074035,ＪＲ山手線 高田馬場駅 3階建 築4年,東京都新宿区高田馬場４,125000.0,5000.0,125000.0,125000.0,2,1K,24.57,4,3,高田馬場駅,5,10.33,151619.57,98445.68,276,1447,1,0.14222137513235616
https://suumo.jp/chintai/jnc_000106432691/?bc=100502078866,ＪＲ山手線 高田馬場駅 3階建 築48年,東京都新宿区高田馬場３,68000.0,,68000.0,,3,1K,22.0,48,3,高田馬場駅,8,11.33,151619.57,98445.68,276,1447,1,0.11937868199743917
https://suumo.jp/chintai/jnc_000106248882/?bc=100506697722,サニースポット,東京都新宿区高田馬場４,74000.0,2000.0,74000.0,74000.0,2,1K,20.0,40,2,高田馬場駅,7,11.67,151619.57,98445.68,276,1447,1,0.10801189302551256
https://suumo.jp/chintai/jnc_000053059971/?bc=100478797079,ＪＲ山手線 高田馬場駅 2階建 築49年,東京都新宿区高田馬場３,50200.0,,50200.0,50200.0,1,1K,16.0,49,2,高田馬場駅,6,7.50,151619.57,98445.68,276,1447,1,0.0785838332431873
https://suumo.jp/chintai/jnc_000107045058/?bc=100506044953,ルネサンスコート高田馬場Ｃａｌｍｅ,東京都新宿区高田馬場４,120000.0,20000.0,120000.0,,4,2K,25.6,4,4,高田馬場駅,7,10.67,151619.57,136763.16,276,114,1,0.03774325241313736
https://suumo.jp/chintai/jnc_000104623883/?bc=100505324279,ルネサンスコート高田馬場Ｃａｌｍｅ,東京都新宿区高田馬場４,117000.0,20000.0,117000.0,,2,2K,25.6,4,4,高田馬場駅,7,10.67,151619.57,136763.16,276,114,1,0.04057878520814445
https://suumo.jp/chintai/jnc_000106915926/?bc=100504953401,東京メトロ東西線 高田馬場駅 7階建 新築,東京都新宿区下落合１,152000.0,10000.0,152000.0,152000.0,2,1DK,28.57,0,7,高田馬場駅,7,11.33,151619.57,130743.78,276,402,1,0.15465427324902598
https://suumo.jp/chintai/jnc_000092462943/?bc=100501667417,レクセル高田馬場,東京都新宿区百人町４,490000.0,20000.0,490000.0,490000.0,10,2LDK,92.41,18,10,高田馬場駅,9,10.33,151619.57,243512.76,276,392,-1,-0.06710216582278405
https://suumo.jp/chintai/jnc_000106172714/?bc=100499804756,リヴアンフルール,東京都新宿区下落合１,145000.0,10000.0,145000.0,145000.0,3,1R,29.93,0,7,高田馬場駅,8,11.67,151619.57,82826.39,276,879,1,0.07549133891123605
https://suumo.jp/chintai/jnc_000105678601/?bc=100493569261,ＪＲ山手線 高田馬場駅 11階建 築47年,東京都新宿区高田馬場１,100000.0,10000.0,100000.0,100000.0,4,1R,23.74,47,11,高田馬場駅,4,11.33,151619.57,82826.39,276,879,1,0.06368775842142549
https://suumo.jp/chintai/jnc_000107137654/?bc=100506719332,第３三池ビル,東京都新宿区高田馬場１,65000.0,,65000.0,65000.0,1,1K,20.0,42,4,高田馬場駅,3,11.33,151619.57,98445.68,276,1447,1,0.11049140973122357
https://suumo.jp/chintai/jnc_000105607908/?bc=100505550931,アーバンプレイス高田馬場ＸＩＡ,東京都新宿区高田馬場４,74000.0,4000.0,74000.0,,2,1R,11.76,7,2,高田馬場駅,7,10.67,151619.57,82826.39,276,879,1,0.10204677404650048
https://suumo.jp/chintai/jnc_000106492915/?bc=100501982184,ＪＲ山手線 高田馬場駅 8階建 築33年,東京都新宿区高田馬場４,230000.0,10000.0,230000.0,230000.0,1,3LDK,68.66,33,8,高田馬場駅,12,12.67,151619.57,281205.13,276,156,-1,-0.021109997668782743
https://suumo.jp/chintai/jnc_000105103271/?bc=100483840719,ＪＲ山手線 高田馬場駅 4階建 新築,東京都新宿区高田馬場４,155000.0,8000.0,,155000.0,4,1LDK,28.88,0,4,高田馬場駅,10,11.00,151619.57,170377.07,276,811,1,0.10539930785110113
https://suumo.jp/chintai/jnc_000106627977/?bc=100504127312,ＪＲ山手線 高田馬場駅 4階建 新築,東京都新宿区高田馬場４,161000.0,8000.0,,,2,1LDK,30.09,0,4,高田馬場駅,10,11.00,151619.57,170377.07,276,811,1,0.11309642720099417
https://suumo.jp/chintai/jnc_000107116281/?bc=100502481665,ヴェルデュール高田馬場,東京都新宿区高田馬場４,157000.0,8000.0,157000.0,235500.0,13,1DK,30.98,10,13,高田馬場駅,8,8.67,151619.57,130743.78,276,402,1,0.07188444853627124
https://suumo.jp/chintai/jnc_000078814627/?bc=100504953746,シエスタヒルズ,東京都新宿区高田馬場４,63000.0,,,,1,1R,9.42,17,2,高田馬場駅,4,9.00,151619.57,82826.39,276,879,1,0.09060599011701392
https://suumo.jp/chintai/jnc_000105103270/?bc=100480309454,ＪＲ山手線 高田馬場駅 4階建 新築,東京都新宿区高田馬場４,175000.0,8000.0,,175000.0,3,1LDK,32.52,0,4,高田馬場駅,10,11.00,151619.57,170377.07,276,811,1,0.11409937138310378
https://suumo.jp/chintai/jnc_000104425526/?bc=100504950756,高田馬場住宅,東京都新宿区下落合２,170000.0,10000.0,170000.0,170000.0,5,3LDK,64.0,57,14,高田馬場駅,5,9.00,151619.57,281205.13,276,156,-1,-0.019017649929579994
https://suumo.jp/chintai/jnc_000103717082/?bc=100502075330,ＪＲ山手線 高田馬場駅 地下1地上5階建 築7年,東京都新宿区高田馬場３,167000.0,15000.0,,,1,1LDK,30.04,7,6,高田馬場駅,5,11.33,151619.57,170377.07,276,811,1,0.1062891667473218
https://suumo.jp/chintai/jnc_000051047051/?bc=100501885876,ブライト・T,東京都新宿区高田馬場３,73000.0,,73000.0,73000.0,1,1K,22.0,24,3,高田馬場駅,6,11.67,151619.57,98445.68,276,1447,1,0.14580939431020118
https://suumo.jp/chintai/jnc_000106346650/?bc=100493653931,ヴェルデュール高田馬場,東京都新宿区高田馬場４,270000.0,12000.0,270000.0,405000.0,11,2LDK,56.56,10,13,高田馬場駅,8,8.67,151619.57,243512.76,276,392,1,0.013543351724400465
https://suumo.jp/chintai/jnc_000104995847/?bc=100492431423,ＹＭ高田馬場,東京都新宿区下落合１,72000.0,10000.0,72000.0,72000.0,4,1R,15.55,43,5,高田馬場駅,5,10.33,151619.57,82826.39,276,879,1,0.07517001509698074
https://suumo.jp/chintai/jnc_000107209760/?bc=100506134289,PASEO高田馬場III,東京都新宿区高田馬場３,263000.0,20000.0,263000.0,263000.0,3,2LDK,54.9,5,4,高田馬場駅,7,9.33,151619.57,243512.76,276,392,1,0.07231506075920324
https://suumo.jp/chintai/jnc_000106817662/?bc=100504215466,ＪＲ山手線 高田馬場駅 15階建 築17年,東京都新宿区高田馬場３,168000.0,15000.0,168000.0,168000.0,12,1DK,35.46,17,15,高田馬場駅,4,10.67,151619.57,130743.78,276,402,1,0.06957865705178296
https://suumo.jp/chintai/jnc_000106053184/?bc=100498574718,ＪＲ山手線 高田馬場駅 地上2階建 築10年,東京都新宿区高田馬場４,340000.0,,340000.0,340000.0,1,3LDK,74.39,10,2,高田馬場駅,7,12.00,151619.57,281205.13,276,156,-1,-0.0030356336388284166
https://suumo.jp/chintai/jnc_000107082269/?bc=100506092412,シャトルコート,東京都新宿区高田馬場４,95000.0,5000.0,95000.0,95000.0,1,1K,24.0,22,2,高田馬場駅,8,13.00,151619.57,98445.68,276,1447,1,0.1295812964253622
https://suumo.jp/chintai/jnc_000106893701/?bc=100504739103,ＪＲ山手線 高田馬場駅 7階建 築30年,東京都新宿区下落合２,70800.0,7200.0,70800.0,70800.0,6,1R,17.5,30,7,高田馬場駅,6,9.00,151619.57,82826.39,276,879,1,0.0567379089598401
https://suumo.jp/chintai/jnc_000090924044/?bc=100499226464,ＪＲ山手線 高田馬場駅 2階建 築47年,東京都新宿区高田馬場３,66000.0,,66000.0,66000.0,2,1K,20.0,47,2,高田馬場駅,11,12.67,151619.57,98445.68,276,1447,1,0.09395764755925295
https://suumo.jp/chintai/jnc_000107161953/?bc=100506945094,ＪＲ山手線 高田馬場駅 6階建 築18年,東京都新宿区高田馬場３,120000.0,10000.0,,120000.0,6,1R,30.25,18,6,高田馬場駅,7,11.67,151619.57,82826.39,276,879,1,0.07911458449853193
https://suumo.jp/chintai/jnc_000106801500/?bc=100495997882,ＪＲ山手線 高田馬場駅 12階建 築57年,東京都新宿区高田馬場３,107000.0,7000.0,214000.0,53500.0,4,1K,35.59,57,12,高田馬場駅,8,11.33,151619.57,98445.68,276,1447,1,0.07376698617502075
https://suumo.jp/chintai/jnc_000106135056/?bc=100486218402,Ｊｏ’ｓ　Ｒｅｓｉｄｅｎｃｅ　高田馬場,東京都新宿区高田馬場１,470000.0,30000.0,470000.0,611000.0,4,2LDK,62.89,2,4,高田馬場駅,4,11.00,151619.57,243512.76,276,392,-1,-0.0041381228167362005
https://suumo.jp/chintai/jnc_000013355585/?bc=100502479656,ＪＲ山手線 高田馬場駅 12階建 築24年,東京都新宿区下落合２,81000.0,9000.0,81000.0,162000.0,4,1K,23.08,24,12,高田馬場駅,7,7.00,151619.57,98445.68,276,1447,1,0.10044999418344419
https://suumo.jp/chintai/jnc_000107128851/?bc=100506847148,Tレジデンス,東京都新宿区高田馬場３,120000.0,10000.0,,120000.0,6,1R,30.25,18,6,高田馬場駅,7,11.67,151619.57,82826.39,276,879,1,0.07911458449853193
https://suumo.jp/chintai/jnc_000106422883/?bc=100504987627,Tレジデンス,東京都新宿区高田馬場３,125000.0,10000.0,,125000.0,6,1R,30.25,18,6,高田馬場駅,7,11.67,151619.57,82826.39,276,879,1,0.07779016099282493
https://suumo.jp/chintai/jnc_000107177095/?bc=100506675578,ＪＲ山手線 高田馬場駅 2階建 築40年,東京都新宿区高田馬場４,74000.0,2000.0,74000.0,74000.0,2,1K,20.0,40,2,高田馬場駅,9,12.00,151619.57,98445.68,276,1447,1,0.10660873776830965
https://suumo.jp/chintai/jnc_000106807536/?bc=100504162340,グランハイツ高田馬場,東京都新宿区高田馬場３,168000.0,15000.0,168000.0,168000.0,12,1DK,35.46,17,15,高田馬場駅,4,9.67,151619.57,130743.78,276,402,1,0.06797807623110041
https://suumo.jp/chintai/jnc_000105048557/?bc=100488653757,ＪＲ山手線 高田馬場駅 3階建 築10年,東京都新宿区高田馬場４,194000.0,6000.0,194000.0,194000.0,1,1LDK,39.83,10,3,高田馬場駅,3,10.33,151619.57,170377.07,276,811,1,0.10784738576647551
https://suumo.jp/chintai/jnc_000105103262/?bc=100474121184,グローリオシェルト高田馬場,東京都新宿区高田馬場４,160000.0,8000.0,,160000.0,4,1LDK,30.09,0,4,高田馬場駅,10,11.00,151619.57,170377.07,276,811,1,0.10774554912067535
https://suumo.jp/chintai/jnc_000100745525/?bc=100498245780,プラウド高田馬場,東京都新宿区下落合１,350000.0,,350000.0,350000.0,5,2LDK,62.04,6,9,高田馬場駅,4,6.00,151619.57,243512.76,276,392,1,0.010439172242764583
https://suumo.jp/chintai/jnc_000106881764/?bc=100430407211,VILLA SC,東京都新宿区高田馬場３,100000.0,4000.0,100000.0,100000.0,2,1K,24.54,23,2,高田馬場駅,7,12.33,151619.57,98445.68,276,1447,1,0.13647182739709007
https://suumo.jp/chintai/jnc_000105103261/?bc=100474121155,グローリオシェルト高田馬場,東京都新宿区高田馬場４,155000.0,8000.0,,155000.0,4,1LDK,28.88,0,4,高田馬場駅,10,11.00,151619.57,170377.07,276,811,1,0.10539930785110113
https://suumo.jp/chintai/jnc_000106662782/?bc=100504997251,ＪＲ山手線 高田馬場駅 12階建 築24年,東京都新宿区下落合２,78000.0,9000.0,78000.0,156000.0,1,1K,20.91,24,12,高田馬場駅,7,7.00,151619.57,98445.68,276,1447,1,0.0942987045296445
https://suumo.jp/chintai/jnc_000105103260/?bc=100474121162,グローリオシェルト高田馬場,東京都新宿区高田馬場４,175000.0,8000.0,,175000.0,3,1LDK,32.52,0,4,高田馬場駅,10,11.00,151619.57,170377.07,276,811,1,0.11409937138310378
https://suumo.jp/chintai/jnc_000105562570/?bc=100503912836,ディップス高田馬場駅前,東京都新宿区高田馬場４,149000.0,12000.0,,,2,1K,25.44,8,4,高田馬場駅,2,9.67,151619.57,98445.68,276,1447,1,0.11310458345920832
https://suumo.jp/chintai/jnc_000106978466/?bc=100505442263,ダイホープラザ高田馬場II,東京都新宿区高田馬場３,66000.0,7000.0,66000.0,66000.0,9,1R,17.16,30,11,高田馬場駅,8,9.67,151619.57,82826.39,276,879,1,0.023335797876394004
https://suumo.jp/chintai/jnc_000106719659/?bc=100503522734,ＪＲ山手線 高田馬場駅 14階建 築57年,東京都新宿区下落合２,180000.0,9000.0,180000.0,180000.0,3,2SDK,51.69,57,14,高田馬場駅,5,7.33,151619.57,253333.33,276,3,1,0.0019171642927757748
https://suumo.jp/chintai/jnc_000105478648/?bc=100495080649,グランハイツ高田馬場,東京都新宿区高田馬場３,159000.0,15000.0,159000.0,159000.0,4,1DK,32.77,17,15,高田馬場駅,4,9.67,151619.57,130743.78,276,402,1,0.11179131052708663
https://suumo.jp/chintai/jnc_000106460195/?bc=100501903767,ルネサンスコート高田馬場Patria,東京都新宿区高田馬場３,181000.0,10000.0,,,4,1LDK,30.33,3,4,高田馬場駅,7,11.00,151619.57,170377.07,276,811,1,0.11446093778937488
https://suumo.jp/chintai/jnc_000106837371/?bc=100504646559,トーシンフェニックス目白,東京都新宿区下落合２,156000.0,15000.0,,156000.0,3,2DK,40.32,25,4,高田馬場駅,8,10.00,151619.57,135945.31,276,128,1,0.04968998795444424
https://suumo.jp/chintai/jnc_000106139919/?bc=100499175357,ルネサンスコート高田馬場Patria,東京都新宿区高田馬場３,183000.0,10000.0,,,4,1LDK,36.01,3,4,高田馬場駅,7,11.00,151619.57,170377.07,276,811,1,0.11714411653218898
https://suumo.jp/chintai/jnc_000105562569/?bc=100504815593,STバード,東京都新宿区高田馬場３,60000.0,1000.0,60000.0,,2,1R,14.04,36,2,高田馬場駅,8,11.67,151619.57,82826.39,276,879,1,0.07758243378732377
https://suumo.jp/chintai/jnc_000105222852/?bc=100492922689,グランハイツ高田馬場,東京都新宿区高田馬場３,159000.0,15000.0,159000.0,159000.0,5,1DK,32.77,17,15,高田馬場駅,4,9.67,151619.57,130743.78,276,402,1,0.10807835982246816
https://suumo.jp/chintai/jnc_000106881750/?bc=100505257111,リヴアンフルール,東京都新宿区下落合１,152000.0,10000.0,152000.0,152000.0,2,1DK,28.57,0,7,高田馬場駅,8,11.67,151619.57,130743.78,276,402,1,0.14805551489494578
https://suumo.jp/chintai/jnc_000106432692/?bc=100488574541,ＪＲ山手線 高田馬場駅 6階建 築18年,東京都新宿区高田馬場３,125000.0,10000.0,,125000.0,6,1R,30.25,18,6,高田馬場駅,7,11.67,151619.57,82826.39,276,879,1,0.07779016099282493
https://suumo.jp/chintai/jnc_000107194348/?bc=100506816240,ＪＲ山手線 高田馬場駅 5階建 築43年,東京都新宿区下落合１,70000.0,3000.0,70000.0,,1,1R,15.55,43,5,高田馬場駅,3,8.67,151619.57,82826.39,276,879,1,0.06584417967775108
https://suumo.jp/chintai/jnc_000107221959/?bc=100507042527,ミュプレ高田馬場,東京都豊島区高田３,146000.0,10000.0,146000.0,146000.0,6,1K,25.6,4,12,高田馬場駅,5,10.67,151619.57,98445.68,276,1447,1,0.0918217385840096
https://suumo.jp/chintai/jnc_000107182831/?bc=100506733096,ＪＲ山手線 高田馬場駅 10階建 築7年,東京都新宿区高田馬場３,153000.0,12000.0,,153000.0,9,1K,26.47,7,10,高田馬場駅,3,5.67,151619.57,98445.68,276,1447,1,0.050187544369827364
https://suumo.jp/chintai/jnc_000106924758/?bc=100505052453,ＪＲ山手線 高田馬場駅 5階建 築56年,東京都新宿区高田馬場３,140000.0,5000.0,140000.0,70000.0,1,1LDK,37.91,56,5,高田馬場駅,6,7.00,151619.57,170377.07,276,811,1,0.06629904502192457
https://suumo.jp/chintai/jnc_000106228146/?bc=100499851644,ジャスミン高田馬場,東京都新宿区高田馬場３,73000.0,5000.0,,,3,1R,16.56,45,3,高田馬場駅,6,14.00,151619.57,82826.39,276,879,1,0.08422582943446877
https://suumo.jp/chintai/jnc_000103454070/?bc=100483946280,ＪＲ山手線 高田馬場駅 10階建 築7年,東京都新宿区高田馬場３,146000.0,12000.0,,146000.0,3,1K,26.47,7,10,高田馬場駅,3,5.67,151619.57,98445.68,276,1447,1,0.09107985543459579
https://suumo.jp/chintai/jnc_000105191277/?bc=100491945388,タワーズ高田馬場,東京都新宿区下落合２,72000.0,6000.0,72000.0,72000.0,4,1R,17.0,25,4,高田馬場駅,6,7.33,151619.57,82826.39,276,879,1,0.09547722880289744
https://suumo.jp/chintai/jnc_000105103269/?bc=100480372629,ＪＲ山手線 高田馬場駅 4階建 新築,東京都新宿区高田馬場４,162000.0,8000.0,,162000.0,3,1LDK,30.09,0,4,高田馬場駅,10,11.00,151619.57,170377.07,276,811,1,0.1119647854255213
https://suumo.jp/chintai/jnc_000107003810/?bc=100505682634,ＪＲ山手線 高田馬場駅 5階建 築40年,東京都新宿区高田馬場４,68000.0,6500.0,68000.0,68000.0,4,1R,19.23,40,5,高田馬場駅,2,7.33,151619.57,82826.39,276,879,1,0.07539489803647609
https://suumo.jp/chintai/jnc_000107087711/?bc=100506278130,セジョリ高田馬場,東京都新宿区高田馬場４,115000.0,12000.0,115000.0,115000.0,3,1K,25.5,14,6,高田馬場駅,6,11.33,151619.57,98445.68,276,1447,1,0.14196998223688762
https://suumo.jp/chintai/jnc_000105872888/?bc=100498680564,パークシティ高田馬場,東京都新宿区高田馬場４,470000.0,20000.0,470000.0,470000.0,2,3LDK,66.34,2,14,高田馬場駅,7,11.33,151619.57,281205.13,276,156,-1,-0.0461749480298419
https://suumo.jp/chintai/jnc_000106172713/?bc=100499800177,リヴアンフルール,東京都新宿区下落合１,149000.0,10000.0,149000.0,149000.0,1,1DK,28.57,0,7,高田馬場駅,8,11.67,151619.57,130743.78,276,402,1,0.1442524699459894
https://suumo.jp/chintai/jnc_000106508889/?bc=100502111416,GRAN PASEO高田馬場,東京都豊島区高田３,148000.0,15000.0,,148000.0,5,1K,26.96,7,7,高田馬場駅,7,10.67,151619.57,98445.68,276,1447,1,0.12301920763512136
https://suumo.jp/chintai/jnc_000105792622/?bc=100501499412,GRAN PASEO高田馬場,東京都豊島区高田３,148000.0,15000.0,,148000.0,5,1K,26.32,7,7,高田馬場駅,7,10.67,151619.57,98445.68,276,1447,1,0.12301920763512136
https://suumo.jp/chintai/jnc_000105103259/?bc=100474121151,グローリオシェルト高田馬場,東京都新宿区高田馬場４,162000.0,8000.0,,162000.0,3,1LDK,30.09,0,4,高田馬場駅,10,11.00,151619.57,170377.07,276,811,1,0.1119647854255213
https://suumo.jp/chintai/jnc_000106508888/?bc=100502111386,GRAN PASEO高田馬場,東京都豊島区高田３,144000.0,15000.0,,144000.0,4,1K,26.96,7,7,高田馬場駅,7,10.67,151619.57,98445.68,276,1447,1,0.1284596859817963
https://suumo.jp/chintai/jnc_000107188877/?bc=100506810654,東京メトロ東西線 高田馬場駅 5階建 築2年,東京都新宿区高田馬場３,185000.0,20000.0,185000.0,185000.0,4,1LDK,42.48,2,5,高田馬場駅,7,11.33,151619.57,170377.07,276,811,1,0.08690769946094917
https://suumo.jp/chintai/jnc_000107109066/?bc=100506525990,GRAN PASEO高田馬場,東京都豊島区高田３,144000.0,15000.0,,144000.0,4,1K,26.32,7,7,高田馬場駅,7,10.67,151619.57,98445.68,276,1447,1,0.1284596859817963
https://suumo.jp/chintai/jnc_000107154892/?bc=100506547949,グローリオシェルト高田馬場,東京都新宿区高田馬場４,157000.0,8000.0,,157000.0,3,1LDK,28.88,0,4,高田馬場駅,10,11.00,151619.57,170377.07,276,811,1,0.10992048167992102
https://suumo.jp/chintai/jnc_000106911965/?bc=100504953408,東京メトロ東西線 高田馬場駅 7階建 新築,東京都新宿区下落合１,153000.0,10000.0,153000.0,153000.0,3,1DK,28.57,0,7,高田馬場駅,7,11.33,151619.57,130743.78,276,402,1,0.15513550930765607
https://suumo.jp/chintai/jnc_000105328511/?bc=100492427123,パークシティ高田馬場,東京都新宿区高田馬場４,320000.0,29000.0,320000.0,320000.0,1,3LDK,72.18,2,14,高田馬場駅,7,11.33,151619.57,281205.13,276,156,-1,-0.03990629851715799
https://suumo.jp/chintai/jnc_000105364479/?bc=100492781758,ＪＲ山手線 高田馬場駅 4階建 築25年,東京都新宿区下落合２,72000.0,6000.0,72000.0,72000.0,4,1R,17.0,25,4,高田馬場駅,6,10.33,151619.57,82826.39,276,879,1,0.10037109845959907
https://suumo.jp/chintai/jnc_000106556230/?bc=100502303940,GRAN PASEO高田馬場,東京都豊島区高田３,131000.0,15000.0,,131000.0,3,1K,26.96,7,7,高田馬場駅,7,10.67,151619.57,98445.68,276,1447,1,0.13278857436937308
https://suumo.jp/chintai/jnc_000106408921/?bc=100501790018,ハイシティ高田馬場,東京都新宿区下落合１,73000.0,6000.0,,73000.0,4,1R,15.5,43,5,高田馬場駅,3,8.33,151619.57,82826.39,276,879,1,0.0760935942152482
https://suumo.jp/chintai/jnc_000105773403/?bc=100501499036,GRAN PASEO高田馬場,東京都豊島区高田３,133000.0,15000.0,,,1,1K,25.7,7,7,高田馬場駅,7,10.67,151619.57,98445.68,276,1447,1,0.1273123210881139
https://suumo.jp/chintai/jnc_000105937228/?bc=100477317001,プラウド高田馬場,東京都新宿区下落合１,400000.0,20000.0,400000.0,400000.0,8,2SDK,65.81,6,9,高田馬場駅,4,6.00,151619.57,253333.33,276,3,-1,-0.05270216781636605
https://suumo.jp/chintai/jnc_000106220685/?bc=100506249872,ヴィラ・パサージュ,東京都新宿区高田馬場４,80000.0,5000.0,80000.0,80000.0,3,1K,19.8,27,4,高田馬場駅,2,11.33,151619.57,98445.68,276,1447,1,0.1186446502824206
https://suumo.jp/chintai/jnc_000105887403/?bc=100497205547,ＪＲ山手線 高田馬場駅 地下1地上13階建 築2年,東京都新宿区高田馬場４,470000.0,20000.0,470000.0,470000.0,2,3LDK,66.34,2,14,高田馬場駅,7,12.67,151619.57,281205.13,276,156,-1,-0.04988687126511959
https://suumo.jp/chintai/jnc_000106161784/?bc=100499562151,ジェムストーン高田馬場,東京都新宿区高田馬場４,100000.0,10000.0,,100000.0,3,1K,20.75,14,7,高田馬場駅,9,11.33,151619.57,98445.68,276,1447,1,0.14029940778050437
https://suumo.jp/chintai/jnc_000106198974/?bc=100504953406,東京メトロ東西線 高田馬場駅 7階建 新築,東京都新宿区下落合１,154000.0,10000.0,154000.0,154000.0,4,1DK,28.57,0,7,高田馬場駅,7,11.33,151619.57,130743.78,276,402,1,0.15188016061702891
https://suumo.jp/chintai/jnc_000106704554/?bc=100504236894,高田馬場住宅,東京都新宿区下落合２,180000.0,9000.0,180000.0,180000.0,3,2SDK,51.69,57,14,高田馬場駅,5,9.00,151619.57,253333.33,276,3,1,0.006897625396811491
https://suumo.jp/chintai/jnc_000063041914/?bc=100504089312,サニースポット,東京都新宿区高田馬場４,72000.0,2000.0,72000.0,72000.0,1,1K,19.0,40,2,高田馬場駅,7,11.67,151619.57,98445.68,276,1447,1,0.10391150803767774
https://suumo.jp/chintai/jnc_000106783631/?bc=100504270135,サニーサイドヒル,東京都新宿区高田馬場４,120000.0,7000.0,120000.0,120000.0,2,1R,30.33,23,3,高田馬場駅,5,11.00,151619.57,82826.39,276,879,1,0.10373676671885318
https://suumo.jp/chintai/jnc_000106888799/?bc=100504887603,レジデンス高田馬場,東京都新宿区高田馬場４,65000.0,5000.0,65000.0,,2,1R,12.75,16,2,高田馬場駅,4,11.00,151619.57,82826.39,276,879,1,0.10652278111408692
https://suumo.jp/chintai/jnc_000106335579/?bc=100500742522,ＪＲ山手線 高田馬場駅 4階建 新築,東京都新宿区高田馬場３,148000.0,10000.0,148000.0,,2,1R,26.41,0,4,高田馬場駅,7,7.67,151619.57,82826.39,276,879,1,0.08269722623362924
https://suumo.jp/chintai/jnc_000106607557/?bc=100503027500,トキワパレス,東京都新宿区下落合１,165000.0,8000.0,165000.0,165000.0,7,3DK,50.49,53,14,高田馬場駅,3,10.33,151619.57,180500.00,276,16,1,0.0020504941256304088
https://suumo.jp/chintai/jnc_000107154891/?bc=100506547950,グローリオシェルト高田馬場,東京都新宿区高田馬場４,174000.0,8000.0,,174000.0,2,1LDK,32.52,0,4,高田馬場駅,10,11.00,151619.57,170377.07,276,811,1,0.11489380646731656
https://suumo.jp/chintai/jnc_000105678602/?bc=100495227063,ルネサンスコート高田馬場Patria,東京都新宿区高田馬場３,122000.0,10000.0,,,2,1K,20.33,3,4,高田馬場駅,7,11.00,151619.57,98445.68,276,1447,1,0.14446313163909202
https://suumo.jp/chintai/jnc_000107161952/?bc=100506594274,ASTILE高田馬場,東京都新宿区高田馬場３,185000.0,20000.0,185000.0,185000.0,4,1LDK,42.48,2,5,高田馬場駅,7,7.67,151619.57,170377.07,276,811,1,0.07473768813063414
https://suumo.jp/chintai/jnc_000106228145/?bc=100501563835,ジャスミン高田馬場,東京都新宿区高田馬場３,73000.0,5000.0,,,2,1R,18.83,45,3,高田馬場駅,6,14.00,151619.57,82826.39,276,879,1,0.0876563421352688
https://suumo.jp/chintai/jnc_000105636762/?bc=100505555912,ＪＲ山手線 高田馬場駅 2階建 築7年,東京都新宿区高田馬場４,74000.0,4000.0,74000.0,,2,1R,11.76,7,2,高田馬場駅,7,10.33,151619.57,82826.39,276,879,1,0.10127803215870945
https://suumo.jp/chintai/jnc_000104816672/?bc=100488650460,パークアクシス高田馬場テラス,東京都新宿区高田馬場２,125000.0,10000.0,125000.0,125000.0,1,1K,25.06,14,6,高田馬場駅,7,10.00,151619.57,98445.68,276,1447,1,0.13988507468422512
https://suumo.jp/chintai/jnc_000107169530/?bc=100506637750,ルネサンスコート高田馬場Ｃａｌｍｅ,東京都新宿区高田馬場４,120000.0,20000.0,120000.0,,1,1K,25.6,4,4,高田馬場駅,7,10.67,151619.57,98445.68,276,1447,1,0.10164474173698246
https://suumo.jp/chintai/jnc_000107096494/?bc=100506812895,ドムス・スタイル高田馬場,東京都新宿区高田馬場３,153000.0,12000.0,,153000.0,9,1K,26.47,7,10,高田馬場駅,3,9.67,151619.57,98445.68,276,1447,1,0.07960188018683839
https://suumo.jp/chintai/jnc_000106508086/?bc=100502053004,ルクレ高田馬場,東京都新宿区高田馬場３,169000.0,15000.0,,169000.0,2,1K,30.38,7,6,高田馬場駅,5,10.00,151619.57,98445.68,276,1447,1,0.11970717806908043
https://suumo.jp/chintai/jnc_000106843853/?bc=100504454977,パークアクシス高田馬場,東京都豊島区高田３,205000.0,10000.0,205000.0,205000.0,9,1LDK,39.05,18,14,高田馬場駅,5,10.33,151619.57,170377.07,276,811,1,0.045741490844380894
https://suumo.jp/chintai/jnc_000102077604/?bc=100505897638,ルーブル高田馬場,東京都新宿区高田馬場４,80000.0,10000.0,,80000.0,2,1K,20.25,23,5,高田馬場駅,9,11.67,151619.57,98445.68,276,1447,1,0.13487306213188716
https://suumo.jp/chintai/jnc_000106381578/?bc=100500656575,ASTILE高田馬場,東京都新宿区高田馬場３,196000.0,20000.0,196000.0,,4,1LDK,42.48,2,5,高田馬場駅,7,7.67,151619.57,170377.07,276,811,1,0.07331893270383777
https://suumo.jp/chintai/jnc_000106381578/?bc=100500656575,ASTILE高田馬場,東京都新宿区高田馬場３,196000.0,20000.0,196000.0,,5,1LDK,42.48,2,5,高田馬場駅,7,7.67,151619.57,170377.07,276,811,1,0.061203334787397645
https://suumo.jp/chintai/jnc_000105496288/?bc=100499589094,ＪＲ山手線 高田馬場駅 15階建 築17年,東京都新宿区高田馬場３,159000.0,15000.0,159000.0,159000.0,4,1DK,32.77,17,15,高田馬場駅,4,10.67,151619.57,130743.78,276,402,1,0.11463312651834173
https://suumo.jp/chintai/jnc_000106172718/?bc=100499804444,リヴアンフルール,東京都新宿区下落合１,154000.0,10000.0,154000.0,154000.0,4,1DK,28.57,0,7,高田馬場駅,8,11.67,151619.57,130743.78,276,402,1,0.14523138050065598
https://suumo.jp/chintai/jnc_000106817661/?bc=100504181033,ＪＲ山手線 高田馬場駅 15階建 築17年,東京都新宿区高田馬場３,201000.0,15000.0,201000.0,201000.0,11,1LDK,47.4,17,15,高田馬場駅,4,10.67,151619.57,170377.07,276,811,1,0.026713382169889888
https://suumo.jp/chintai/jnc_000106837388/?bc=100504603823,ＪＲ山手線 高田馬場駅 2階建 築29年,東京都新宿区高田馬場４,97000.0,3000.0,97000.0,97000.0,1,1K,26.22,29,2,高田馬場駅,3,11.00,151619.57,98445.68,276,1447,1,0.11510571213344023
https://suumo.jp/chintai/jnc_000104844245/?bc=100488621972,Ｃｒｅｓｔ高田馬場,東京都新宿区高田馬場４,194000.0,6000.0,194000.0,194000.0,1,1LDK,39.83,10,3,高田馬場駅,3,10.33,151619.57,170377.07,276,811,1,0.10784738576647551
https://suumo.jp/chintai/jnc_000106476554/?bc=100505305220,ビクタス高田馬場,東京都新宿区高田馬場４,64000.0,3000.0,64000.0,64000.0,1,1R,9.36,14,2,高田馬場駅,6,10.67,151619.57,82826.39,276,879,1,0.08684870576716414
https://suumo.jp/chintai/jnc_000105458781/?bc=100493861781,コーポアルプ,東京都新宿区高田馬場４,100000.0,6500.0,100000.0,100000.0,1,1DK,30.48,40,5,高田馬場駅,2,7.33,151619.57,130743.78,276,402,1,0.11976810669145893
https://suumo.jp/chintai/jnc_000106439424/?bc=100501574214,グローリオシェルト高田馬場,東京都新宿区高田馬場４,161000.0,8000.0,,,2,1LDK,30.09,0,4,高田馬場駅,10,11.00,151619.57,170377.07,276,811,1,0.11309642720099417
https://suumo.jp/chintai/jnc_000107137658/?bc=100503512451,プリティ・メゾン,東京都新宿区高田馬場４,71000.0,4000.0,71000.0,71000.0,2,1R,12.55,35,2,高田馬場駅,5,10.67,151619.57,82826.39,276,879,1,0.10026062776746586
https://suumo.jp/chintai/jnc_000105730274/?bc=100495498922,ソアブール高田馬場,東京都新宿区高田馬場１,103000.0,11000.0,,206000.0,8,1K,20.42,25,13,高田馬場駅,2,10.33,151619.57,98445.68,276,1447,1,0.053223744203742096
https://suumo.jp/chintai/jnc_000107161951/?bc=100506595134,ASTILE高田馬場,東京都新宿区高田馬場３,84000.0,15000.0,84000.0,84000.0,1,1K,18.14,2,5,高田馬場駅,7,7.67,151619.57,98445.68,276,1447,1,0.1054878008711993
https://suumo.jp/chintai/jnc_000107108194/?bc=100503517633,プリティ・メゾン,東京都新宿区高田馬場４,76000.0,4000.0,76000.0,38000.0,2,1R,12.55,35,2,高田馬場駅,5,10.67,151619.57,82826.39,276,879,1,0.09599430781780621
https://suumo.jp/chintai/jnc_000106991500/?bc=100505559396,ソアブール高田馬場,東京都新宿区高田馬場１,95000.0,5000.0,95000.0,95000.0,11,1K,21.38,25,13,高田馬場駅,2,10.33,151619.57,98445.68,276,1447,1,0.03423086581800405
https://suumo.jp/chintai/jnc_000106958996/?bc=100505715115,グランハイツ高田馬場,東京都新宿区高田馬場３,175000.0,15000.0,175000.0,175000.0,12,1LDK,40.52,17,15,高田馬場駅,4,9.67,151619.57,170377.07,276,811,1,0.0218986241952302
https://suumo.jp/chintai/jnc_000106731963/?bc=100505991165,スカイコート高田馬場第五,東京都新宿区下落合２,83000.0,9000.0,83000.0,83000.0,9,1K,18.14,25,12,高田馬場駅,7,12.33,151619.57,98445.68,276,1447,1,0.062385345773469825
https://suumo.jp/chintai/jnc_000106576507/?bc=100502643400,ＪＲ山手線 高田馬場駅 15階建 築17年,東京都新宿区高田馬場３,145000.0,15000.0,145000.0,145000.0,8,1K,30.2,17,15,高田馬場駅,4,10.67,151619.57,98445.68,276,1447,1,0.06355880264611202
https://suumo.jp/chintai/jnc_000106783630/?bc=100505247467,ニューハイツ高田馬場,東京都新宿区高田馬場４,144000.0,20000.0,144000.0,144000.0,8,1DK,39.49,45,8,高田馬場駅,3,10.67,151619.57,130743.78,276,402,1,0.061805767418800894
https://suumo.jp/chintai/jnc_000106267912/?bc=100500218317,ＪＲ山手線 高田馬場駅 3階建 築45年,東京都新宿区高田馬場３,73000.0,5000.0,,,3,1R,18.83,45,3,高田馬場駅,6,11.33,151619.57,82826.39,276,879,1,0.10520371390016764
https://suumo.jp/chintai/jnc_000106801499/?bc=100504070485,ＪＲ山手線 高田馬場駅 2階建 築2年,東京都新宿区高田馬場１,71000.0,4000.0,,,1,1R,10.04,2,2,高田馬場駅,5,12.00,151619.57,82826.39,276,879,1,0.0948409497522748
https://suumo.jp/chintai/jnc_000106794398/?bc=100504144012,CharlesHouse高田馬場,東京都新宿区高田馬場１,71000.0,4000.0,,,1,1R,10.04,2,2,高田馬場駅,3,11.33,151619.57,82826.39,276,879,1,0.07794354540670456
https://suumo.jp/chintai/jnc_000106139920/?bc=100501681877,西武新宿線 下落合駅 4階建 築3年,東京都新宿区高田馬場３,183000.0,10000.0,,,4,1LDK,36.01,3,4,高田馬場駅,7,7.67,151619.57,170377.07,276,811,1,0.10232602873536462
https://suumo.jp/chintai/jnc_000106745058/?bc=100503656679,ＪＲ山手線 高田馬場駅 3階建 築45年,東京都新宿区高田馬場３,73000.0,5000.0,,,3,1R,16.56,45,3,高田馬場駅,6,11.33,151619.57,82826.39,276,879,1,0.10431713867900566
https://suumo.jp/chintai/jnc_000106220684/?bc=100504348954,ジャスミン高田馬場,東京都新宿区高田馬場３,67000.0,3000.0,,,1,1R,12.37,45,3,高田馬場駅,6,14.00,151619.57,82826.39,276,879,1,0.0561961334443144
https://suumo.jp/chintai/jnc_000106854240/?bc=100504470651,メゾンエイト,東京都新宿区高田馬場３,69000.0,1000.0,69000.0,,2,1R,11.5,63,2,高田馬場駅,7,7.00,151619.57,82826.39,276,879,1,0.00900769771559673
https://suumo.jp/chintai/jnc_000106176481/?bc=100499860976,ＪＲ山手線 高田馬場駅 15階建 築17年,東京都新宿区高田馬場３,145000.0,15000.0,145000.0,145000.0,8,1K,30.26,17,15,高田馬場駅,4,10.67,151619.57,98445.68,276,1447,1,0.06355880264611202
https://suumo.jp/chintai/jnc_000106817660/?bc=100504335041,ＪＲ山手線 高田馬場駅 15階建 築17年,東京都新宿区高田馬場３,150000.0,15000.0,150000.0,150000.0,11,1K,30.26,17,15,高田馬場駅,4,10.67,151619.57,98445.68,276,1447,1,0.04221008913098612
https://suumo.jp/chintai/jnc_000106807535/?bc=100507029062,グランハイツ高田馬場,東京都新宿区高田馬場３,201000.0,15000.0,201000.0,201000.0,11,1LDK,47.4,17,15,高田馬場駅,4,9.67,151619.57,170377.07,276,811,1,0.02162211590014168
https://suumo.jp/chintai/jnc_000106978470/?bc=100505648130,ヴィラハシモト,東京都新宿区高田馬場４,137000.0,4500.0,137000.0,,2,2DK,35.0,37,3,高田馬場駅,7,12.00,151619.57,135945.31,276,128,1,0.06393953782456929
https://suumo.jp/chintai/jnc_000106862500/?bc=100504520247,シーフォルム高田馬場2,東京都新宿区下落合１,149000.0,19000.0,149000.0,149000.0,2,1DK,26.73,2,8,高田馬場駅,3,8.33,151619.57,130743.78,276,402,1,0.10831648227627322
https://suumo.jp/chintai/jnc_000106168092/?bc=100499684469,リヴアンフルール,東京都新宿区下落合１,205000.0,15000.0,205000.0,205000.0,2,2LDK,46.38,0,7,高田馬場駅,8,11.67,151619.57,243512.76,276,392,1,0.08127974813878841
https://suumo.jp/chintai/jnc_000106172716/?bc=100499800122,リヴアンフルール,東京都新宿区下落合１,206000.0,15000.0,206000.0,206000.0,3,2LDK,46.38,0,7,高田馬場駅,8,11.67,151619.57,243512.76,276,392,1,0.0824416563824571
https://suumo.jp/chintai/jnc_000106172715/?bc=100499804207,リヴアンフルール,東京都新宿区下落合１,143000.0,10000.0,143000.0,143000.0,3,1R,28.97,0,7,高田馬場駅,8,11.67,151619.57,82826.39,276,879,1,0.07755190955538849
https://suumo.jp/chintai/jnc_000106627961/?bc=100502924134,コンシェリア目白 THE GRAND RESIDENCE,東京都新宿区下落合２,120000.0,15000.0,,120000.0,4,1K,27.83,10,5,高田馬場駅,6,8.33,151619.57,98445.68,276,1447,1,0.12121443526404879
https://suumo.jp/chintai/jnc_000106920189/?bc=100505176927,ＪＲ山手線 高田馬場駅 8階建 築45年,東京都新宿区高田馬場４,144000.0,20000.0,144000.0,144000.0,8,1DK,39.49,45,8,高田馬場駅,3,12.00,151619.57,130743.78,276,402,1,0.056539828549533155
https://suumo.jp/chintai/jnc_000107108199/?bc=100506289264,ＪＲ山手線 高田馬場駅 13階建 築10年,東京都新宿区高田馬場４,190000.0,8000.0,190000.0,285000.0,7,1LDK,40.98,10,13,高田馬場駅,8,8.67,151619.57,170377.07,276,811,1,0.054121502923284714
https://suumo.jp/chintai/jnc_000106172719/?bc=100502024692,リヴアンフルール,東京都新宿区下落合１,207000.0,15000.0,207000.0,207000.0,4,2LDK,46.38,0,7,高田馬場駅,8,11.67,151619.57,243512.76,276,392,1,0.07691594291918952
https://suumo.jp/chintai/jnc_000081751588/?bc=100505271986,ＪＲ山手線 高田馬場駅 2階建 築17年,東京都新宿区高田馬場４,63000.0,,,,1,1R,9.42,17,2,高田馬場駅,4,9.67,151619.57,82826.39,276,879,1,0.09180338314158615
https://suumo.jp/chintai/jnc_000106958997/?bc=100502406044,ニューハイツ高田馬場,東京都新宿区高田馬場４,139000.0,20000.0,139000.0,139000.0,8,1DK,34.49,45,8,高田馬場駅,3,10.67,151619.57,130743.78,276,402,1,0.06292838991869149
https://suumo.jp/chintai/jnc_000053059970/?bc=100478797012,北川荘,東京都新宿区高田馬場３,50200.0,,50200.0,50200.0,1,1K,16.0,49,2,高田馬場駅,6,7.50,151619.57,98445.68,276,1447,1,0.0785838332431873
https://suumo.jp/chintai/jnc_000106662781/?bc=100504469835,トキワパレス,東京都新宿区下落合１,130000.0,,130000.0,130000.0,13,1DK,33.6,53,14,高田馬場駅,3,10.33,151619.57,130743.78,276,402,1,0.04047058642315654
https://suumo.jp/chintai/jnc_000106966255/?bc=100505002152,ＪＲ山手線 高田馬場駅 8階建 築45年,東京都新宿区高田馬場４,139000.0,20000.0,139000.0,139000.0,8,1DK,39.49,45,8,高田馬場駅,3,12.00,151619.57,130743.78,276,402,1,0.056218801668716234
https://suumo.jp/chintai/jnc_000105423668/?bc=100493619997,ヴェルデュール高田馬場,東京都新宿区高田馬場４,182000.0,8000.0,182000.0,273000.0,4,1LDK,40.98,10,13,高田馬場駅,8,8.67,151619.57,170377.07,276,811,1,0.07643160715256758
https://suumo.jp/chintai/jnc_000106172720/?bc=100505809671,リヴアンフルール,東京都新宿区下落合１,263000.0,15000.0,263000.0,263000.0,5,2LDK,47.29,0,7,高田馬場駅,8,11.67,151619.57,243512.76,276,392,1,0.06731973382429923
https://suumo.jp/chintai/jnc_000106172723/?bc=100501612800,リヴアンフルール,東京都新宿区下落合１,234000.0,15000.0,234000.0,234000.0,6,2LDK,50.29,0,7,高田馬場駅,8,11.67,151619.57,243512.76,276,392,1,0.06988426581894941
https://suumo.jp/chintai/jnc_000106172723/?bc=100501612800,リヴアンフルール,東京都新宿区下落合１,234000.0,15000.0,234000.0,234000.0,7,2LDK,50.29,0,7,高田馬場駅,8,11.67,151619.57,243512.76,276,392,1,0.0645806700894998
https://suumo.jp/chintai/jnc_000106172717/?bc=100499684457,リヴアンフルール,東京都新宿区下落合１,278000.0,15000.0,278000.0,278000.0,6,2LDK,50.65,0,7,高田馬場駅,8,11.67,151619.57,243512.76,276,392,1,0.060714680172559876
https://suumo.jp/chintai/jnc_000106172717/?bc=100499684457,リヴアンフルール,東京都新宿区下落合１,278000.0,15000.0,278000.0,278000.0,7,2LDK,50.65,0,7,高田馬場駅,8,11.67,151619.57,243512.76,276,392,1,0.05631184250881072
https://suumo.jp/chintai/jnc_000105688447/?bc=100505375489,西武新宿線 下落合駅 4階建 築3年,東京都新宿区高田馬場３,122000.0,10000.0,,,2,1K,20.33,3,4,高田馬場駅,7,7.67,151619.57,98445.68,276,1447,1,0.13224849737421168
https://suumo.jp/chintai/jnc_000082040551/?bc=100501930021,ＪＲ山手線 高田馬場駅 3階建 築45年,東京都新宿区高田馬場３,73000.0,3000.0,,,2,1R,18.83,45,3,高田馬場駅,6,11.33,151619.57,82826.39,276,879,1,0.09556203058466822
https://suumo.jp/chintai/jnc_000103903370/?bc=100491299645,サニースポット,東京都新宿区高田馬場４,72000.0,2000.0,72000.0,72000.0,1,1K,17.0,40,2,高田馬場駅,7,11.67,151619.57,98445.68,276,1447,1,0.1007477109076857
https://suumo.jp/chintai/jnc_000106604693/?bc=100502705020,ラク－ネII,東京都新宿区高田馬場４,85000.0,2000.0,85000.0,,2,1K,26.0,58,2,高田馬場駅,9,11.67,151619.57,98445.68,276,1447,1,0.07401416371354025
https://suumo.jp/chintai/jnc_000107087712/?bc=100506156061,ヴェルデュール高田馬場,東京都新宿区高田馬場４,190000.0,8000.0,190000.0,285000.0,7,1LDK,40.98,10,13,高田馬場駅,8,8.67,151619.57,170377.07,276,811,1,0.054121502923284714
https://suumo.jp/chintai/jnc_000106843362/?bc=100504508308,ＪＲ山手線 目白駅 4階建 築25年,東京都新宿区下落合２,156000.0,15000.0,,156000.0,3,2DK,40.32,25,4,高田馬場駅,7,9.00,151619.57,135945.31,276,128,1,0.05142992844110872
https://suumo.jp/chintai/jnc_000106198970/?bc=100504953399,東京メトロ東西線 高田馬場駅 7階建 新築,東京都新宿区下落合１,205000.0,15000.0,205000.0,205000.0,2,2LDK,46.38,0,7,高田馬場駅,7,11.33,151619.57,243512.76,276,392,1,0.0891687846392018
https://suumo.jp/chintai/jnc_000106870274/?bc=100504890273,リヴアンフルール,東京都新宿区下落合１,139000.0,10000.0,139000.0,139000.0,1,1R,28.97,0,7,高田馬場駅,8,11.67,151619.57,82826.39,276,879,1,0.07729758640964224
https://suumo.jp/chintai/jnc_000106198972/?bc=100504953410,東京メトロ東西線 高田馬場駅 7階建 新築,東京都新宿区下落合１,206000.0,15000.0,206000.0,206000.0,3,2LDK,46.38,0,7,高田馬場駅,7,11.33,151619.57,243512.76,276,392,1,0.09109710386862369
https://suumo.jp/chintai/jnc_000080108873/?bc=100394067823,コーポサカキバラ,東京都新宿区高田馬場４,55000.0,5000.0,55000.0,55000.0,1,1R,21.06,46,2,高田馬場駅,11,13.00,151619.57,82826.39,276,879,1,0.0581220282130539
https://suumo.jp/chintai/jnc_000106182822/?bc=100504953404,東京メトロ東西線 高田馬場駅 7階建 新築,東京都新宿区下落合１,207000.0,15000.0,207000.0,207000.0,4,2LDK,46.38,0,7,高田馬場駅,7,11.33,151619.57,243512.76,276,392,1,0.08597471106222743
https://suumo.jp/chintai/jnc_000106198973/?bc=100504953413,東京メトロ東西線 高田馬場駅 7階建 新築,東京都新宿区下落合１,278000.0,15000.0,278000.0,278000.0,4,2LDK,50.65,0,7,高田馬場駅,7,11.33,151619.57,243512.76,276,392,1,0.07983453898220638
https://suumo.jp/chintai/jnc_000105887398/?bc=100496928380,プラウド高田馬場,東京都新宿区下落合１,220000.0,15000.0,220000.0,220000.0,4,1LDK,44.58,6,9,高田馬場駅,4,6.00,151619.57,170377.07,276,811,1,0.05259183511180687
https://suumo.jp/chintai/jnc_000106765955/?bc=100503797770,リヴアンフルール,東京都新宿区下落合１,240000.0,15000.0,240000.0,240000.0,6,2LDK,50.29,0,7,高田馬場駅,8,11.67,151619.57,243512.76,276,392,1,0.06810292586469213
https://suumo.jp/chintai/jnc_000106182823/?bc=100506221985,東京メトロ東西線 高田馬場駅 7階建 新築,東京都新宿区下落合１,263000.0,15000.0,263000.0,263000.0,5,2LDK,47.29,0,7,高田馬場駅,7,11.33,151619.57,243512.76,276,392,1,0.07710667705736618
https://suumo.jp/chintai/jnc_000106198975/?bc=100504299516,東京メトロ東西線 高田馬場駅 7階建 新築,東京都新宿区下落合１,234000.0,15000.0,234000.0,234000.0,6,2LDK,50.29,0,7,高田馬場駅,7,11.33,151619.57,243512.76,276,392,1,0.07733612547358171
https://suumo.jp/chintai/jnc_000106949854/?bc=100506956731,パークシティ高田馬場,東京都新宿区高田馬場４,220000.0,,220000.0,220000.0,4,1R,36.01,2,14,高田馬場駅,7,11.33,151619.57,82826.39,276,879,1,0.05219562525320537
https://suumo.jp/chintai/jnc_000106182825/?bc=100504299538,東京メトロ東西線 高田馬場駅 7階建 新築,東京都新宿区下落合１,245000.0,15000.0,245000.0,245000.0,6,2LDK,52.01,0,7,高田馬場駅,7,11.33,151619.57,243512.76,276,392,1,0.0764937241826616
https://suumo.jp/chintai/jnc_000106172722/?bc=100499800015,リヴアンフルール,東京都新宿区下落合１,245000.0,15000.0,245000.0,245000.0,6,2LDK,52.01,0,7,高田馬場駅,8,11.67,151619.57,243512.76,276,392,1,0.06902770292021859
https://suumo.jp/chintai/jnc_000107169526/?bc=100506644546,ＪＲ山手線 高田馬場駅 3階建 築38年,東京都新宿区高田馬場３,69000.0,,69000.0,,2,1R,19.0,38,3,高田馬場駅,5,11.33,151619.57,82826.39,276,879,1,0.11331935587946063
https://suumo.jp/chintai/jnc_000105048556/?bc=100454506422,丹頂マンション,東京都新宿区高田馬場３,75000.0,,75000.0,75000.0,2,1K,20.06,55,4,高田馬場駅,5,9.67,151619.57,98445.68,276,1447,1,0.10749930383042627
https://suumo.jp/chintai/jnc_000107026572/?bc=100505803517,グリーンハイム高橋,東京都新宿区高田馬場４,74000.0,2000.0,74000.0,,2,1R,20.05,36,3,高田馬場駅,7,11.67,151619.57,82826.39,276,879,1,0.08877322783749225
https://suumo.jp/chintai/jnc_000106198968/?bc=100504953400,東京メトロ東西線 高田馬場駅 7階建 新築,東京都新宿区下落合１,149000.0,10000.0,149000.0,149000.0,1,1DK,28.57,0,7,高田馬場駅,7,11.33,151619.57,130743.78,276,402,1,0.15057049388091137
https://suumo.jp/chintai/jnc_000106966212/?bc=100506221996,東京メトロ東西線 高田馬場駅 7階建 新築,東京都新宿区下落合１,144000.0,10000.0,144000.0,144000.0,2,1R,29.93,0,7,高田馬場駅,7,11.33,151619.57,82826.39,276,879,1,0.08353831665893352
https://suumo.jp/chintai/jnc_000106911964/?bc=100506221999,東京メトロ東西線 高田馬場駅 7階建 新築,東京都新宿区下落合１,142000.0,10000.0,142000.0,142000.0,2,1R,28.97,0,7,高田馬場駅,7,11.33,151619.57,82826.39,276,879,1,0.08772647295091934
https://suumo.jp/chintai/jnc_000106915925/?bc=100504953403,東京メトロ東西線 高田馬場駅 7階建 新築,東京都新宿区下落合１,139000.0,10000.0,139000.0,139000.0,1,1R,28.97,0,7,高田馬場駅,7,11.33,151619.57,82826.39,276,879,1,0.08449688176702447
https://suumo.jp/chintai/jnc_000107177094/?bc=100506677839,東京メトロ東西線 高田馬場駅 5階建 築2年,東京都新宿区高田馬場３,84000.0,15000.0,84000.0,84000.0,1,1R,18.14,2,5,高田馬場駅,7,11.33,151619.57,82826.39,276,879,1,0.0893735632173967
https://suumo.jp/chintai/jnc_000106297778/?bc=100500573854,スカイコート高田馬場第２,東京都新宿区下落合２,70800.0,7200.0,70800.0,70800.0,6,1R,17.5,30,7,高田馬場駅,6,9.67,151619.57,82826.39,276,879,1,0.056423953950386685
https://suumo.jp/chintai/jnc_000104464217/?bc=100486106425,ＪＲ山手線 高田馬場駅 2階建 築9年,東京都新宿区高田馬場３,75000.0,4000.0,,75000.0,1,1R,10.56,9,2,高田馬場駅,8,11.67,151619.57,82826.39,276,879,1,0.09394116364417204
https://suumo.jp/chintai/jnc_000107052860/?bc=100505969327,ＪＲ山手線 高田馬場駅 7階建 築13年,東京都新宿区下落合２,290000.0,10000.0,580000.0,290000.0,4,2LDK,49.63,13,7,高田馬場駅,7,8.67,151619.57,243512.76,276,392,1,0.07620042299281704
https://suumo.jp/chintai/jnc_000107091707/?bc=100506159632,ダイホープラザ高田馬場II,東京都新宿区高田馬場３,76000.0,7000.0,76000.0,76000.0,3,1K,19.29,30,11,高田馬場駅,8,9.67,151619.57,98445.68,276,1447,1,0.1153429185655912
https://suumo.jp/chintai/jnc_000105196541/?bc=100507042708,高田馬場ダイカンプラザ,東京都新宿区高田馬場１,95000.0,5000.0,95000.0,95000.0,4,1R,20.79,47,11,高田馬場駅,4,9.67,151619.57,82826.39,276,879,1,0.06065666114945922
https://suumo.jp/chintai/jnc_000106576508/?bc=100502488937,サンテラス,東京都新宿区高田馬場４,70000.0,3000.0,,,2,1K,20.0,34,3,高田馬場駅,4,11.00,151619.57,98445.68,276,1447,1,0.12435784007050527
https://suumo.jp/chintai/jnc_000106739661/?bc=100503804373,高田馬場学生ハイツ,東京都新宿区高田馬場３,51000.0,3000.0,51000.0,51000.0,1,1R,16.0,40,4,高田馬場駅,6,11.67,151619.57,82826.39,276,879,1,0.07954096483368356
https://suumo.jp/chintai/jnc_000106381581/?bc=100501455853,ヴェルフォーレ・Ｗ,東京都新宿区高田馬場４,150000.0,10000.0,150000.0,150000.0,2,2LDK,51.19,37,5,高田馬場駅,8,11.67,151619.57,243512.76,276,392,1,0.08470358102060827
https://suumo.jp/chintai/jnc_000106881749/?bc=100505419714,リヴアンフルール,東京都新宿区下落合１,142000.0,10000.0,142000.0,142000.0,2,1R,28.97,0,7,高田馬場駅,8,11.67,151619.57,82826.39,276,879,1,0.08087810792089911
https://suumo.jp/chintai/jnc_000105103272/?bc=100487155402,ＪＲ山手線 高田馬場駅 4階建 新築,東京都新宿区高田馬場４,160000.0,8000.0,,160000.0,4,1LDK,30.09,0,4,高田馬場駅,10,11.00,151619.57,170377.07,276,811,1,0.10774554912067535
https://suumo.jp/chintai/jnc_000106592326/?bc=100505841375,ＪＲ山手線 高田馬場駅 13階建 築46年,東京都新宿区西早稲田３,148000.0,,148000.0,148000.0,3,2DK,45.0,46,13,高田馬場駅,10,16.00,151619.57,135945.31,276,128,-1,-0.012468528817453306
https://suumo.jp/chintai/jnc_000106601279/?bc=100471537697,クレシア　サンライズ,東京都新宿区高田馬場３,91000.0,8000.0,,136500.0,2,1R,25.35,19,3,高田馬場駅,7,10.67,151619.57,82826.39,276,879,1,0.11739299804642922
https://suumo.jp/chintai/jnc_000106119933/?bc=100501901947,グランハイツ高田馬場,東京都新宿区高田馬場３,143000.0,15000.0,143000.0,143000.0,8,1R,27.57,17,15,高田馬場駅,4,9.67,151619.57,82826.39,276,879,1,0.02293058960463723
https://suumo.jp/chintai/jnc_000106538852/?bc=100502300817,グランハイツ高田馬場,東京都新宿区高田馬場３,145000.0,15000.0,145000.0,145000.0,8,1K,30.2,17,15,高田馬場駅,4,9.67,151619.57,98445.68,276,1447,1,0.06352885748708315
https://suumo.jp/chintai/jnc_000105651092/?bc=100501472179,グランハイツ高田馬場,東京都新宿区高田馬場３,155000.0,15000.0,155000.0,155000.0,15,1K,30.26,17,15,高田馬場駅,4,9.67,151619.57,98445.68,276,1447,1,0.013139019687123943
https://suumo.jp/chintai/jnc_000106176480/?bc=100500889734,グランハイツ高田馬場,東京都新宿区高田馬場３,145000.0,15000.0,145000.0,145000.0,15,1K,30.26,17,15,高田馬場駅,4,9.67,151619.57,98445.68,276,1447,1,0.015430863554464325
https://suumo.jp/chintai/jnc_000106807534/?bc=100504149513,グランハイツ高田馬場,東京都新宿区高田馬場３,150000.0,15000.0,150000.0,150000.0,11,1K,30.26,17,15,高田馬場駅,4,9.67,151619.57,98445.68,276,1447,1,0.0418549363666173
https://suumo.jp/chintai/jnc_000106958998/?bc=100505304979,ＪＲ山手線 高田馬場駅 3階建 築37年,東京都新宿区高田馬場４,137000.0,4500.0,137000.0,,2,2DK,35.0,37,3,高田馬場駅,4,10.00,151619.57,135945.31,276,128,1,0.06322531821005378
https://suumo.jp/chintai/jnc_000106126497/?bc=100505456389,MAISON DE T,東京都新宿区高田馬場３,170000.0,10000.0,170000.0,,4,1LDK,38.77,5,5,高田馬場駅,5,9.00,151619.57,170377.07,276,811,1,0.11851403288207729
https://suumo.jp/chintai/jnc_000104988880/?bc=100490323118,メイクスデザイン高田馬場,東京都新宿区下落合２,198000.0,12000.0,,,6,1LDK,40.66,14,7,高田馬場駅,7,9.67,151619.57,170377.07,276,811,1,0.08224446514283451
https://suumo.jp/chintai/jnc_000106893707/?bc=100505305334,めぐみハイツ,東京都新宿区高田馬場３,60000.0,,60000.0,60000.0,2,1R,11.0,49,2,高田馬場駅,7,10.67,151619.57,82826.39,276,879,1,0.07213749118931728
https://suumo.jp/chintai/jnc_000106145856/?bc=100506782375,コンシェリア東京 ＴＨＥ ＲＥＳＩＤＥＮＣＥ,東京都新宿区高田馬場４,198000.0,20000.0,,,1,1LDK,41.63,12,5,高田馬場駅,2,8.33,151619.57,170377.07,276,811,1,0.05244641765951341
https://suumo.jp/chintai/jnc_000106881751/?bc=100506891067,リヴアンフルール,東京都新宿区下落合１,153000.0,10000.0,153000.0,153000.0,3,1DK,28.57,0,7,高田馬場駅,8,11.67,151619.57,130743.78,276,402,1,0.14854542842234697
https://suumo.jp/chintai/jnc_000107003808/?bc=100502196080,ニューハイツ高田馬場,東京都新宿区高田馬場４,139000.0,20000.0,139000.0,139000.0,8,1DK,34.46,45,8,高田馬場駅,3,10.67,151619.57,130743.78,276,402,1,0.06292838991869149
https://suumo.jp/chintai/jnc_000107154890/?bc=100506529527,クレシア　サンライズ,東京都新宿区高田馬場３,93000.0,8000.0,,93000.0,3,1R,23.84,19,3,高田馬場駅,7,10.67,151619.57,82826.39,276,879,1,0.11972161354324151
https://suumo.jp/chintai/jnc_000106168108/?bc=100501746134,パークシティ高田馬場,東京都新宿区高田馬場４,470000.0,,940000.0,470000.0,3,3LDK,72.69,2,14,高田馬場駅,7,11.33,151619.57,281205.13,276,156,-1,-0.030678580273932776
https://suumo.jp/chintai/jnc_000106145853/?bc=100499252422,丹頂マンション,東京都新宿区高田馬場３,73000.0,,73000.0,73000.0,1,1K,20.06,55,4,高田馬場駅,5,9.67,151619.57,98445.68,276,1447,1,0.10640065744405341
https://suumo.jp/chintai/jnc_000106096869/?bc=100498765458,ＪＲ山手線 高田馬場駅 地上2階建 築10年,東京都新宿区高田馬場４,340000.0,,340000.0,340000.0,1,3LDK,74.39,10,2,高田馬場駅,7,12.00,151619.57,281205.13,276,156,-1,-0.0030356336388284166
https://suumo.jp/chintai/jnc_000106096869/?bc=100498765458,ＪＲ山手線 高田馬場駅 地上2階建 築10年,東京都新宿区高田馬場４,340000.0,,340000.0,340000.0,2,3LDK,74.39,10,2,高田馬場駅,7,12.00,151619.57,281205.13,276,156,1,0.003755890679954743
https://suumo.jp/chintai/jnc_000106801486/?bc=100504479335,SYFORME　TAKADANOBABAII,東京都新宿区下落合１,149000.0,19000.0,149000.0,149000.0,2,1DK,26.73,2,8,高田馬場駅,3,8.33,151619.57,130743.78,276,402,1,0.10831648227627322
https://suumo.jp/chintai/jnc_000105778857/?bc=100496049695,高田馬場住宅,東京都新宿区下落合２,200000.0,10000.0,400000.0,200000.0,4,1LDK,51.66,57,14,高田馬場駅,5,9.00,151619.57,170377.07,276,811,1,0.031168677441254122
https://suumo.jp/chintai/jnc_000106822011/?bc=100504292201,ハイツ・サン,東京都新宿区高田馬場４,97000.0,3000.0,97000.0,97000.0,1,1K,26.22,29,2,高田馬場駅,3,10.00,151619.57,98445.68,276,1447,1,0.1126397733969971
https://suumo.jp/chintai/jnc_000106467531/?bc=100505898784,Ａｋｉｓ　Ｃｏｕｒｔ,東京都豊島区高田３,120000.0,10000.0,120000.0,120000.0,3,1K,24.73,22,3,高田馬場駅,4,11.00,151619.57,98445.68,276,1447,1,0.13282251022893554
https://suumo.jp/chintai/jnc_000107096487/?bc=100506539444,トーシンフェニックス目白,東京都新宿区下落合２,99000.0,10000.0,99000.0,99000.0,4,1K,23.85,25,4,高田馬場駅,8,10.00,151619.57,98445.68,276,1447,1,0.13571123478759378
https://suumo.jp/chintai/jnc_000106466800/?bc=100505555915,ＪＲ山手線 高田馬場駅 2階建 築14年,東京都新宿区高田馬場４,64000.0,3000.0,64000.0,64000.0,1,1R,9.38,14,2,高田馬場駅,5,9.67,151619.57,82826.39,276,879,1,0.09008088373879664
https://suumo.jp/chintai/jnc_000105778865/?bc=100506527235,ルクレ高田馬場,東京都新宿区高田馬場３,170000.0,15000.0,,,5,2K,30.35,7,6,高田馬場駅,5,10.00,151619.57,136763.16,276,114,1,0.04121157202047193
https://suumo.jp/chintai/jnc_000107068667/?bc=100506088796,ブランシエラおとめ山公園,東京都新宿区下落合２,290000.0,10000.0,580000.0,290000.0,4,2LDK,49.63,13,7,高田馬場駅,7,9.33,151619.57,243512.76,276,392,1,0.0800017119814781
https://suumo.jp/chintai/jnc_000107003809/?bc=100463603351,コーポアルプ,東京都新宿区高田馬場４,68000.0,6500.0,68000.0,68000.0,4,1R,19.23,40,5,高田馬場駅,2,7.33,151619.57,82826.39,276,879,1,0.07539489803647609
https://suumo.jp/chintai/jnc_000107026573/?bc=100506185012,コーポアルプ,東京都新宿区高田馬場４,90000.0,6500.0,90000.0,90000.0,1,1DK,30.48,40,5,高田馬場駅,2,7.33,151619.57,130743.78,276,402,1,0.11967940791502796
https://suumo.jp/chintai/jnc_000106996086/?bc=100503330813,パークシティ高田馬場,東京都新宿区高田馬場４,380000.0,30000.0,570000.0,190000.0,7,2LDK,64.87,2,14,高田馬場駅,7,11.33,151619.57,243512.76,276,392,-1,-0.021586237480474724
https://suumo.jp/chintai/jnc_000106508087/?bc=100503073204,ルクレ高田馬場,東京都新宿区高田馬場３,171000.0,15000.0,,171000.0,3,2K,30.35,7,6,高田馬場駅,5,10.00,151619.57,136763.16,276,114,1,0.04325382334491307
https://suumo.jp/chintai/jnc_000088368361/?bc=100505305427,ルクレ高田馬場,東京都新宿区高田馬場３,153000.0,15000.0,,,2,2K,30.04,7,6,高田馬場駅,5,10.00,151619.57,136763.16,276,114,1,0.045963548299363555
https://suumo.jp/chintai/jnc_000102942553/?bc=100232427124,amut,東京都新宿区高田馬場４,94000.0,3000.0,,,1,1R,26.91,13,2,高田馬場駅,7,12.67,151619.57,82826.39,276,879,1,0.09077978763357902
https://suumo.jp/chintai/jnc_000106248869/?bc=100501993880,コンシェリア目白 THE GRAND RESIDENCE,東京都新宿区下落合２,120000.0,10000.0,120000.0,120000.0,3,1K,26.1,10,5,高田馬場駅,6,8.33,151619.57,98445.68,276,1447,1,0.13844296536845868
https://suumo.jp/chintai/jnc_000049347148/?bc=100503804348,カーサ戸辺,東京都新宿区高田馬場４,83000.0,2000.0,83000.0,83000.0,2,1K,25.55,36,3,高田馬場駅,6,11.33,151619.57,98445.68,276,1447,1,0.12188678054973873
https://suumo.jp/chintai/jnc_000106439416/?bc=100501601362,アリーチェ高田馬場,東京都新宿区高田馬場３,91000.0,10000.0,91000.0,91000.0,4,1K,19.67,18,5,高田馬場駅,6,14.00,151619.57,98445.68,276,1447,1,0.11883671216122532
https://suumo.jp/chintai/jnc_000106881748/?bc=100504656175,リヴアンフルール,東京都新宿区下落合１,144000.0,10000.0,144000.0,144000.0,2,1R,29.93,0,7,高田馬場駅,8,11.67,151619.57,82826.39,276,879,1,0.0763231974032893
https://suumo.jp/chintai/jnc_000106515268/?bc=100502131489,ＪＲ山手線 高田馬場駅 地下1地上5階建 築7年,東京都新宿区高田馬場３,169000.0,15000.0,,169000.0,2,1K,30.38,7,6,高田馬場駅,5,11.33,151619.57,98445.68,276,1447,1,0.12189252361371894
https://suumo.jp/chintai/jnc_000079885335/?bc=100498171670,クラウドパーク,東京都新宿区高田馬場３,265000.0,10000.0,265000.0,265000.0,1,2LDK,62.53,4,3,高田馬場駅,7,12.00,151619.57,243512.76,276,392,1,0.07078085288286284
https://suumo.jp/chintai/jnc_000106854241/?bc=100504645944,アリーチェ高田馬場,東京都新宿区高田馬場３,83000.0,10000.0,83000.0,83000.0,2,1K,19.77,18,5,高田馬場駅,6,14.00,151619.57,98445.68,276,1447,1,0.12190712670783205
https://suumo.jp/chintai/jnc_000106924761/?bc=100505065069,トーシンフェニックス高田馬場弐番館,東京都新宿区高田馬場４,87000.0,10000.0,87000.0,,3,1K,21.05,20,5,高田馬場駅,10,11.00,151619.57,98445.68,276,1447,1,0.13558217501186787
https://suumo.jp/chintai/jnc_000106555585/?bc=100505676198,ヴェルデュール高田馬場,東京都新宿区高田馬場４,177000.0,8000.0,177000.0,265500.0,13,1DK,30.98,10,13,高田馬場駅,8,8.67,151619.57,130743.78,276,402,1,0.06653540591814755
https://suumo.jp/chintai/jnc_000106959782/?bc=100505669941,パークアクシス高田馬場,東京都豊島区高田３,180000.0,10000.0,180000.0,180000.0,4,1LDK,34.08,18,14,高田馬場駅,5,10.33,151619.57,170377.07,276,811,1,0.08078318017378444
https://suumo.jp/chintai/jnc_000107215515/?bc=100507002478,シーフォルム高田馬場2,東京都新宿区下落合１,173000.0,10000.0,173000.0,173000.0,4,1DK,26.73,2,8,高田馬場駅,3,8.33,151619.57,130743.78,276,402,1,0.1321568140806202
https://suumo.jp/chintai/jnc_000103717081/?bc=100480115284,ルクレ高田馬場,東京都新宿区高田馬場３,167000.0,15000.0,,,1,2K,30.04,7,6,高田馬場駅,5,10.00,151619.57,136763.16,276,114,1,0.04039838812142832
https://suumo.jp/chintai/jnc_000107045060/?bc=100506373996,ヴェルデュール高田馬場,東京都新宿区高田馬場４,167000.0,8000.0,167000.0,250500.0,13,1DK,30.98,10,13,高田馬場駅,8,8.67,151619.57,130743.78,276,402,1,0.06972508761091306
https://suumo.jp/chintai/jnc_000106439421/?bc=100501624007,東京メトロ東西線 高田馬場駅 2階建 築14年,東京都新宿区高田馬場４,67000.0,3000.0,,,2,1R,12.0,14,2,高田馬場駅,5,9.00,151619.57,82826.39,276,879,1,0.0973196063645903
https://suumo.jp/chintai/jnc_000107052875/?bc=100505984790,パラシオ,東京都新宿区高田馬場３,90000.0,3000.0,90000.0,90000.0,3,1K,21.11,12,3,高田馬場駅,5,11.00,151619.57,98445.68,276,1447,1,0.13477365459080742
https://suumo.jp/chintai/jnc_000106719660/?bc=100505993612,ＪＲ山手線 高田馬場駅 地下1地上11階建 築25年,東京都新宿区下落合２,83000.0,9000.0,83000.0,83000.0,9,1K,18.14,25,12,高田馬場駅,7,9.67,151619.57,98445.68,276,1447,1,0.06643564242785638
https://suumo.jp/chintai/jnc_000106439414/?bc=100501740443,安本共同住宅,東京都新宿区高田馬場３,68000.0,,68000.0,,3,1K,22.0,48,3,高田馬場駅,8,11.33,151619.57,98445.68,276,1447,1,0.11937868199743917
https://suumo.jp/chintai/jnc_000106466802/?bc=100495983648,コーポアルプ,東京都新宿区高田馬場４,95000.0,6500.0,95000.0,95000.0,1,1DK,30.48,40,5,高田馬場駅,2,7.33,151619.57,130743.78,276,402,1,0.11976810669145893
https://suumo.jp/chintai/jnc_000104531816/?bc=100487238738,Ｋｏｌｅｔ高田馬場,東京都新宿区高田馬場３,390000.0,,390000.0,,1,1SLDK,75.96,4,3,高田馬場駅,8,11.33,151619.57,231590.91,276,33,-1,-0.011345294642340575
https://suumo.jp/chintai/jnc_000104531816/?bc=100487238738,Ｋｏｌｅｔ高田馬場,東京都新宿区高田馬場３,390000.0,,390000.0,,2,1SLDK,75.96,4,3,高田馬場駅,8,11.33,151619.57,231590.91,276,33,-1,-0.008648206890106813
https://suumo.jp/chintai/jnc_000104531816/?bc=100487238738,Ｋｏｌｅｔ高田馬場,東京都新宿区高田馬場３,390000.0,,390000.0,,3,1SLDK,75.96,4,3,高田馬場駅,8,11.33,151619.57,231590.91,276,33,-1,-0.010299756134384719
https://suumo.jp/chintai/jnc_000107045036/?bc=100506680417,SYFORME　TAKADANOBABAII,東京都新宿区下落合１,173000.0,10000.0,173000.0,173000.0,4,1DK,26.73,2,8,高田馬場駅,3,8.33,151619.57,130743.78,276,402,1,0.1321568140806202
https://suumo.jp/chintai/jnc_000106260253/?bc=100501752130,ＪＲ山手線 高田馬場駅 7階建 築14年,東京都新宿区高田馬場４,100000.0,10000.0,,100000.0,6,1K,20.75,14,7,高田馬場駅,9,10.67,151619.57,98445.68,276,1447,1,0.11295810288201363
https://suumo.jp/chintai/jnc_000107188879/?bc=100502643242,ＪＲ山手線 高田馬場駅 13階建 築10年,東京都新宿区高田馬場４,157000.0,8000.0,157000.0,235500.0,13,1DK,30.98,10,13,高田馬場駅,8,8.67,151619.57,130743.78,276,402,1,0.07188444853627124
https://suumo.jp/chintai/jnc_000106613491/?bc=100503316213,ＪＲ山手線 高田馬場駅 5階建 築23年,東京都新宿区高田馬場４,82000.0,10000.0,82000.0,82000.0,1,1K,20.52,23,5,高田馬場駅,9,11.67,151619.57,98445.68,276,1447,1,0.13081819363724945
https://suumo.jp/chintai/jnc_000106014024/?bc=100499997895,ＪＲ山手線 高田馬場駅 5階建 築22年,東京都新宿区高田馬場４,94000.0,5000.0,94000.0,94000.0,3,1K,22.27,22,5,高田馬場駅,10,12.33,151619.57,98445.68,276,1447,1,0.12995983009165474
https://suumo.jp/chintai/jnc_000104540964/?bc=100486432730,Ｋｏｌｅｔ高田馬場,東京都新宿区高田馬場３,390000.0,,390000.0,,1,1SLDK,75.96,4,3,高田馬場駅,8,11.33,151619.57,231590.91,276,33,-1,-0.011345294642340575
https://suumo.jp/chintai/jnc_000106182834/?bc=100503558725,ＪＲ山手線 高田馬場駅 5階建 築22年,東京都新宿区高田馬場４,83000.0,8000.0,,,2,1K,22.63,22,5,高田馬場駅,10,12.33,151619.57,98445.68,276,1447,1,0.1341035515270142
https://suumo.jp/chintai/jnc_000106627937/?bc=100502890574,ＪＲ山手線 高田馬場駅 5階建 築10年,東京都新宿区上落合２,120000.0,15000.0,,120000.0,4,1K,27.83,10,5,高田馬場駅,5,8.33,151619.57,98445.68,276,1447,1,0.12055121545218422
https://suumo.jp/chintai/jnc_000107169527/?bc=100506616911,過足荘,東京都新宿区高田馬場３,55000.0,,55000.0,55000.0,1,1K,15.6,62,2,高田馬場駅,9,13.00,151619.57,98445.68,276,1447,1,0.062086891326100846
https://suumo.jp/chintai/jnc_000102220159/?bc=100505666279,フルール　アベニール,東京都新宿区高田馬場４,225000.0,10000.0,,450000.0,1,1SLDK,53.39,0,3,高田馬場駅,8,12.33,151619.57,231590.91,276,33,1,0.05568195152536093
https://suumo.jp/chintai/jnc_000107169525/?bc=100506803804,ラ・フィーヌ,東京都新宿区高田馬場３,69000.0,,69000.0,,2,1R,19.0,38,3,高田馬場駅,5,12.00,151619.57,82826.39,276,879,1,0.11164497698888104
https://suumo.jp/chintai/jnc_000107032753/?bc=100505857391,ＪＲ山手線 高田馬場駅 2階建 築8年,東京都新宿区高田馬場３,73000.0,4000.0,,73000.0,1,1R,10.2,8,2,高田馬場駅,9,12.33,151619.57,82826.39,276,879,1,0.08949259004950005
https://suumo.jp/chintai/jnc_000107203605/?bc=100503804389,ＪＲ山手線 高田馬場駅 2階建 築10年,東京都新宿区下落合１,68000.0,3000.0,,,1,1R,9.78,10,2,高田馬場駅,4,8.67,151619.57,82826.39,276,879,1,0.08089702872093202
https://suumo.jp/chintai/jnc_000106053183/?bc=100498589378,高田馬場4丁目貸家,東京都新宿区高田馬場４,340000.0,,340000.0,340000.0,1,3LDK,74.39,10,2,高田馬場駅,7,11.67,151619.57,281205.13,276,156,-1,-0.002432513574424533
https://suumo.jp/chintai/jnc_000106053183/?bc=100498589378,高田馬場4丁目貸家,東京都新宿区高田馬場４,340000.0,,340000.0,340000.0,2,3LDK,74.39,10,2,高田馬場駅,7,11.67,151619.57,281205.13,276,156,1,0.004351188445517962
https://suumo.jp/chintai/jnc_000106072737/?bc=100498543015,高田馬場4丁目貸家,東京都新宿区高田馬場４,340000.0,,340000.0,340000.0,1,3LDK,74.39,10,2,高田馬場駅,7,11.67,151619.57,281205.13,276,156,-1,-0.002432513574424533
https://suumo.jp/chintai/jnc_000106592312/?bc=100502585401,My Style 高田馬場壱番館,東京都新宿区高田馬場４,144000.0,3000.0,,144000.0,2,1LDK,32.25,4,3,高田馬場駅,6,12.00,151619.57,170377.07,276,811,1,0.08335642007876087
https://suumo.jp/chintai/jnc_000106500611/?bc=100428895940,シャトレーン,東京都新宿区高田馬場４,132000.0,10000.0,132000.0,198000.0,1,1DK,30.11,9,3,高田馬場駅,4,10.67,151619.57,130743.78,276,402,1,0.1474014557504243
https://suumo.jp/chintai/jnc_000105688448/?bc=100495363221,OFF STREET,東京都新宿区高田馬場４,125000.0,5000.0,125000.0,125000.0,2,1K,24.57,4,3,高田馬場駅,5,10.67,151619.57,98445.68,276,1447,1,0.1423182622484097
https://suumo.jp/chintai/jnc_000106182824/?bc=100503764011,東京メトロ東西線 高田馬場駅 7階建 新築,東京都新宿区下落合１,156000.0,10000.0,156000.0,156000.0,5,1DK,30.95,0,7,高田馬場駅,7,11.33,151619.57,130743.78,276,402,1,0.14618833766507106
https://suumo.jp/chintai/jnc_000107087707/?bc=100506134275,PASEO高田馬場III,東京都新宿区高田馬場３,125000.0,20000.0,125000.0,125000.0,1,1K,25.04,5,4,高田馬場駅,7,9.33,151619.57,98445.68,276,1447,1,0.10324824455822257
https://suumo.jp/chintai/jnc_000105838415/?bc=100497693164,パークハウス高田馬場公園アーバンス,東京都新宿区高田馬場４,200000.0,9000.0,200000.0,200000.0,1,1LDK,44.74,21,6,高田馬場駅,3,9.67,151619.57,170377.07,276,811,1,0.09179406913453192
https://suumo.jp/chintai/jnc_000107096493/?bc=100506782946,ドムス・スタイル高田馬場,東京都新宿区高田馬場３,220000.0,15000.0,,220000.0,2,1LDK,42.03,7,10,高田馬場駅,3,9.67,151619.57,170377.07,276,811,1,0.07454247560690302
https://suumo.jp/chintai/jnc_000105257442/?bc=100491951017,ＪＲ山手線 高田馬場駅 4階建 築55年,東京都新宿区高田馬場３,75000.0,,75000.0,75000.0,2,1K,20.06,55,4,高田馬場駅,5,9.67,151619.57,98445.68,276,1447,1,0.10749930383042627
https://suumo.jp/chintai/jnc_000106959781/?bc=100505627269,パークアクシス高田馬場,東京都豊島区高田３,208000.0,10000.0,208000.0,208000.0,12,1LDK,39.05,18,14,高田馬場駅,5,10.33,151619.57,170377.07,276,811,1,0.030154869319235167
https://suumo.jp/chintai/jnc_000105812995/?bc=100497047143,ミュプレ高田馬場,東京都豊島区高田３,145000.0,10000.0,145000.0,145000.0,3,1R,25.71,4,12,高田馬場駅,5,10.67,151619.57,82826.39,276,879,1,0.07590518979173622
